S31508000000902800209D010008B1320008BD2E000886
S3150800001081320008ED090008DD46000800000000EE
S31508000020000000000000000000000000793D000804
S31508000030AD0A000800000000D5320008814000081B
S31508000040B7010008B7010008B7010008B7010008A2
S31508000050B7010008B7010008B7010008B701000892
S31508000060B7010008B7010008B7010008B701000882
S31508000070F1090008B7010008FD090008B7010008E2
S31508000080B7010008B7010008B7010008B701000862
S31508000090B7010008B7010008B7010008B701000852
S315080000A0B7010008B7010008B7010008B701000842
S315080000B0B7010008B701000829410008B701000880
S315080000C0B7010008B7010008B7010008B701000822
S315080000D0B7010008C5460008B7010008D146000860
S315080000E0B7010008B7010008B7010008B701000802
S315080000F0B7010008B7010008B7010008B7010008F2
S31508000100B701000809330008B7010008B70100085D
S31508000110B7010008B7010008B7010008B7010008D1
S31508000120B7010008B7010008B7010008B7010008C1
S31508000130B7010008B7010008B7010008B7010008B1
S31508000140B7010008B7010008B7010008B7010008A1
S31508000150B7010008B7010008B7010008B701000891
S31508000160B7010008B7010008B7010008B701000881
S31508000170B7010008B7010008B70100080000000031
S31508000180B7010008B7010008DFF80CD000F0BAFA8A
S31508000190004800478DA6000890280020064880479A
S315080001A006480047FEE7FEE7FEE7FEE7FEE7FEE74E
S315080001B0FEE7FEE7FEE7FEE71941000889010008A9
S315080001C02DE9F05F0546002092469B46884606467E
S315080001D0814640241BE0284641464746224600F011
S315080001E0C9F853465A46C01A914110D311461846C3
S315080001F0224600F0B0F82D1A67EB01084F46224652
S315080002000120002100F0A7F817EB00094E41201E37
S31508000210A4F10104DFDC484631462A464346BDE8D8
S31508000220F09F40EA01039B0703D009E008C9121FA3
S3150800023008C0042AFAD203E011F8013B00F8013B92
S31508000240521EF9D27047D2B201E000F8012B491EBE
S31508000250FBD270470022F6E710B513460A46044655
S315080002601946FFF7F0FF204610BD10B5044604E016
S315080002700B7800F8013B03B1491C521EF8D2204600
S3150800028010BDCAB2401E10F8011F8A4202D00029CA
S31508000290F9D100207047421C10F8011B0029FBD138
S315080002A0801A704710B5002200E0521C835C8C5CF3
S315080002B0A34201D1002BF8D1D8B2E1B2401A10BD41
S315080002C030B504460020034600E05B1C934203D287
S315080002D0E05CCD5C401BF8D030BD034611F8012B1D
S315080002E000F8012B002AF9D11846704730B50346A5
S315080002F01D783DB10A4612F8014B1CB1AC42FAD141
S315080003005B1CF5E7181A30BD30B50546002008E035
S315080003100A4602E0A34207D0521C1378002BF9D1F3
S31508000320401C2C5C002CF3D130BD30B50B46014681
S3150800033000202022012409E021FA02F59D4205D376
S3150800034003FA02F5491B04FA02F52844151EA2F120
S315080003500102F1DC30BD202A04DB203A00FA02F162
S31508000360002070479140C2F1200320FA03F3194395
S3150800037090407047202A04DB203A21FA02F0002137
S31508000380704721FA02F3D040C2F120029140084397
S31508000390194670472DE9FE4F804681EA0300C00FD3
S315080003A00C46009021F0004123F00045B8EB02000E
S315080003B0A94105D24046214690461C460B460246B0
S315080003C023F00040104347D0270DC7F30A00C3F3B4
S315080003D00A510290401A019040286BDAC3F31300C1
S315080003E040F4801B0098924620B10023D2EB030A02
S315080003F063EB0B0B01985946C0F140025046FFF7D4
S31508000400AAFF06460D4650465946019A00F08CF951
S3150800041010EB08006141002487EA115284EAE77369
S315080004201A4340D0009A62B3019A012A4FEA07524A
S3150800043015DC001B61EB02014FF0004202EA07528D
S31508000440CDE90042001C41F5801132462B4600F0EA
S315080004508CF903B0BDE8F08F40462146F9E7001B4A
S3150800046061EB0201001C41F5801300185B4120185E
S31508000470A2F5001747EB030140EAD570B6196D419E
S3150800048011E06D084FEA360645EAC0754FEA07528D
S31508000490001B61EB0201001C41F5801149084FEA77
S315080004A030000019514132462B4603B0BDE8F04FE3
S315080004B000F04CB90098012240000023D0EB02025C
S315080004C063EBE073009821464FEAE074B8EB00004E
S315080004D061EB0401E9E783F000435BE781F0004143
S315080004E058E72DE9FE4F81EA030404F0004421F0A1
S315080004F0004100944FF0000B23F0004350EA01043A
S315080005005ED052EA03045BD0C3F30A54C1F30A551A
S315080005102C44A4F2F3340194A0FB0254C1F3130152
S3150800052041F48011C3F3130343F4801301FB02441F
S3150800053000FB034E840A970A44EA815447EA835724
S31508000540A4FB076802958D0A05FB07854FEA932CDD
S3150800055004FB0C542705029D4FEA065847EA16374E
S31508000560B5EB08056EEB070C870E920E47EA811766
S3150800057042EA8312A7FB0201B6EB0B0164EB000407
S315080005802B0D43EA0C335E1844EB1C50DA465146F1
S31508000590E7FB0201C5F313044FEA0B3343EA14538E
S315080005A04FEA0432019C43EA0603A4F10C040294C0
S315080005B0009CCDE900B400F0D8F803B0BDE8F08F90
S315080005C000200146F9E72DE9F04D81EA030404F01D
S315080005D0004B21F0004514464FF0000A23F0004175
S315080005E050EA050220D054EA01021DD0C5F30A5785
S315080005F00246C5F31303C1F31300C1F30A5640F4C8
S31508000600801543F48013A7EB0608101BD64608F29C
S31508000610FD3873EB050002D308F1010801E09218D2
S315080006205B41B8F1000F03DA00200146BDE8F08D02
S3150800063000204FF48011064684460EE0171B73EB24
S31508000640050705D3121B63EB050306434CEA010CA9
S3150800065049084FEA300092185B4150EA0107EDD18C
S3150800066052EA030012D082EA040083EA050108432D
S3150800067005D0101BAB4106D20122002306E000225A
S315080006804FF0004302E06FF0010253101AEB060028
S315080006904CEB085110EB0A0041EB0B01BDE8F04D9D
S315080006A000F054B8C1F30A52C1F3130140F2FF3304
S315080006B041F480119A4202DA00200146704740F25E
S315080006C033439A42A2F2334202DC5242FFF752BE49
S315080006D0FFF741BE30B5041E71F1000404DB4FF08C
S315080006E00044404264EB0101141E73F1000405DB6B
S315080006F01C464FF00043524263EB0403994208BF7D
S31508000700904230BD064C074D06E0E06840F0010314
S3150800071094E8070098471034AC42F6D3FFF738FD43
S31508000720E018010800190108202A06DBCB17203A31
S3150800073041FA02F043EAE07306E041FA02F3D040D8
S31508000740C2F12002914008431946704710B5141E9D
S3150800075073F1000408DA401C41F1000192185B416C
S315080007601A4301D120F0010010BD2DE9F04D924643
S315080007709B4611B1B1FA81F202E0B0FA80F220325A
S315080007809046FFF7E8FD04460F4640EA0A0041EAAC
S315080007900B0153465A46084313D0114653EA010043
S315080007A019D0C8F140025046FFF7E4FD05460E464B
S315080007B0504659464246FFF7CEFD084305D001206C
S315080007C004E020463946BDE8F08D0020054346EA98
S315080007D0E0762C4337430A986305E40AA0EB080041
S315080007E00022FD0A44EA47540A3002D50020014691
S315080007F0E9E7010510196941DDE90845001969416C
S31508000800BDE8F04DA2E770B58C1810F8015B15F03D
S31508000810070301D110F8013B2A1106D110F8012B64
S3150800082003E010F8016B01F8016B5B1EF9D12B0789
S3150800083005D40023521E0DD401F8013BFAE710F83F
S31508000840013BCB1A921C03E013F8015B01F8015B2C
S31508000850521EF9D5A142D8D3002070BD1CB5134845
S31508000860002240680189CDE90012C38811460F4865
S3150800087005F0D7F900234FF6FF7201210B4805F062
S31508000880F7FA0A220AA31146084805F085FA0AA3C8
S3150800089028220A21054805F07FFA02B03C22BDE865
S315080008A0104009A30A21014805F076BA2C00002059
S315080008B041626F757400000056657273696F6E3A0F
S315080008C020312E3000000000446174653A20323031
S315080008D032342F303900000010B504F0A7FCBDE80B
S315080008E01040002004F0C6BC10B504F0A8FCBDE812
S315080008F01040002004F0BEBC7047000001460148C5
S3150800090000F0F6BFCC06002010B5044801F002F846
S31508000910042801D0012010BD002010BDCC060020FF
S3150800092010B500F00BF8012801D0012010BDBDE874
S315080009301040014801F00CB9CC06002008B501208A
S315080009408DF800009DF8000008BD000038B50024A9
S31508000950009313460A460146034801F0AFF900B171
S315080009600124204638BD0000CC0600207047000050
S3150800097038B50024009313460A460146034801F099
S3150800098095FA00B10124204638BD0000CC060020A7
S315080009907047000010B510A003F0A2FE04F046FC54
S315080009A04FF4FA74204600F0A2FA05F045FB2046FB
S315080009B000F09DFA05F038FB05F054FB204600F0E0
S315080009C096FA05F047FB05F063FB204600F08FFA20
S315080009D0BDE8104005F054BB417070206D61696E2A
S315080009E020737461727465640D0A0000FEE70000E6
S315080009F0014800F00BB9000038090020014800F052
S31508000A0005B90000D808002001681823CAB2103AB0
S31508000A10B2FBF3F2054B6FF30901032A9B5CC3652E
S31508000A2000D9091D8165084670470000E0080108DD
S31508000A3010B5014600208B698A6A4FF0C07453B11D
S31508000A40B3F5005F15D072B1012A0CD0022A0AD07C
S31508000A50032A09D104E01AB1012A06D0022A03D1D1
S31508000A60C96AC90100D5012010BDC96AA142FAD0D8
S31508000A7010BD002AF7D0012AF2D0022AF3D0032AA1
S31508000A80F3D010BD30B50468256825F480252560A7
S31508000A90046863608368402B036803D09960006824
S31508000AA0C26030BD9A600068C16030BD7047000002
S31508000AB003490878002801D0401E087070470000D6
S31508000AC0C00300207FB5002400948DF80000F620AE
S31508000AD08DF8010001948DF80210100A8DF8042093
S31508000AE0089D8DF803008DF805308DF806506B20AB
S31508000AF08DF807000294039408226946014802F01B
S31508000B0097F97FBD9008002072B6FEE7002200F034
S31508000B1001B8000030B50E4B054601205C7A002C62
S31508000B2014D1587A1C54587A03EB800045605D7AD4
S31508000B3003F108002A54587A421C5A723030087059
S31508000B403A2048702F208870CC70002030BD0000F5
S31508000B50980900202DE9F0410446876D00F0C0FA97
S31508000B60054694F835000026022806D080206065E0
S31508000B7084F834600120BDE8F0812068016821F01E
S31508000B80160101602068416921F080014161206CED
S31508000B9008B9A06C20B12068016821F0080101603D
S31508000BA02068016821F0010101600CE000F098FA64
S31508000BB0401B052807D920206065032084F83500E6
S31508000BC084F83460D7E720680068C007EED194F847
S31508000BD05C103F208840B860012084F8350084F80E
S31508000BE034600020C7E790F83510022903D0802129
S31508000BF0416501207047052180F8351000680168B5
S31508000C0021F0010101600020704700002DE9F8433A
S31508000C1004464FF00009CDF8009063484FF416518A
S31508000C20A56D0068B0FBF1F72E6894F85C200821E2
S31508000C3001FA02F030420FD02068026852070BD53D
S31508000C40026822F00402026094F85C008140A96000
S31508000C50606D40F00100606594F85C104FF0010883
S31508000C6008FA01F0304208D021684969090604D516
S31508000C70A860606D40F00200606594F85C1004207E
S31508000C808840304208D021680968890704D5A860D9
S31508000C90606D40F00400606594F85C101020884090
S31508000CA0304218D021680968090714D5A860206859
S31508000CB00168490304D50068000308D5A16C07E05C
S31508000CC00168C90503D4016821F008010160216C97
S31508000CD009B12046884794F85C10202088403042A5
S31508000CE031D021680968C9062DD5A86094F8350061
S31508000CF005282068016806D0490347D5006800031F
S31508000D001DD4616C1CE021F0160101602068416960
S31508000D1021F080014161206C08B9A06C20B12068DF
S31508000D20016821F00801016094F85C103F208840B2
S31508000D30A86084F8358084F83490216D1FE0E16B53
S31508000D4009B120468847606D00282BD0606DC00722
S31508000D5014D0052084F835002068016821F00101C7
S31508000D6001600098401C0090B84203D820680068CB
S31508000D70C007F6D184F8358084F83490E16C0029F0
S31508000D8010D001B02046BDE8F04308470168C90500
S31508000D90D5D4016821F01001016084F8358084F803
S31508000DA03490CCE7BDE8F883580000202DE9F041DF
S31508000DB0044600F095F905465CB1022084F8350032
S31508000DC0002684F834602068016821F0010101607A
S31508000DD00DE00120BDE8F08100F082F9401B0528EE
S31508000DE005D920206065032084F83500F2E72068DD
S31508000DF00068C007F0D121680A6820480240D4E993
S31508000E0001031843D4E903352B4318436369184390
S31508000E10A3691843E3691843236A18431043626AAF
S31508000E20042A03D1D4E90B231A4310430860206827
S31508000E304069656A20F0070128460D430127042802
S31508000E400CD1A06A0543E06A40B12046FFF7F0FDE1
S31508000E5020B14020606584F83570BAE7206845619E
S31508000E602046FFF7D1FD94F85C203F219140816030
S31508000E70666584F835700020ACE700003F8010F006
S31508000E802DE9F0410446866D90F8340000250128C6
S31508000E900DD0012084F8340094F835700020012F15
S31508000EA007D084F8340002252846BDE8F0810220E0
S31508000EB0FBE7022784F8357060652046FFF7E2FDF8
S31508000EC094F85C103F208840B0602068016841F0C3
S31508000ED016010160206C20B12068016841F0080104
S31508000EE001602068016841F001010160DCE780B219
S31508000EF004F0B2BA2DE9F84FDFF89C910022A9F167
S31508000F00040B03274FF00F0C09F1040AABF1040E8A
S31508000F1001250B6895402B40AB426ED10C7904F045
S31508000F200304012C01D0022C15D18668540007FA57
S31508000F3004F826EA0806D1F80C8008FA04F848EA04
S31508000F400608C0F808804468AC430D79C5F3001557
S31508000F509540254345600C79E443A40708D0C56845
S31508000F60540007FA04F6B5438E68A6402E43C660B9
S31508000F700C7904F00304022C11D1D40800EB840682
S31508000F80356A5407E40E0CFA04F825EA0805D1F880
S31508000F90108008FA04F848EA0508C6F820800568AB
S31508000FA0540007FA04F6B5430E7906F00306A64080
S31508000FB02E4306604C6814F4403F66D0374C2568CB
S31508000FC045F480452560246822F0030504F480442E
S31508000FD00094334C05EB0408D8F808589407260FF4
S31508000FE00CFA06F4A5432F4CA04201D1002424E0B4
S31508000FF02D4CA04202D101241FE046E02B4CA04212
S3150800100001D1022419E02A4CA04201D1032414E09C
S31508001010284CA04201D104240FE0274CA04201D15C
S3150800102005240AE0254CA04201D1062405E0244CFB
S31508001030A04201D1072400E00824B4402C43C8F894
S315080010400848D9F800404D464E689C43F60200D53C
S315080010501C432C60DAF8004055464E689C43B6029D
S3150800106000D51C432C60DBF800405D464E689C4367
S31508001070B60300D51C432C60DEF8004075464E6862
S315080010809C43F60300D51C432C60521C102AFFF41F
S315080010903FAFBDE8F88F0000083C014044380240E5
S315080010A000300140000002400004024000080240EF
S315080010B0000C0240001002400014024000180240D2
S315080010C0001C0240426921EA02030A4043EA02413F
S315080010D0816170470AB1816170470904FBE7000026
S315080010E00148806870470000EC00002002488168CB
S315080010F00278114481607047EC0000200B4810B557
S31508001100016841F400710160016841F48061016081
S31508001110016841F480710160032000F06FF80F2028
S3150800112000F006F800F024F8002010BD003C02404C
S3150800113070B50D4D04464FF47A712878B1FBF0F07E
S315080011400A490968B1FBF0F001F08BFA48B9102C8E
S3150800115007D200222146501E00F030F800206C60AD
S3150800116070BD012070BD0000EC0000205800002072
S315080011700A4808B5016841F480410160006800F436
S31508001180804000900548001F016841F080510160C9
S31508001190006800F08050009008BD00004438024006
S315080011A0002809DB00F01F02012191404009800058
S315080011B000F1E020C0F8001170470000F0B40E4BB3
S315080011C01B68C3F30223C3F10704042C00D90424C3
S315080011D01D1D072D01D2002300E0DB1E012606FA9D
S315080011E004F56D1E0D409D409E40761E164045EA4C
S315080011F00601F0BC03F09ABA0CED00E0064A00F0CE
S31508001200070110684FF6FF03184040EA012003491A
S3150800121008431060704700000CED00E00000FA0576
S315080012202DE9F0470D46040065D0DFF81491D9F88A
S315080012300000EFB200F00700A84207D289F8007054
S31508001240D9F8000000F00700A84254D120683D4EA6
S31508001250810712D5400703D5306840F4E050306066
S315080012602078000703D5306840F460403060306865
S31508001270A16820F0F000084330602078C0072DD020
S31508001280304960680839012812D0022813D003288B
S3150800129011D00968890700292DDA316821F0030180
S315080012A001433160FFF71CFF804641F2883A0EE0A1
S315080012B009688903EFE709688901ECE7FFF710FF7A
S315080012C0A0EB0801514502D90320BDE8F087306834
S315080012D0616800F00C00B0EB810FEFD1D9F800106F
S315080012E0484601F00701A94207D90770006800F0CF
S315080012F00700A84201D00120E7E72078400705D576
S315080013003068E16820F4E050084330602078000730
S3150800131006D53068216920F4604040EAC100306093
S3150800132000F038F83168084AC1F30311515CC84027
S315080013300649086006480068FFF7FAFE0020C4E779
S31508001340003C02400838024094D4000858000020A7
S31508001350F00000200448054900680968044AC1F3FA
S315080013608221515CC8407047580000200838024066
S31508001370A4D400080448054900680968044AC1F36A
S315080013804231515CC8407047580000200838024076
S31508001390A4D40008154810B5006810F00C011448CC
S315080013A013D0431004290FD008290ED10F4C241F3F
S315080013B0216801F03F022168490207D52068C0F379
S315080013C08810A0FB030106E0184610BD2168C1F38A
S315080013D08811A1FB00010023FEF7F2FE2168C1F384
S315080013E00141491C4900B0FBF1F010BD0838024024
S315080013F00024F4002DE9F84F040075D02078DFF8B2
S3150800140038A3C007AAF1040548D00AF10400016808
S31508001410C1F38101012908D00068C0F381000228C0
S315080014200AD1DAF80000400206D52868800335D5C7
S3150800143060680028E1D031E06068B0F5803F10D0E0
S31508001440B0F5A02F286810D020F4803028602868CE
S3150800145020F4802028606068A0B1FFF741FE0646A8
S315080014600CE0286840F48030F4E740F480202860D7
S31508001470F7E7FFF735FE801B642871D828688003D4
S31508001480F7D50BE0FFF72CFE064604E0FFF728FE2B
S31508001490801B6428F1D828688003F7D42078DFF801
S315080014A09C9280074FF0000B3DD5A348001D0168AC
S315080014B011F00C0F08D00068C0F3810002280AD189
S315080014C0DAF80000400206D42868800715D5E068D7
S315080014D0012809D111E0E068B8B10120C9F8000077
S315080014E0FFF7FEFD064605E022E1FFF7F9FD801B42
S315080014F00228C2D828688007F7D52868216920F00D
S31508001500F80040EAC10028600DE0C9F800B0FFF70E
S31508001510E7FD064604E0FFF7E3FD801B02281FD817
S3150800152028688007F7D42078000722D5824F844898
S315080015306169703771B101210160FFF7D1FD064677
S3150800154004E0FFF7CDFD801B022809D8386880071C
S31508001550F7D50EE0C0F800B0FFF7C2FD064605E075
S3150800156082E0FFF7BDFD801B02287DD8386880071A
S31508001570F7D42078400765D56F484FF000083C300F
S315080015800068C0000BD46C483C30016841F08051BB
S31508001590016000684FF0010800F080500090694F24
S315080015A03868C0050FD4386840F480703860FFF793
S315080015B097FD064604E0FFF793FD801B022853D8E3
S315080015C03868C005F7D55C4FA0686C3701280FD07E
S315080015D00528386810D020F001003860386820F0F7
S315080015E004003860A068B0B1FFF77AFD06460EE041
S315080015F0386840F00100F4E740F004003860F7E787
S31508001600FFF76EFD811B41F28830814263D8386846
S315080016108007F5D50DE0FFF763FD064606E0FFF700
S315080016205FFD811B41F28830814254D838688007B3
S31508001630F5D4B8F1000F05D03F483C30016821F0D9
S3150800164080510160A069B8B33B49091D0968C1F317
S315080016508101022946D00228584606D0C9F86000FA
S31508001660FFF73EFD044639E035E04F46C9F860000D
S31508001670FFF736FD064604E0FFF732FD801B022819
S3150800168029D828688001F7D4D4E907010843A16A54
S315080016902D4A490802EB0141626A41EA8211084370
S315080016A094F82C1040EA0161CAF800100120386647
S315080016B0FFF716FD044605E03CE0FFF711FD001BA9
S315080016C0022808D828688001F7D533E0FFF708FD17
S315080016D0001B022802D90320BDE8F88F286880017C
S315080016E0F4D427E00128F7D0DAF80000E26900F41C
S315080016F0800191421CD1226A00F03F01914217D124
S3150800170047F6C071626A0140B1EB821F10D1A26A26
S315080017104FF0FF3300F4403103EB5202B1EB024FB6
S3150800172006D194F82C1000F07060B0EB016F01D070
S315080017300120D1E70020CFE70438024000004742E5
S31508001740800E4742007000400000FFFF10B5FFF70B
S31508001750D3F810BD70470000F0B5426E920F0A70BC
S31508001760426EC2F383624A70426EC2F301628A70A5
S31508001770426E120CCA70B0F86420120A0A7190F808
S3150800178064204A71826E120DCA80826EC2F30342C9
S315080017900A72B0F86820C2F3C0324A72B0F86820FC
S315080017A0C2F380328A72B0F86820C2F34032CA7235
S315080017B0B0F86820C2F300320A7300264E73436CF1
S315080017C04FF40075012463B1012B3AD002684749EA
S315080017D09163816B41F08051816380F83440012028
S315080017E0F0BDB0F86820C36E9205120D42EA9372F6
S315080017F00A61C26EC2F3C2620A75C26EC2F302629F
S315080018004A75C26EC2F342528A75C26EC2F38242EA
S31508001810CA75C26EC2F3C2320A760B695B1C43658F
S315080018200A7E02F00702921C934043650A7A02F088
S315080018300F0704FA07F28265520A5343C0E91735BF
S315080018400EE090F86820C36E9206920A42EA1342A6
S315080018500A610A69521C93024365C0E91653056674
S3150800186030F86C2FC2F3803201F8192F0288C2F3C0
S31508001870C6124A70027802F07F028A704268D20F56
S31508001880CA704268C2F341720A714268C2F3826240
S315080018904A714268C2F383528A714268C2F340525F
S315080018A0CA710E724268C2F300424A728288C2F353
S315080018B0C0328A728288C2F38032CA728288C2F3C0
S315080018C040320A738288C2F300324A738288C2F3AE
S315080018D081228A738288C2F30122CA730079C0F30F
S315080018E0460008744C740020F0BD0000FF05400057
S315080018F0426C0A60826C4A60C26C8A60026DCA6079
S31508001900426D0A61826D4A61C26D8A61006EC86164
S315080019100020704738B5002504460095B0F85000F9
S315080019200104206801F021FE28B90021206801F091
S31508001930E8FC0090284610B1A16B0143A16300980A
S31508001940C0F3432038BD0000F8B5056B04460068AF
S31508001950416B09041BD5290719D5D4E90A56002E67
S3150800196014D00027206801F0EBFC05F8010B010AEA
S3150800197005F8011B010C05F8021B000E361F7F1C1B
S3150800198005F8010C082FEDD3C4E90A56F8BD416BDA
S315080019904FF00007C9054FF0010644D531028163AF
S315080019A02068C16B4CF23A329143C1632068C16A20
S315080019B021F00101C16228071DD515F0220F09D0B3
S315080019C0206801F003FE28B1A16B0143A1632046FC
S315080019D0FFF7C0FE216840F23A50886384F8346005
S315080019E02763A80703D0204600F058FAF8BD20461A
S315080019F000F058FAF8BD2806FCD5A80609D52068CF
S31508001A0001F0E4FD28B1A16B0143A1632046FFF76D
S31508001A10A1FEA807EED12068C16A21F00801C162BB
S31508001A2084F83460E3E7416B490423D5290721D5B7
S31508001A30D4E90856002EDDD0002715F8010B0090D2
S31508001A4015F8011B361F40EA0120009015F8021B05
S31508001A5040EA0140009015F8011C40EA0160009038
S31508001A606946206801F07FFC7F1C082FE5D3C4E98E
S31508001A700856F8BD416B40F23A221142F9D0416B43
S31508001A80890703D5A16B41F00201A163416B0907E0
S31508001A9003D5A16B41F00801A163416B890603D503
S31508001AA0A16B41F02001A163416BC90603D5A16B67
S31508001AB041F01001A163416B890503D5A16B41F083
S31508001AC00801A16340F23A7181632068C16B40F254
S31508001AD03A329143C163206801F078FDA16B08434F
S31508001AE0A063280706D584F8346027632046FFF7E5
S31508001AF031FEF8BD2806FCD515F0300F0CD0E16B89
S31508001B0011480865E06BFFF76EF80028F1D0E06B26
S31508001B10BDE8F84001F020BFA8070CD0216C0B489F
S31508001B200865206CFFF75FF80028E2D0206CBDE856
S31508001B30F84001F0EFBEA76384F8346027632046B7
S31508001B40FFF704FEF8BD00005939000815390008EA
S31508001B5070B504000ED094F83400002518B925771E
S31508001B60204600F04DF8032084F83400204600F0A3
S31508001B700BF808B1012070BDA5632563012084F820
S31508001B803400002070BD0000FEB50025044676200E
S31508001B900095CDE901502B462A462946206801F0D2
S31508001BA0B9FB154E46F8A05F206801F0C5FB012574
S31508001BB035600220FFF79BF9204601F067FF28B140
S31508001BC084F83450A16B0143A16313E0204601F069
S31508001BD0E5FE0028F4D14FF40071206801F0FAFB05
S31508001BE0002808D0226805499163A16B0143A163C7
S31508001BF084F834500120FEBD00802542FF054000D0
S31508001C002DE9F04387B0044614216846FEF722FB07
S31508001C1026492068884246D125484FF000090168C0
S31508001C2041F400610160006800F4006005902048F6
S31508001C301438016841F004010160016801F00401EB
S31508001C400591016841F0080101600068022400F06E
S31508001C50080005904FF4807001278DE89100032550
S31508001C600C26DFF85080CDE9035669464046FFF753
S31508001C7041F9E0028DE81102CDE90356694640466E
S31508001C80FFF738F904208DE89100CDE90356694637
S31508001C900948FFF72FF9002203213120FFF78EFAB2
S31508001CA03120FFF77DFA07B0BDE8F083002C01402C
S31508001CB04438024000080240000C02402DE9FF4F5C
S31508001CC087B016460D460446DDF85080FFF708FA39
S31508001CD082463DB194F83400012807D0A06B40F045
S31508001CE000500DE0A06B40F0006009E00020A06302
S31508001CF00A99E26D3144914204D9A06B40F0007014
S31508001D00A06388E0032184F834102168C862616CF6
S31508001D10012900D076024FF0FF3100910A994FF061
S31508001D2001094902019102AA902102278346CDF8AA
S31508001D30149082E882086946206801F0CCFA0A986D
S31508001D40012805D927633146206801F09AFB05E08A
S31508001D50C4F830903146206801F0ABFB30B12268F8
S31508001D604D499163A16B0143A16350E0019E1FE0B9
S31508001D70406B000413D596B10027206801F0E0FAFD
S31508001D8005F8010B010A05F8011B010C05F8021BF1
S31508001D90000E361F7F1C05F8010C082FEDD3FFF740
S31508001DA09FF9A0EB0A01414522D2B8F1000F1FD0D6
S31508001DB02068416B40F22A321142D9D0416BC905DD
S31508001DC009D50A99012906D9616C032903D001F0BE
S31508001DD0FDFB0028C3D12068416B090702D4416B7B
S31508001DE089051AD52C498163A06B40F0080051E09B
S31508001DF0216829488863A06B40F00040A06384F8F6
S31508001E003490C4F830B003200BB0BDE8F08F84F8E6
S31508001E103490C4F830B00120F6E7416B890705D540
S31508001E201D498163A06B40F0020033E0416B8906CF
S31508001E301CD519498163A06B40F020002AE001F007
S31508001E407FFA05F8010B010A05F8011B010C05F8D4
S31508001E50021B000E05F8010C361FFFF741F9A0EB2F
S31508001E600A01414510D2B8F1000F0DD02068416B28
S31508001E70890201D5002EE2D1216840F23A508863E2
S31508001E8084F834900020BFE7216803488863A06B74
S31508001E9040F00040A063BAE7FF05400010B5FEF722
S31508001EA065FD10BD10B5FEF773FD10BD2DE9F04FA9
S31508001EB089B09B4615460E460446FFF711F907906A
S31508001EC03EB194F83400012807D0A06B40F00050CA
S31508001ED00DE0A06B40F0006009E00021A163E26D0F
S31508001EE005EB0B00904204D9A06B40F00070A0638C
S31508001EF079E0032084F834002068C162606C012808
S31508001F0000D06D024FF0FF3000904FEA4B204FF0A3
S31508001F1001090190CDE904199020CDE902018A460C
S31508001F206946206801F0D7F9BBF1010F06D92020D0
S31508001F3020632946206801F063FB05E01020206332
S31508001F402946206801F074FB5FEA000806D021687C
S31508001F5041488863A06B40EA080073E0019F26E0C9
S31508001F60406B40041BD5D7B1002516F8010B069027
S31508001F7016F8011B3F1F40EA0120069016F8021BBF
S31508001F8040EA0140069016F8011C40EA01600690F6
S31508001F9006A9206801F0E7F96D1C082DE5D3FFF7BF
S31508001FA09FF80799411A1298814220D2F8B1206801
S31508001FB0416B40F21A321142D2D0416BC90523D582
S31508001FC0BBF1010F20D9616C03291DD001F0FEFA7F
S31508001FD0D0B1226820499163A16B0143A16384F8BB
S31508001FE03490C4F830A0012009B0BDE8F08F21680C
S31508001FF019488863A06B40EA0800A06384F8349007
S31508002000C4F830A00320EFE72068416B090702D423
S31508002010416B890505D510498163A06B40F008001E
S3150800202010E0416B890705D50B498163A06B40F029
S31508002030020007E0416BC90606D507498163A06B14
S3150800204040F01000A063CAE740F23A51816384F871
S3150800205034900020C8E70000FF05400070B5040072
S3150800206009D0606A002540B125616561A56294F8CA
S31508002070510040B10CE0012070BD6068B0F5827F68
S31508002080F4D0E561F2E784F85050204600F044F8B1
S31508002090022084F851002068016821F0400101609F
S315080020A0A088218900F4827001F404410843A189BB
S315080020B001F400610843217C01F002010843217DF7
S315080020C001F001010843218B01F400710843217FC7
S315080020D001F03801084394F8201001F08001084304
S315080020E0218D01F40051084321680860A069042184
S315080020F001EA104094F8241001F010010843216801
S3150800210048602068C16921F40061C16165650120E4
S3150800211084F85100002070BD70B586B004461421BD
S315080021206846FEF797F8214E2068002520490222C6
S3150800213003230524B04217D11D481430066846F417
S3150800214080560660006800F480500590086840F0E4
S31508002150010008600868694600F001000590A020A3
S315080021608DE8250013481AE0134EB0421BD11048DB
S315080021701030066846F480460660006800F4804021
S315080021800590086840F0020008600868694600F093
S31508002190020005904FF460408DE825000748CDE918
S315080021A00334FEF7A7FE06B070BD000000300140FC
S315080021B03038024000000240003800400004024067
S315080021C02DE9F84F044690F8510088461D461746F3
S315080021D001283BD1B8F1000F78D0002F76D060687F
S315080021E04FF00409B0F5827F01D1A06818B3FEF755
S315080021F077FF064694F85000012827D04FF0010AC9
S3150800220084F850A084F851904FF00009C4F854900F
S31508002210C4F83880A787E787C4F83090A4F83490C4
S31508002220A4F83690C4F84090C4F84490A068B0F575
S31508002230004F0DD016E084F851900093134642469D
S315080022401146204600F01AF9BDE8F88F0220FBE790
S315080022502068016821F0400101602068016821F4C6
S315080022608041016020680168490603D4016841F08D
S3150800227040010160E068B8B132E020688168C907AA
S3150800228009D0007BA16B0870A06B401CA063E08F8F
S31508002290401EE08708E0FEF723FF801BA84202D312
S315080022A0681C01D031E07DB3E08F0028E5D11AE043
S315080022B020688168C9070AD0C068A16B0880A06B2E
S315080022C0801CA063E08F401EE08709E01AE0FEF755
S315080022D007FF801BA84202D3681C01D015E09DB1F8
S315080022E0E08F0028E4D132462946204601F082FCD8
S315080022F008B12020606584F851A084F85090606D7C
S315080023000028A1D001209FE7FFE784F851A084F8B0
S315080023105090032098E72DE9F84F1D4617468A4640
S315080023200446FEF7DDFE064694F85100012826D13C
S31508002330BAF1000F77D0002F75D094F85000012815
S315080023401DD04FF0010984F85090032084F85100FD
S315080023504FF00008C4F85480C4F830A0A786E78672
S31508002360C4F83880A4F83C80A4F83E80C4F84480B9
S31508002370C4F84080A068B0F5004F03D00CE00220F6
S31508002380BDE8F88F2068016821F0400101602068E7
S31508002390016841F48041016020680168490603D458
S315080023A0016841F040010160E068B0F5006F6068BF
S315080023B003D028B3012F23D03FE008B1012F1BD14A
S315080023C0206B21680088C86006E020688168890754
S315080023D009D5216B0988C160206B801C2063E08EBB
S315080023E0401EE08608E0FEF77BFE801BA84202D36B
S315080023F0681C01D02FE075B3E08E0028E5D11FE0F8
S31508002400206B21680078087306E0206881688907D0
S315080024100AD5216B09780173206B401C2063E08E76
S31508002420401EE08609E027E0FEF75AFE801BA84218
S3150800243002D3681C01D00EE06DB1E08E0028E4D10D
S3150800244032462946204601F003FC08B12020606583
S31508002450A06830B109E084F8519084F850800320D0
S315080024608EE72068C1688068009084F8519084F8E7
S315080024705080606D002883D0012081E72DE9FF4F49
S3150800248081B01F469346044601250E9EFEF728FE98
S31508002490804694F851006168012806D0B1F5827F1C
S315080024A03CD1A168C9BB042838D10298002870D04D
S315080024B0BBF1000FFBD0002FF9D094F8500001288B
S315080024C02CD04FF0010A84F850A094F85100042843
S315080024D002D0052084F851004FF00009C4F8549042
S315080024E0C4F838B0E787A78702992163E786A786E5
S315080024F0C4F84090C4F8449020680168490603D49B
S31508002500016841F040010160E068B0F5006F60685D
S3150800251008D0E8B3012F47D07DE0FFE7022005B0D9
S31508002520BDE8F08F08B1012F37D1206B21680088EC
S31508002530C860206B801C2063E08E401EE0862CE07D
S315080025402068816889070DD5E18E59B1012D09D119
S31508002550216B0988C160206B801C2063E08E401EB9
S31508002560E086002520688168C9070BD0E18F49B14C
S31508002570C068A16B0880A06B801CA063E08F401E1A
S31508002580E0870125FEF7ACFDA0EB0800B04201E0AC
S315080025900AE064E001D3701C4ED1E08E0028CFD14A
S315080025A0E08F0028CCD13CE0206B216800780873C6
S315080025B0206B401C2063E08E401EE0862BE02068DE
S315080025C0816889070DD5E18E59B1012D09D1216B95
S315080025D009780173206B401C2063E08E401EE0865C
S315080025E0002520688168C9070BD0E18F49B1C0680A
S315080025F0A16B0870A06B401CA063E08F401EE087AB
S315080026000125FEF76DFDA0EB0800B04202D3701C51
S3150800261001D011E086B1E08E0028D0D1E08F0028E5
S31508002620CDD142463146204601F012FB50B120205A
S31508002630606584F8509012E084F851A084F85090B0
S3150800264003206CE7A06818B92068C1688068009004
S3150800265084F851A084F85090606D0028F1D00120CC
S315080026605DE710B5401EB0F1807F01D3012010BD93
S315080026704FF0E02460610F21601702F057F8002040
S31508002680A06107202061002010BD000070B590F8F9
S315080026903C20012A32D0012580F83C50022280F8DD
S315080026A03D2002685368946823F070060B6833432C
S315080026B05360134B02689A4214D0B2F1804F11D07E
S315080026C0104B9A420ED0104B9A420BD00F4B9A429F
S315080026D008D00F4B9A4205D00E4B9A4202D00E4BA9
S315080026E09A4204D1496824F080031943916080F81E
S315080026F03D50002180F83C10084670BD022070BD90
S31508002700000001400004004000080040000C0040A2
S3150800271000040140004001400018004010B50400C4
S3150800272003D094F83D0010B107E0012010BD002049
S3150800273084F83C00204600F01EF8022084F83D008C
S31508002740211D206801F00AFD012084F8460084F85E
S315080027503E0084F83F0084F8400084F8410084F87D
S31508002760420084F8430084F8440084F8450084F85D
S315080027703D00002010BD704790F83D10012901D09A
S3150800278001207047022180F83D100168CA6842F0AE
S315080027900102CA6000681149884214D0B0F1804F1E
S315080027A011D00F4988420ED00E4988420BD00E49E7
S315080027B0884208D00D49884205D00D49884202D082
S315080027C00C49884204D1816801F00701062903D023
S315080027D0016841F0010101600020704700000140D6
S315080027E00004004000080040000C004000040140BE
S315080027F0004001400018004010B586B00446142178
S315080028006846FDF727FD2068B0F1804F14D10B48C4
S315080028100021026842F0010202600068022200F00C
S315080028200100059001200090CDE90121CDE90310B2
S3150800283069460348FEF75EFB06B010BD3038024015
S315080028400000024070B5044690F83C0000260D468C
S3150800285001280FD0012084F83C006AB1042A1DD053
S31508002860082A2FD00C2A3FD00126002084F83C00E5
S31508002870304670BD022070BD206801F0D7FC206884
S31508002880816941F0080181612068816921F00401AC
S315080028908161206881692A69114311E0206801F085
S315080028A0F5FC2068816941F40061816120688169CD
S315080028B021F480618161206881692A6941EA0221DF
S315080028C08161D2E7206801F017FD2068C16941F0EF
S315080028D00801C1612068C16921F00401C16120684D
S315080028E0C1692A69114311E0206801F039FD2068A1
S315080028F0C16941F40061C1612068C16921F4806140
S31508002900C1612068C1692A6941EA0221C161ACE74F
S3150800291010B5040003D094F83D0010B107E001207B
S3150800292010BD002084F83C00204600F01FF8022065
S3150800293084F83D00211D206801F010FC012084F870
S31508002940460084F83E0084F83F0084F8400084F886
S31508002950410084F8420084F8430084F8440084F86F
S31508002960450084F83D00002010BD000008B5006849
S31508002970B0F1804F08D10548016841F001010160B6
S31508002980006800F00100009008BD000040380240D1
S3150800299070477047F8B5016804460868CA684B6905
S315080029A010F00F0F4FF0000559D003F0010602F49E
S315080029B09077374365D0C10705D0D10503D5616C3B
S315080029C041F001016164410705D5D90703D0616C5F
S315080029D041F002016164810705D5D90703D0616C0E
S315080029E041F004016164010707D502F02001314373
S315080029F003D0616C41F008016164616C00293AD02A
S31508002A00800604D5900602D5204601F058FD2068B8
S31508002A104069616CC0F38010090700D460B3204692
S31508002A2001F018FD20684069400621D52068143059
S31508002A3050E8001F21F0400140E80012002AF5D1B5
S31508002A40E06BA8B172490165E06BFEF7CCF8002887
S31508002A5011D0E06B016D01B0BDE8F0400847830670
S31508002A600FD593060DD52046BDE8F84001F027BDE1
S31508002A702046FFF78EFFF8BD2046FFF78AFF6564FC
S31508002A80F8BD266B2023012E7ED1C6067CD5D60638
S31508002A907AD508684868009048694FF002064006EB
S31508002AA04DD5E26B106840684FF480770004000C3F
S31508002AB03AD0A18D814237D9E085D069B8422DD068
S31508002AC020680C3050E8001F21F4807140E800129D
S31508002AD0002AF5D12068143050E8001F21F00101C2
S31508002AE040E80012002AF5D12068143050E8001F8B
S31508002AF021F0400140E80012002AF5D184F842305E
S31508002B00256320680C3050E8001F21F0100140E8CA
S31508002B100012002AF5D1E06BFEF71CF86663A08D5B
S31508002B20E18D401A81B206E0A18D8142A8D1D06913
S31508002B30B842A5D166632046FFF72AFFF8BDA08DE7
S31508002B40E18D401A81B2E08D0028F7D00029F5D032
S31508002B5020680C3050E8002F22F4907240E80027D5
S31508002B60002FF5D12068143050E8002F22F001021A
S31508002B7040E80027002FF5D184F842302563206805
S31508002B800C3050E8002F00E006E022F0100240E882
S31508002B900023002BF3D1CDE705062BD5150629D53D
S31508002BA094F841002128C9D1A068B0F5805F01D109
S31508002BB02069B0B1206A411C21622168007848600A
S31508002BC0E08C401E0004000CE084B7D12068C16880
S31508002BD021F08001C1602068C16841F04001C160F0
S31508002BE0F8BD206A0088C0F308004860206A801C87
S31508002BF02062E5E74006F3D55006F1D5CA682046B7
S31508002C0022F04002CA6084F8413000F055F9F8BD58
S31508002C10B143000870B5040004D094F841000025BB
S31508002C2010B106E0012070BD84F84050204600F03F
S31508002C3023F8242084F841002068C16821F4005153
S31508002C40C160204601F09CFC2068016921F490418E
S31508002C5001612068416921F02A0141612068C16843
S31508002C6041F40051C1606564202084F8410084F86D
S31508002C7042006563002070BD2DE9F04186B0044628
S31508002C8014216846FDF7E6FA424F206842490222B7
S31508002C90032307260025B84221D13F48143004688B
S31508002CA044F010040460006800F0100005900868FD
S31508002CB040F0010008600868694600F001000590C8
S31508002CC058028DE82500CDE903363448FEF712F997
S31508002CD0002203212520FEF771FA252055E0304F02
S31508002CE0B84254D12C481030076847F4802707604B
S31508002CF0006800F480200590086840F0020008602B
S31508002D000868694600F0020005904FF440608DE8B7
S31508002D102500CDE903362348FEF7ECF8234E224872
S31508002D204FF00068E6E8020840200701A1C64FF404
S31508002D30403046F81459B561C6E907501B48756214
S31508002D40FEF734F808B1FDF7DFFEA663B463174E45
S31508002D501548603630383060C6E90185C6E903573C
S31508002D6080157561C6E906500002C6E908053046B1
S31508002D70FEF71CF808B1FDF7C7FEE6630022114608
S31508002D802720B463FEF71AFA2720FEF709FA06B0D9
S31508002D90BDE8F081001001403038024000000240D2
S31508002DA0004800400004024058600240D80800204D
S31508002DB090F84230202B01D00220704721B11AB179
S31508002DC00023036301F062BC01207047F0B4154A82
S31508002DD00168914223D1144B59880A0416D41A461D
S31508002DE04D0412784FF0000404D50A2A0DD141F497
S31508002DF0004112E00D2A0ED0C1F30D050B4E491CF9
S31508002E0089B272555980C72900D95C80F0BC012265
S31508002E100549FFF7CDBF41F480415980F6E7F0BC7C
S31508002E20704700000010014004010020A40900209A
S31508002E3037B5044690F84100202801D002203EBD4F
S31508002E40019901B3FAB12162A284E2840020606488
S31508002E50212384F84130A56B144BEB63A56B144B07
S31508002E602B64A56B134BEB64A36B1865206813469C
S31508002E70A56B021D2846FEF703F830B110206064E2
S31508002E80202084F8410001203EBD21686FF04000F3
S31508002E9008602068143050E8001F41F0800140E8BF
S31508002EA00012002AF5D100203EBD000009440008A2
S31508002EB04B440008BF43000870477047FEE7000010
S31508002EC01CB51348002240680189CDE90012C38861
S31508002ED011460F4802F0A5FE00234FF6FF720121A6
S31508002EE00B4802F0C5FF0A220AA31146084802F059
S31508002EF053FF0BA328220A21054802F04DFF02B012
S31508002F003C22BDE810400AA30A21014802F044BF4A
S31508002F102C000020496E666F20506167650000002E
S31508002F2053544D333246342050726F6A65637400C9
S31508002F304C43443A2053543737383920322E3022FE
S31508002F400000000010B503F07FF8BDE8104000202F
S31508002F5002F090B910B503F08DF8BDE810400020D6
S31508002F6002F088B910B503F09BF8BDE810400020C0
S31508002F7002F080B904490120044A887002480521F4
S31508002F80C43002F065B9000084020020993D0008AB
S31508002F9010B508B103F08CF8BDE8104002F006BA87
S31508002FA00D4808B5016841F4001101600068002267
S31508002FB000F40010009011460C20FEF7FFF80C20D4
S31508002FC0FEF7EEF8002211460E20FEF7F7F8BDE8E8
S31508002FD008400E20FEF7E4B83038024010B5044920
S31508002FE00448FDF793FD0249491E087010BD00000C
S31508002FF0F9000020E80801082DE9F04387B01421FC
S315080030006846FDF727F92F480024016841F080013A
S315080030100160016801F080010591016841F0040131
S315080030200160016801F004010591016841F00101A0
S315080030300160016801F001010591016841F0020192
S315080030400160016801F002010591016841F008017B
S31508003050016000681C4F00F0080005900122072156
S315080030603846FEF737F8DFF86480002240214046EC
S31508003070FEF730F8DFF8589041F23806002231465C
S315080030804846FEF727F8072000900125CDE90154A8
S31508003090694638460394FDF72DFF40200090CDE998
S315080030A00154694640460394FDF724FF0096CDE98E
S315080030B00154694648460394FDF71CFF07B0BDE86E
S315080030C0F083000030380240000802400000024049
S315080030D000040240064805490160002141608160FC
S315080030E0C16001614161816170470000002C0140A7
S315080030F0CC060020114810B50F4901604FF48271C3
S3150800310041604FF40041816000210222C0E90312A8
S3150800311001224261520282610822C0E90721416206
S3150800312081620A21C162FEF799FF002803D0BDE833
S315080031301040FDF7E9BC10BD0030014050070020E3
S31508003140104810B50E4901604FF4827141600021A4
S315080031508160C1604FF400720161C0E9051208225E
S31508003160C0E90721416281620A21C162FEF776FF42
S31508003170002803D0BDE81040FDF7C6BC10BD00000E
S3150800318000380040A807002010B58AB0002407942C
S315080031901C2168460894FDF75DF815484FF08041F4
S315080031A0C0E90014611EC0E9024104618461FFF7A9
S315080031B0AFFB08B1FDF7A8FC079407A90C480894CB
S315080031C0FFF764FA08B1FDF79FFC6020CDE900041B
S315080031D002940022694606480494FFF733FB08B1B7
S315080031E0FDF792FC0248FFF707FB0AB010BD000086
S315080031F0000800200C4810B50A4901604FF4E13177
S315080032004160002181600C22C160C0E9041281611D
S31508003210C161FFF7FFFC002803D0BDE81040FDF7A9
S3150800322073BC10BD00100140480800200C4810B5BA
S315080032300A4901604FF4E1314160002181600C22A6
S31508003240C160C0E904128161C161FFF7E3FC00288F
S3150800325003D0BDE81040FDF757BC10BD004800403C
S315080032609008002004490120044A88700248042175
S315080032701C3001F0EDBF000084020020993D0008D3
S31508003280FEE70000084810B5FF210170074A4170A3
S315080032900021117001218170001D02F025F8BDE89A
S315080032A0104002F067B8000084020020B411002024
S315080032B0FEE70000054A00201178052904D20448D3
S315080032C000EB4110491C117070470000C003002034
S315080032D0E811002070470A6842624A688262D1E9AA
S315080032E002231A43D1E904310B43C16A1A4321F078
S315080032F0F7011143C16200207047006800F003001F
S3150800330070470844406970470148FEF71DBB000036
S31508003310CC06002070B50DF1100C11439CE8700026
S315080033202343194329434268314347F6FF639A43C7
S315080033300A434260002070BD0321016000207047E7
S31508003340D0F8800070470A688260D1E901231A43E1
S31508003350D1E903310B43C1681A436FF30B011143DB
S31508003360C160002070470968C0F8801000207047C7
S3150800337010B585B0044600913721019140210020FF
S31508003380CDE902100801049069462046FFF7DBFFE5
S3150800339041F288323721204600F062F905B010BDA7
S315080033A010B50B4A85B0044611432920CDE9001013
S315080033B04020029000200390500D04906946204654
S315080033C0FFF7C1FF204600F003FA05B010BD000064
S315080033D00000108010B585B00446009110210191B7
S315080033E040210020CDE902100801049069462046D4
S315080033F0FFF7A9FF41F288321021204600F030F984
S3150800340005B010BD30B585B0002504460095019578
S315080034104FF480600295CDE9035069462046FFF7D0
S3150800342092FF0B484FF4FA510068B0FBF1F141F2F4
S3150800343088304143491E02D24FF0004504E0606BD4
S315080034400006F7D5C520A06305B0284630BD0000A4
S315080034505800002010B585B04FF4D57100910821A9
S315080034600446019140210020CDE90210080104908C
S3150800347069462046FFF767FF204600F00FFA05B0B9
S3150800348010BD10B585B00446009112210191402166
S315080034900020CDE902100801049069462046FFF78E
S315080034A052FF41F288321221204600F0D9F805B0C1
S315080034B010BD10B585B00446009111210191402137
S315080034C00020CDE902100801049069462046FFF75E
S315080034D03AFF41F288321121204600F0C1F805B0C2
S315080034E010BD10B585B00446072140200092CDE9ED
S315080034F00110002003904FF480600490694620462E
S31508003500FFF721FF41F288320721204600F0A8F88C
S3150800351005B010BD10B585B0002102220446C020B2
S31508003520CDE90201CDE90012500204906946204611
S31508003530FFF709FF204600F023F905B010BD10B5C6
S3150800354085B00446009109210191C0210020CDE9EA
S3150800355002104FF48060049069462046FFF7F3FE98
S31508003560204600F00DF905B010BD10B585B004462B
S3150800357000910D21019140210020CDE9021008019A
S31508003580049069462046FFF7DEFE41F288320D2197
S31508003590204600F065F805B010BD30B585B0054683
S315080035A000230320CDE900304020CDE902030001C5
S315080035B00C46049069462846FFF7C5FE22460321B5
S315080035C0284600F027F905B030BD000010B585B0D3
S315080035D00021044640200C22CDE90201CDE9001263
S315080035E00001049069462046FFF7ADFE034A0C2108
S315080035F0204600F035F805B010BD000000E1F505DD
S3150800360010B585B00446009119210191402100208A
S31508003610CDE902100801049069462046FFF793FE9B
S3150800362041F288321921204600F01AF805B010BD7B
S3150800363010B585B00446009118210191402100205B
S31508003640CDE902100801049069462046FFF77BFE83
S3150800365041F288321821204600F002F805B010BD64
S31508003660454B10B51B684FF4FA54B3FBF4F35343B8
S315080036705B1E02D24FF0004010BD426B12F0450FA0
S31508003680F6D01205F4D4426B520703D504218163A0
S31508003690084610BD426BD20702D00121816305E0BE
S315080036A0C52282630269D2B28A4201D0012010BDC6
S315080036B00021FFF726FE3149084201D1002010BD3E
S315080036C0002802DA4FF0007010BD410001D54020F5
S315080036D010BD810001D5802010BDC10002D54FF470
S315080036E0807010BD010102D54FF4007010BD410174
S315080036F002D54FF4806010BDC10102D54FF40060B9
S3150800370010BD010202D54FF4805010BD410202D50A
S315080037104FF4005010BD810202D54FF4804010BD11
S31508003720C10202D54FF4004010BD410302D54FF443
S31508003730003010BD810302D54FF4802010BDC103AF
S3150800374002D54FF4002010BD010402D54FF48010B5
S3150800375010BD410402D54FF4001010BD810402D5F6
S315080037604FF4800010BD000702D54FF4000010BDCD
S315080037704FF4803010BD00005800002008E0FFFD1F
S3150800378012494FF4FA520968B1FBF2F241F2883154
S315080037904A43521E02D24FF000407047416B11F067
S315080037A0450FF6D00905F4D4416B490703D5042122
S315080037B0816308467047416BC90703D001218163BD
S315080037C008467047C52181630020704758000020CD
S315080037D00F494FF4FA520968B1FBF2F241F2883107
S315080037E04A43521E02D24FF000407047416B11F017
S315080037F0450FF6D00905F4D4416B490703D50421D2
S31508003800816308467047C521816300207047000020
S315080038105800002030B5204B4FF4FA541B68B3FB10
S31508003820F4F441F288335C43641E02D24FF0004040
S3150800383030BD436B13F0450FF6D01B05F4D4436B2C
S315080038405B0703D504218163084630BD436BDB075C
S3150800385002D00121816303E00369DBB28B4201D008
S31508003860012030BDC52181630021FFF74AFD10F410
S31508003870604F04D0410406D54FF4005030BD000C0B
S315080038801080002030BD000402D54FF4805030BDB2
S315080038904FF4803030BD00005800002014494FF422
S315080038A0FA520968B1FBF2F241F288314A43521ED4
S315080038B002D24FF000407047416B11F0450FF6D029
S315080038C00905F4D4416B490703D5042181630846E9
S315080038D07047416BC90703D00121816308467047C9
S315080038E0416B490601D540218163002070470000DD
S315080038F05800002010B5064C01202070FDF704F88A
S3150800390018B9207820F001002070207810BD00003A
S31508003910FD00002010B5846B40F23A502168886398
S315080039202046FDF7F7FF012184F8341000212163B2
S31508003930062801D0052805D12068FFF747FEA16BA8
S315080039400843A063A06B0028204602D0FDF702FFBB
S3150800395010BDFDF7FBFE10BD10B5846B40F23A5062
S31508003960216888632046FDF7D5FF012184F83410C5
S3150800397000212163062801D0052805D12068FFF714
S3150800398025FEA16B0843A063A06B0028204602D041
S31508003990FDF7E0FE10BDFDF7D9FE10BD10B590B0DD
S315080039A004460120ADF838002068FFF7A6FC002879
S315080039B054D0606C032842D02068FFF7ABFD00287E
S315080039C04AD100212068FFF79CFC60670421206823
S315080039D0FFF797FCA06708212068FFF792FCE067CD
S315080039E00C212068FFF78DFCC4F88000606C032862
S315080039F025D00EA92068FFF7D0FD00282CD1606CD1
S31508003A0003281CD0BDF83800206501042068FFF79C
S31508003A1096FD002820D100212068FFF772FC606619
S31508003A2004212068FFF76DFCA06608212068FFF7CF
S31508003A3068FCE0660C212068FFF763FC2067042118
S31508003A402068FFF75EFC000DE06403A92046FDF739
S31508003A5083FE30B14FF0805010B010BD4FF080603B
S31508003A60FAE7B4F85000002302042068FFF739FD8E
S31508003A700028F1D104F1100007C88DE8070094E882
S31508003A800F00FFF747FC0020E6E700002DE9F84F96
S31508003A90002604460096374635460068FFF7B2FC0E
S31508003AA0002827D12068FFF7D5FC4FF0805B4FF040
S31508003AB001094FF6FF7848B1A6642068FFF7A2FC13
S31508003AC0002817D1A06C012802D01FE0C4F848903E
S31508003AD000212068FFF74CFC58B917E00021206840
S31508003AE0FFF746FC002805D151462068FFF758FC29
S31508003AF010B15846BDE8F88F00212068FFF701FC91
S31508003B000746C50F0098401C009001E0DFF824A086
S31508003B100099414501D2002DE0D0414502D34FF02E
S31508003B208070E7E7780002D5C4F8449000E0666440
S31508003B300020DFE7000010C170B5064C05460120DD
S31508003B402070FCF7EDFE18B92846FFF7D3FE207063
S31508003B50207870BDFD00002010B5124888B01446C4
S31508003B600078C00702D0032008B010BDC1B10129F2
S31508003B7005D0022908D003290CD00420F4E76846AA
S31508003B80FCF7BCFE06980AE06846FCF7B7FE0798FD
S31508003B90208005E06846FCF7B1FE0798400A2060D9
S31508003BA00020E1E7FD00002070B51D4616460846D0
S31508003BB00124A31E2A463146FCF7C8FE20B9FCF7A5
S31508003BC0A3FE0028FBD10024204670BDFFF792BE55
S31508003BD070B51D46164608460124A31E2A463146D8
S31508003BE0FCF7C6FE20B9FCF78FFE0028FBD100249F
S31508003BF0204670BDF8B5044640684FF48273984273
S31508003C0021D1A0684FF48065B0F5004F01D0A842D5
S31508003C100AD12068066826F0400606606068984261
S31508003C2011D1A068A8420ED000920B46002280212E
S31508003C30204600F043F8002804D0606D40F02000CC
S31508003C4060650320F8BD00920B4600220121EFE7CC
S31508003C50F8B515460E460B46009204460122022187
S31508003C6000F02CF8A0B9134813490068B0FBF1F02E
S31508003C704FF47A71484300906068B0F5827F0DD1A1
S31508003C803346002280212046009500F017F870B1CF
S31508003C90606D40F0200060650320F8BD009830B1E3
S31508003CA0401E009020688068C0430006F6D50020B4
S31508003CB0F8BD00005800002000366E012DE9F843D3
S31508003CC01E46914688460446089DFDF709FA401B9C
S31508003CD0351AFDF705FA074626480068C0F3CB30C3
S31508003CE068430AE0701C09D0FDF7FAF9C01BA84220
S31508003CF00FD275B10098B8B3401E0090206881684D
S31508003D0038EA010033D000204845EBD10020BDE851
S31508003D10F8832068416821F0E00141606068B0F5E9
S31508003D20827F0BD1A068B0F5004F02D0B0F5806F46
S31508003D3004D12068016821F040010160A06AB0F54D
S31508003D40005F09D12068016821F4005101602068EC
S31508003D50016841F400510160012084F851000020F7
S31508003D6084F850000320D2E7FFE70025C6E70120C4
S31508003D70CAE70000580000207047000004490120E7
S31508003D80044A8870024803217C3001F061BA0000B9
S31508003D9084020020993D00082DE9FE4F04007DD0DD
S31508003DA0616800297AD062782078824201D3401E61
S31508003DB060700420AA4E8DF80800AA48B578FCF76A
S31508003DC071FA00B10125A0787178884200D105B151
S31508003DD00125A34821780078491E814201D16278DD
S31508003DE01AB118B96078884200D1012502A920467F
S31508003DF001F0A6FADFF870824FF6E0794FF01E0B55
S31508003E00002D7BD00021404601F0EEFC0023CA4677
S31508003E104A460121404602F02BF8606805220090C8
S31508003E2092A31146404601F0B7FFA06870B100237F
S31508003E3048F230421946404602F01AF8A068009047
S31508003E408BA315220521404601F0A6FF002538E080
S31508003E502844C7B2C5EB05103A2101EB4001002200
S31508003E601FFA81F9CDE90092D8F804100BEB400649
S31508003E70B2B2CB8800217C4801F0D3FE6078B84204
S31508003E800DD1CDE9009AD8F80400B2B20021C38852
S31508003E90754801F0C6FE5346002203E0DDE0002324
S31508003EA04FF6FF720121704801F0E2FF04EB87002C
S31508003EB0B2B2C06800906DA30A216B4801F06CFF8E
S31508003EC06D1C9DF808008542A078C1DB80B10023EF
S31508003ED047F6FF720121644801F0CAFFD8F80400CA
S31508003EE065A30A22C088143881B25F4801F054FFDE
S31508003EF0A0789DF8081008448BE0FFE758486278D8
S31508003F0001788A427ED0A0784FF0FF36354688423F
S31508003F1005D89DF8083003448B4200D90E1A824210
S31508003F2005D39DF8081001448A4200D2151A002EBE
S31508003F3025DBC6EB06103A2202EB4002002192B2BC
S31508003F40CDE90021D8F804100BEB4007BAB2CB88AC
S31508003F500021454801F065FE00234FF6FF72012156
S31508003F60414801F085FFA078BAB2304404EB8000DE
S31508003F703EA3C06800900A213B4801F00DFF002DC2
S31508003F802EDBC5EB05103A2101EB400100228FB26A
S31508003F90CDE90072D8F804100BEB4006B2B2CB8814
S31508003FA00021314801F03DFECDE90079D8F804003A
S31508003FB0B2B20021C3882C4801F033FE4B460022DA
S31508003FC00121294801F054FFA078B2B2284404EB35
S31508003FD0800026A3C06800900A21234801F0DCFE71
S31508003FE0A07890B1002347F6FF7201211E4801F020
S31508003FF03FFFD8F8040020A3C088143881B20A22EB
S31508004000194800E01DE001F0C7FEA1789DF80800F8
S3150800401008442178884214D2002347F6FF7201210A
S31508004020114801F025FF9DF8080014A3C0EB001005
S315080040304200D8F80400C088143881B20A4801F052
S31508004040ABFE074D60781F222870A0786870054877
S315080040506168FCF70AF90020A870BDE8FE8F000029
S3150800406084020020B41100202C00002025730000D3
S315080040703C202573000000005E000000760000006A
S31508004080FDF734B830B593B030216846FCF7E2F84E
S3150800409014210CA8FCF7DEF81D480025016841F03C
S315080040A080510160006800F080501190194801683D
S315080040B041F4804101600068022400F480401190B8
S315080040C001200090000401908001CDE906400420FB
S315080040D00890A820CDE9090407200B906846FDF74B
S315080040E089F908B172B6FEE70CA90F2081E83100FC
S315080040F04FF4A0500F904FF48050109005210CA853
S31508004100FDF78EF8002801D072B6FEE713B030BD71
S3150800411040380240007000400248016841F47001CE
S315080041200160704788ED00E010B50A4C2068C06849
S31508004130C043C00709D108480069804721680020A4
S31508004140486221686420C862E06021686FF0010057
S31508004150086110BD6C0A002038010020F0B502681D
S31508004160274D284E284FDFF8A4C0294B4FF0804E24
S31508004170A84209D0704507D0B04205D0B84203D04E
S31508004180604501D0984203D122F070044A68224360
S31508004190A8421BD0704519D0B04217D0B84215D0E6
S315080041A0604513D0984211D01A4CA0420ED01A4C32
S315080041B0A0420BD0194CA04208D0194CA04205D0F9
S315080041C0184CA04202D0184CA04203D122F44074E5
S315080041D0CA6822434C6922F0800222438C68C46272
S315080041E00C688462A84201D0984201D1096901632A
S315080041F0016841F004010160012141610260F0BDDE
S31508004200000001400004004000080040000C004087
S3150800421000040140004001400044014000480140BC
S3150800422000180040001C004000200040F0B5026A5B
S31508004230036A23F00103036243688469114E24F07C
S3150800424073050C68104F2C4322F002058A682A432E
S31508004250B04201D0B84205D122F00805CA682A43FF
S3150800426022F00402B04201D0B84205D14D6923F4C8
S3150800427040731D438B692B434360846149684163DE
S315080042800262F0BD0000014000040140F0B5026A78
S31508004290036A23F010030362436884690D6824F4F3
S315080042A0E64444EA05248D6822F0200242EA051213
S315080042B00F4D104EA84201D0B04206D1CF6822F069
S315080042C0800242EA071222F04002A84201D0B04218
S315080042D007D14D6923F4406343EA85038D6943EAB0
S315080042E0850343608461496881630262F0BD00000A
S315080042F00000014000040140F0B5026A036A23F495
S31508004300807303624368C46922F4007224F073055B
S315080043100C68124E2C438D6842EA05220E4DA842BF
S3150800432001D0B04206D1CF6822F4006242EA0722E1
S3150800433022F48062A84201D0B04207D14D6923F425
S31508004340405343EA05138D6943EA05134360C46184
S315080043504968C1630262F0BD0000014000040140E3
S3150800436030B5036A026A22F4805202624268C4695E
S315080043700D6824F4E64444EA05248D6823F40053C2
S3150800438043EA0533084DA84202D0084DA84204D195
S315080043904D6922F4804242EA85124260C461496846
S315080043A00164036230BD00000000014000040140C2
S315080043B010B5806B0021C185FEF7EBFA10BD70B50C
S315080043C0846B2068406994F84110C0F3C01000253A
S315080043D0212904D118B1E584204600F062F8206846
S315080043E0406994F84210C0F38010222904D118B10C
S315080043F0E585204600F02EF8606C40F010006064F9
S315080044002046FEF7C6FA70BD10B50146806B0968EE
S315080044100968C90516D40021C1840168143151E818
S31508004420002F22F0800241E80023002BF5D1016815
S315080044300C3151E8002F42F0400241E80023002BDE
S31508004440F5D110BDFEF738FD10BD10B5806BFEF72F
S3150800445034FD10BD01680C3151E8002F22F490722A
S3150800446041E80023002BF5D10168143151E8002FEB
S3150800447022F0010241E80023002BF5D1016B012946
S3150800448009D101680C3151E8002F22F0100241E8E9
S315080044900023002BF5D1202180F84210002101636A
S315080044A0704701680C3151E8002F22F0C00241E83C
S315080044B00023002BF5D1202180F84110704708B55C
S315080044C090F84210222901D0022008BD81684FF4D5
S315080044D08053994201D1026922B1826A99421BD05E
S315080044E049B10AE00268816A5268C2F308020A8082
S315080044F0816A891C08E0016971B10168496801F09F
S315080045007F011170816A491C8162C18D491E0904A7
S31508004510090CC18503D01BE001684968F1E7016809
S31508004520CA6822F02002CA600168CA6822F480724A
S31508004530CA6001684A6922F001024A61202180F8AE
S31508004540421000214163026B012A03D0FEF73EFCAC
S31508004550002008BD016301680C3151E8002F22F0E4
S31508004560100241E80023002BF5D101680A68D2063B
S3150800457002D50A6849680091818DFEF709FAE7E7CE
S3150800458070B5044600680169E26821F44051114398
S315080045900161A1682069E26901436069104301432A
S315080045A02068C26849F20C639A430A43C2602068CD
S315080045B04169A26921F4407111434161314920687A
S315080045C0884202D03049884202D1FCF7D3FE01E086
S315080045D0FCF7C0FEE2690023192164253226B2F5EC
S315080045E0004F626828D0A0FB0101930F9200FBF7E9
S315080045F0E7FD0146B0FBF5F06FF01802504301EBFA
S31508004600800006EB0010B0FBF5F000F0F002B1FBFD
S31508004610F5F002EB0012B1FBF5F06FF01803584302
S3150800462001EB800006EB0010B0FBF5F000F00F0080
S3150800463021681044886070BDA0FB010192185B4197
S31508004640FBF7BEFD0146B0FBF5F00201B1FBF5F044
S315080046506FF01803584301EB800006EBC000B0FB6F
S31508004660F5F000F0F80002EB4002B1FBF5F0584314
S3150800467001EB800006EBC000B0FBF5F000F0070088
S31508004680D6E70000001001400014014081628285CF
S31508004690C28500214164222180F84210016921B1B6
S315080046A00168CA6842F48072CA6001684A6942F0C1
S315080046B001024A610068C16841F02001C16000201A
S315080046C0704700000148FEF765B900004808002059
S315080046D00148FEF75FB9000090080020FEE70000D9
S315080046E00FB4054B10B503A9044A029800F000F967
S315080046F010BC5DF814FB000099540008080100205E
S315080047007CB5044600201D46164600290BD0491ED6
S31508004710CDE90041044B6A462946304600F0E8F8E0
S31508004720009A002111707CBD1F5000080907090E68
S31508004730002804DB00F1E02080F80014704700F040
S315080047400F0000F1E02080F8141D704702E008C849
S31508004750121F08C1002AFAD170477047002001E0ED
S3150800476001C1121F002AFBD1704700002DE9FF5F27
S3150800477082B00021DDE90430020DDDF840B00343C4
S3150800478018D044F61050A2F2FF324243151411987D
S3150800479001281FD0A5EB0B00401C5FEA000A4FF06A
S315080047A000064E4FDFF83891B046504615D5CAF187
S315080047B0000413E0119801244AA3012801D16FEAE5
S315080047C00B010298119AC0E90031C0E9024206B00D
S315080047D0BDE8F09FCBF10000DFE704460021404A20
S315080047E0491842EB0450CDE9001012E0E00707D063
S315080047F032463B4640464946FBF773FE80468946A5
S3150800480032463B4610461946FBF76BFE06460F46F0
S315080048106410002CEAD1DDE90401DDE90023BAF1D0
S31508004820000F06DAFBF75DFE42464B46FBF759FEDC
S3150800483005E0FBF7C8FE42464B46FBF7C4FE0446B6
S315080048400E460022284BFBF745FF03D84FF0FF30F2
S31508004850014607E00022254B20463146FBF79AFD24
S31508004860FBF720FF102409E0002C0ADB0A220023AC
S31508004870FBF7A6FC039B30321A55641E50EA010268
S31508004880F2D1641C039AC4F111031444119A012A43
S3150800489003D0012208430DD10AE0084304D00020C2
S315080048A04FF0110B119072E7A3EB0B056D1E0DE08F
S315080048B05B4504DD4FF0000205F1010504E003DA6B
S315080048C04FF00002A5F10105002AECD002981199D3
S315080048D0C0E90231C0E9004579E70000000014404C
S315080048E00000F03F300000000000F0430000E03F09
S315080048F02DE9FF4F95B09B468946064600250FE2EF
S31508004900252877D100242746F84A0121059400E096
S31508004910044316F8013F203B01FA03F01042F7D191
S3150800492030782A2811D06FF02F033078A0F13002A2
S31508004930092A16D8059A44F0020402EB820203EB10
S3150800494042021044761C0590EFE759F8042B0592AD
S31508004950002A03DA504244F40054059044F0020455
S31508004960761C30782E2816D116F8010F44F0040468
S315080049702A280DD06FF02F023078A0F13003092BCA
S3150800498009D807EB870302EB4303C718761CF3E73E
S3150800499059F8047B761C30786C280FD006DC4C2836
S315080049A017D068280DD06A2814D104E0742810D0CE
S315080049B07A280FD10DE044F400140AE044F4801478
S315080049C001E044F440147278824202D104F580145E
S315080049D0761C761C307866280BD013DC582877D0DE
S315080049E009DC002875D04528F6D04628F4D0472893
S315080049F01AD19DE118E0632835D0642879D0652856
S31508004A0012D195E1702873D008DC6728F1D069289F
S31508004A106FD06E280DD06F2806D1B5E073282CD03C
S31508004A20752875D0782874D05A46179990476D1C02
S31508004A3075E1C4F30250022809D003280DD0D9F82D
S31508004A40001004280DD00D6009F1040967E1D9F8B2
S31508004A500010EA17C1E90052F6E7D9F800100D80F0
S31508004A60F2E70D70F0E719F8041B8DF80010002026
S31508004A708DF80100EA46012003E059F804AB4FF02F
S31508004A80FF3061074FF0000102D40DE008F1010183
S31508004A908846B9420FDA8045F8DB1AF8081000296B
S31508004AA0F4D108E008F1010188468142FADB1AF8D8
S31508004AB008100029F6D105985B46A0EB08072146A1
S31508004AC03846179A00F094FA284400EB080507E0E0
S31508004AD04DE029E10DE01AF8010B5A46179990475F
S31508004AE0B8F10108F7D25B4621463846179A13E112
S31508004AF042E00A220092C4F302524FF0000A022A48
S31508004B0008D059F804CB032A4FEAEC710AD00DE015
S31508004B1029E02AE009F1070121F00702F2E802C1BB
S31508004B20914609E00FFA8CFC4FEAEC71042A03D18E
S31508004B304FFA8CFC4FEAEC71002907DA0A46002185
S31508004B40DCF1000C61EB02012D2202E0220504D5FE
S31508004B502B228DF80420012203E0E20701D020224F
S31508004B60F7E7904659E00A2102E010220DE01021ED
S31508004B704FF0000A00910BE010224FF0000A44F0B3
S31508004B8004040827009203E008224FF0000A009266
S31508004B90C4F30252022A05D059F804CB0021032A8D
S31508004BA008D009E009F1070121F00702F2E802C17D
S31508004BB0914605E01FFA8CFC042A01D10CF0FF0C83
S31508004BC04FF00008220728D5702806D0009B83F0EE
S31508004BD0100353EA0A0305D00EE040228DF804209C
S31508004BE0012208E05CEA010206D030228DF8042092
S31508004BF08DF8050002229046009B83F0080353EACD
S31508004C000A030AD15CEA010201D1620705D53022FE
S31508004C108DF804204FF001087F1E582804D034A0D0
S31508004C2003900EA802900DE036A0F9E753466046B9
S31508004C30009AFBF7C5FA84460398825C0298401EE0
S31508004C40029002705CEA0100F0D1029806A9081ADF
S31508004C5000F1200A600702D524F4803400E0012719
S31508004C60574502DDA7EB0A0000E0002000EB0A0129
S31508004C70009005984144401A0590E00306D45B4627
S31508004C802146179A059800F0B3F90544002706E06F
S31508004C9001A85A46C05D179990476D1C7F1C474569
S31508004CA0F6DBE0030CD55B462146179A059800F01B
S31508004CB09FF9054404E030205A46179990476D1C21
S31508004CC00099481E00900029F5DC08E00298029930
S31508004CD05A460078491C0291179990476D1CBAF1FB
S31508004CE00001AAF1010AF1DC65E1000009280100CA
S31508004CF03031323334353637383961626364656644
S31508004D000000000030313233343536373839414205
S31508004D10434445460000000000F058F90544761C57
S31508004D20307800287FF4ECAD19B02846BDE8F08F3E
S31508004D30620700D4062709F1070222F0070CFCE8EF
S31508004D400223E14603F000485FEA080C02D00FF29E
S31508004D50702C0DE05FEA045C02D50FF2682C07E0C0
S31508004D605FEAC47C02D00FF2602C01E0AFF2700C4F
S31508004D704FF0FF3823F00043CDF850C065280CD01B
S31508004D8006DC452809D046281DD047283DD13DE0F8
S31508004D90662818D067287ED138E00021112F01DB5C
S31508004DA0112000E0781CCDE9000106A90EA8FFF73E
S31508004DB0DDFCDDE90F010E9A03910021009207F14F
S31508004DC0010A04914DE04FF000400097CDE901102B
S31508004DD006A90EA8FFF7CAFCDDE90F0203920E9B8F
S31508004DE011990022DDF80CA00093049211B9791CE0
S31508004DF000EB010AB7EB0A0004D4C0F1FF3007F153
S31508004E00010A0490AAEB0700019044E0012F00DA9A
S31508004E1001270021112F01DD112000E03846CDE9D8
S31508004E20000106A90EA8FFF7A1FCDDE90F010E9AFD
S31508004E300391002104910092BA4621070CD40399E4
S31508004E40514500DA8A46BAF1010F05DD009AAAF142
S31508004E500101515C302908D0B84202DA10F1040F7A
S31508004E6006DA0121CDE9011015E0AAF10101E9E709
S31508004E70002805DC049901440491AAEB000102E02C
S31508004E80411C514500DD8A460499401A401C019090
S31508004E904FF000400290200704D40198504501DBEA
S31508004EA0CDF8048000208DF84F0002980DF14F07C9
S31508004EB0B0F1004F25D02B200E9002984FF0020833
S31508004EC000280CDA404202902D200E9007E00A21B5
S31508004ED00298FBF72AFA3031029007F8011DB8F15B
S31508004EE00001A8F10108F2DC02980028EFD1791E2A
S31508004EF00E980870307800F0200040F0450007F85A
S31508004F00020D12A8C01B00F107081498007800B11A
S31508004F10012000EB0A01019801EBE0710598414474
S31508004F20401A401E0590E00306D45B462146179AB0
S31508004F30059800F05DF805441498007818B15A46AB
S31508004F40179990476D1CE00324D55B462146179AAE
S31508004F50059800F04DF805441CE00498002807DB86
S31508004F60DDE90301884203DD0098405C179901E0FA
S31508004F70179930205A469047049805F10105401CB8
S31508004F8004900198401E019004D12E205A46179984
S31508004F9090476D1CBAF10001AAF1010ADDDC05E0B3
S31508004FA017F8010B5A46179990476D1CB8F100017E
S31508004FB0A8F10108F4DC5B462146179A0598ABE68A
S31508004FC02D0000002B000000200000002DE9F04114
S31508004FD0044600251E461746880404D405E03946CB
S31508004FE02020B0476D1C641EF9D52846BDE8F0811F
S31508004FF02DE9F041044600251E469046C80301D512
S31508005000302700E02027880404D505E041463846C5
S31508005010B0476D1C641EF9D52846BDE8F0814A687C
S31508005020002A06D00A68531C0B6010704868401E98
S31508005030486070472DE9FE4F5FEA00084E481C4657
S3150800504016460F4608F120094FF0010A0ED098F8C7
S315080050503410002913D0D8F81000B919814217D98D
S3150800506046A006F029FF0520BDE8FE8F00904DA357
S315080050704EA24FF4337155A006F0FAFEFEE70090F3
S315080050805BA34AA240F2CD2150A006F0F1FEFEE74E
S31508005090D9F80810484601B18847F8070CD02046C9
S315080050A0394601230090641C7F1C1A46404605F0C9
S315080050B001FC050054D1761E0121404606F0F6FA99
S315080050C005004DD1AD208DF804000DF1040B34E038
S315080050D0BAF1000F13D05D466A1C3946404605F002
S315080050E05BFB98F8350008B1052200E00422207819
S315080050F0A854A918607848704FF0000A06E020788E
S315080051008DF80500607801228DF8060000200090D1
S315080051100023D9F80450484601A9921CA84705005F
S3150800512003D037A006F0C8FE1AE0404608F048F952
S31508005130050015D1A41CB61EBF1C022EC8D200211C
S31508005140404606F0B3FA05000AD1012E0CD1012318
S315080051501A4639464046009405F0ACFB050003D0D4
S315080051600021404606F0A2FAD9F80C10484601B1CB
S315080051708847284678E70000150F01084572726FC0
S31508005180723A20466C617368206164647265737351
S31508005190206973206F7574206F6620626F756E6460
S315080051A02E000000666C61736800000028257329CC
S315080051B02068617320617373657274206661696C17
S315080051C065642061742025732E0000002E5C2E2E47
S315080051D05C4D6964646C6577617265735C7366754A
S315080051E0645C7372635C736675642E63000000000A
S315080051F0666C6173682D3E696E69745F6F6B00003B
S315080052004572726F723A20466C61736820777269CC
S3150800521074652053504920636F6D6D756E696361BF
S315080052207465206572726F722E00000010B500F06A
S31508005230FBFE00F00FFFBDE8104000F021BF10B5DF
S3150800524000F0FAFE00F00EFFBDE8104000F020BFA7
S31508005250074B10B51B6813B11C693CB902E04FF047
S31508005260FF3010BD1861197702B1DA60002010BD51
S31508005270D41100202DE9FC411A4C05464FF0FF32A7
S31508005280206860B3217CC90729D0016839B3216039
S315080052904969E160FBF70CFC216808238A7F0869E5
S315080052A002EB420203EBC206875900268FB150F87B
S315080052B032700097142707EBC20280580190CE7708
S315080052C0887F0A6900EB400003EBC0001158684666
S315080052D088470DB1206886770020BDE8FC81104616
S315080052E0FBE70000D41100202DE9F041124E0446D8
S315080052F04FF0FF373068E8B9104800250570FDF70C
S31508005300D9FFB8B121684160616905608160E168CB
S31508005310C5604161226905618261057785774577B0
S315080053203060357460687060A068C6E902010020C4
S31508005330BDE8F0813846FBE7D4110020C003002001
S3150800534058B151B10B780278934200D90A70427865
S3150800535083789A4204D2827009E04FF0FF30704792
S315080053600978D31A8B4202DB511A491C8170002036
S31508005370704700001CB50C4C206810B1217CC90789
S3150800538002D04FF0FF301CBD616829B14268009217
S315080053908068019068468847012020742068406923
S315080053A0E06000201CBD0000D4110020F0B5264C9A
S315080053B099B02068F8B1217CC9071CD0E16839B1D9
S315080053C0426817928068189017A888470020E060FE
S315080053D021680D6965B3087F8DF80000887F8DF810
S315080053E00100487F8DF8020048680190886802909D
S315080053F000206E460EE04FF0FF3019B0F0BD00EB0E
S31508005400400305EBC30306EB80021F68D7605B69A0
S31508005410401C53639DF80020824201DD0A28EEDB1A
S31508005420C96809B13046884721689DF8020048775F
S315080054302068816931B1416817918168189181693D
S3150800544017A888470020D8E7D4110020014908602A
S3150800545070470000000100204FF47A71484300F0BD
S3150800546001B8000070B54FF0E02500216C69094AC3
S31508005470AB6912685043AA699A42FCD002D2A3EBE0
S31508005480020302E0A4EB02063344194413468142A0
S31508005490F1D370BD0001002003490A685206FCD505
S315080054A0C2B24A60704700000010014010B50028DB
S315080054B021D0114B0022001F196803E0814203D84E
S315080054C00A4649680029F9D152B11368841A9C42E0
S315080054D004D1006818441060104602E0506000E0ED
S315080054E0186039B102680B1A934203D10B681A4443
S315080054F002604968416010BD44040020F8B5684D53
S31508005500040013D006F090FE00286ED1606AB0B190
S315080055102069002500281BD0A08A002818D0A06979
S31508005520002815D0207F002812D06AE05DA35FA26C
S3150800553040F2011165A0009506F09AFCFEE76CA3FF
S315080055405AA24FF4877161A0009506F091FCFEE718
S31508005550204605F0E7FD002864D1204606F06EFDDA
S31508005560F8B1A560206D2061B4F84800012816D06E
S315080055700120A082606DA06194F858002077012070
S3150800558004EBC002516D31B1A3698B4203D9A16105
S3150800559092F858102177401C0428F1D329E00220FC
S315080055A0E7E7574B267B002000EB400203EBC201DE
S315080055B00F79B7421AD14F7994F80DC0674515D1BE
S315080055C08F7994F80EC0674510D100EB400053F868
S315080055D03000A06003EBC200806820618889A08241
S315080055E00869A061087D207703E01BE0401C1E289F
S315080055F0DAD3206990B1A08A80B1A06970B1207F02
S3150800560060B100213E4A237B0846903A02EBC00669
S3150800561036799E4207D152F8301007E039A006F0D5
S315080056204BFC0120F8BD401C1228EFD359B1A268E3
S3150800563022B143A0236906F03FFC08E04CA022698A
S3150800564006F03AFC03E055A0216906F035FC204631
S3150800565005F006FF0028E5D1217D490702D500227D
S3150800566001210AE0217BC2290CD1617B202909D1BD
S31508005670A17B162906D100221146204606F008FE0F
S315080056800028CFD12169B1F1807F05D92046BDE830
S31508005690F840012105F078BF84F83550F8BD0000C0
S315080056A0BC0E0108666C6173680000002825732922
S315080056B02068617320617373657274206661696C12
S315080056C065642061742025732E0000002E5C2E2E42
S315080056D05C4D6964646C6577617265735C73667545
S315080056E0645C7372635C736675642E630000000005
S315080056F0666C6173682D3E7370692E7772000000C0
S31508005700EC0B01085761726E696E673A2054686936
S315080057107320666C617368206465766963652069C1
S3150800572073206E6F7420666F756E64206F72206EBC
S315080057306F7420737570706F727465642E00000044
S31508005740466F756E64206120257320257320666C6C
S3150800575061736820636869702E2053697A652069C9
S315080057607320256C642062797465732E000000002E
S31508005770466F756E64206120257320666C617368B8
S3150800578020636869702E2053697A6520697320251D
S315080057906C642062797465732E000000466F756E1E
S315080057A064206120666C61736820636869702E20C6
S315080057B053697A6520697320256C6420627974655B
S315080057C0732E000010B506F0FDFA002808D1054A28
S315080057D04FF4806106F08CF8BDE8104004F054BD23
S315080057E010BD0000B40A00201CB5426813895B1E70
S315080057F09BB2CDE90031D1880022491E8BB21146F1
S3150800580000F00FFA1CBD00002DE9F04F04468DB0DC
S3150800581000681122012100F0EFFB052000F0F2F9E3
S3150800582060684D4A4179007902EB800036220B5CAC
S315080058300221206800F0E0FB05233A2202212068B5
S3150800584000F0DAFB4FF00C0B33200022CDF800B045
S31508005850CDE9012003905B46B2220621206800F0BC
S31508005860CBFB3523B7220221206800F0C5FB19239C
S31508005870BB220221206800F0BFFB2C23C022022194
S31508005880206800F0B9FB0123C2220221206800F03B
S31508005890B3FB1223C3220221206800F0ADFB2023AC
S315080058A0C4220221206800F0A7FB0F23C62202218A
S315080058B0206800F0A1FBA1200090A423D022032198
S315080058C0206800F099FB18224C23CDE9073209AA73
S315080058D023261F250B210D2082E863004FF01109AE
S315080058E054274FF03F0ACDF80890CDE905A70427BD
S315080058F0CDE900702B234FF01308CDE90383D0239D
S31508005900E0220F21206800F077FB512244230C96F1
S31508005910CDE906322F212020CDF814A0CDE90815AF
S31508005920CDE90A502C23CDF80890CDE90383CDE9BB
S31508005930007BD023E1220F21206800F05DFB2122A5
S315080059400121206800F058FB20680DB02922BDE827
S31508005950F04F012100F050BB9C0000202DE9F043D8
S3150800596004468DB000681122012100F045FB052090
S3150800597000F048F96068514A4179007902EB8000E5
S3150800598036220B5C0221206800F036FB05233A22FA
S315080059900221206800F030FB0C21009133254FF0DE
S315080059A00009CDE9019503950B46B2220621206828
S315080059B000F022FB3523B7220221206800F01CFBE9
S315080059C03523BB220221206800F016FB2C23C022B7
S315080059D00221206800F010FB0123C2220221206860
S315080059E000F00AFB1323C3220221206800F004FBFF
S315080059F02023C4220221206800F0FEFA0F23C622C3
S31508005A000221206800F0F8FAA1200090A423D022F1
S31508005A100321206800F0F0FAA123D622022120688B
S31508005A2000F0EAFA122009900A9030212826CDE9DA
S31508005A300B6138214FF03E080695CDE90781042011
S31508005A4003AA292705210190CDF80090029082E843
S31508005A508300F023E0220F21206800F0CDFA1420FD
S31508005A6009900A903221CDE90B713621CDE90781DB
S31508005A700D22029207200B21CDE903100A23CDE956
S31508005A800003CDE90565F023E1220F21206800F027
S31508005A90B3FA21220121206800F0AEFA1122012171
S31508005AA0206800F0A9FA782000F0ACF820680DB05C
S31508005AB02922BDE8F043012100F09EBA9C0000208F
S31508005AC02DE9F04F04468DB000681122012100F03F
S31508005AD093FA052000F096F86068494A41790079FA
S31508005AE002EB800036220B5C0221206800F084FA63
S31508005AF005233A220221206800F07EFA0C21009143
S31508005B0033250020CDE9010503950B46B22206216F
S31508005B10206800F071FA3523B7220221206800F0C8
S31508005B206BFA3223BB220221206800F065FA0123B2
S31508005B30C2220221206800F05FFA1523C32202213F
S31508005B40206800F059FA2023C4220221206800F0B8
S31508005B5053FA0F23C6220221206800F04DFAA1202D
S31508005B600090A423D0220321206800F045FA3126AC
S31508005B704FF01508CDE90A864FF0340907AA4FF009
S31508005B80140B17214820CDF83090069582E80308B3
S31508005B9009270E20CDE901074FF0080A0521CDF89F
S31508005BA000A0CDE904160397D023E0220F21206830
S31508005BB000F022FACDE90A8607AA17214820CDF86F
S31508005BC03090069582E803080E21CDE90117CDF835
S31508005BD000A0CDE904860397D023E1220F2120688F
S31508005BE000F00AFA21220121206800F005FA20684F
S31508005BF00DB02922BDE8F04F012100F0FDB90000E3
S31508005C009C000020FBF773B938B51C4605460B46C1
S31508005C10009200F0DBF821462868BDE8384000F01D
S31508005C20CEB92DE9FF4F81B08A46A3EB0A01064695
S31508005C30491CDDE90E208FB20399511A491C1FFA37
S31508005C4081F8010241EA10201FFA80FB306A08B188
S31508005C5000201CE0002511E00398002400EB05094C
S31508005C6009E00AEB040081B21FFA89F25B46304666
S31508005C70FFF7CAFF641CBC42F3DB6D1C4545EBDB32
S31508005C8005B0BDE8F08F346A24F810B0401CB8425D
S31508005C90F9DB009251463046039A00F097F8002443
S31508005CA07D0005E02A46316A306800F06FF9641C09
S31508005CB04445F7DBE4E7000010B50446104850F801
S31508005CC021106160C2B1012A16D0CB880889CB8021
S31508005CD061680023088160680121427140F2FF7201
S31508005CE0204600F0C5F8204600F00CF82046BDE82E
S31508005CF010400021FFF778BD0B89C888E7E7000048
S31508005D008C00002010B504460068002100F041F818
S31508005D106420FFF777FF0121206800F03AF8642035
S31508005D20FFF770FF0121206800F01DF86420FFF7D7
S31508005D3069FF60680179002914D0012908D0022971
S31508005D400BD003290ED12046BDE81040FFF7B8BE98
S31508005D502046BDE81040FFF757BD2046BDE8104075
S31508005D60FFF7FCBD10BD0C30AFF3008000280CD047
S31508005D700368002B09D082798A4201D0012200E00B
S31508005D80002281881846FBF7A5B970471C30FFF733
S31508005D90EDBF001DFFF7EABF0FB470B5A0B00D4602
S31508005DA00646144680216846FAF754FA28AB80213D
S31508005DB06846279AFEF7A4FC6B46224629463046D3
S31508005DC000F0A3F820B070BC5DF814FB2DE9F0478D
S31508005DD090460F4604461E46DDF8209000682A22A3
S31508005DE0012100F009F96068204D0179407905EB39
S31508005DF0011111F82000384481B2206800F0DFF85C
S31508005E0060680179407905EB011101EB8000407863
S31508005E10304481B2206800F0D2F82B220121206894
S31508005E2000F0EAF860680179407905EB011101EBA9
S31508005E308000817801EB080081B2206800F0BFF885
S31508005E4060680179407905EB011101EB8000C178A2
S31508005E5001EB090081B2206800F0B1F82068BDE8BE
S31508005E60F0472C22012100F0C7B80000AC00002042
S31508005E7070B5054C00F1080C04EB011172C98CE8E9
S31508005E807200C281038270BDACD400082DE9F843C4
S31508005E9004464068203B1FFA83F9C68823890025F3
S31508005EA0F61A8E422FDB06896089361A96422ADB55
S31508005EB0561E304480B20090481E184483B22046CD
S31508005EC0FFF784FF00201AE06269002609FB00211B
S31508005ED018F80170F80701D0E18900E0218A2068E6
S31508005EE000F06DF86D1C20897F08EDB2A84201D13B
S31508005EF0002502E0761C082EECDB08F1010080463E
S31508005F00A0894045E0DCBDE8F8832DE9F0411E464E
S31508005F1017460C46054612E068682989C088401A63
S31508005F20A04203DA68890024384487B23A462146F3
S31508005F302846761CFFF7AAFF2889204484B23378BE
S31508005F40002BE9D1BDE8F0812DE9F0414FF4803707
S31508005F501446884605467E1E0AE0BC420ED3A4F5C2
S31508005F607F443246334641462846FF3CFCF7D3F980
S31508005F70002D01D0002CF0D1BDE8F081A2B2334645
S31508005F8041462846BDE8F041FCF7C5B970B50E464E
S31508005F90154604460121FFF7F9FE2A4631462068D0
S31508005FA0BDE87040FFF7D0BF13B504460121FFF7DF
S31508005FB0EDFE012201A92068FFF7C6FF1CBD13B537
S31508005FC004460121FFF7E2FEBDF80410022208028A
S31508005FD040EA1120ADF8040001A92068FFF7B4FFD4
S31508005FE01CBD13B504460021FFF7D0FE012201A906
S31508005FF02068FFF7A9FF1CBD0FB470B506460698C2
S3150800600007ADC1B23046FFF7ECFF012405E015F8ED
S31508006010041B3046FFF7C8FF641C05988442F6DB6C
S3150800602070BC5DF814FB0000012211460148FBF71D
S3150800603051B8000000080240002201210148FBF780
S3150800604049B800000008024001210148FBF73AB8A8
S3150800605000080240012202210148FBF73BB8000074
S3150800606000080240002202210148FBF733B800006D
S315080060700008024002210148FBF724B80008024044
S31508006080012204210148FBF725B800000008024058
S31508006090002204210148FBF71DB800000008024051
S315080060A004210148FBF70EB800080240FFF7BCBF01
S315080060B0FFF7CABFB0FBF1F201FB1201401A7047A5
S315080060C00844401EFFF7F6BFF8B50E4604460125FC
S315080060D0A26D2CE0616E00F0070301EBD00105FA12
S315080060E003F3097819421DD1E16D606D0844E16E2C
S315080060F0B0FBF1F201FB12003060A26DE06D401CAE
S31508006100E065216E491E2166904209D2616E01EB57
S31508006110D00100F00700097805FA00F00142EDD138
S315080061200020F8BD401CE065206E401E2066E06D2C
S315080061309042CFD3206E28B1204600F05BF80028A5
S31508006140C6D0F8BDE16D606D0844E16EB0FBF1F2B2
S3150800615001FB120305A0009040F2BD2204A10CA089
S31508006160FEF7BEFA6FF01B00F8BD00000000000045
S315080061702E5C2E2E5C4D6964646C6577617265735E
S315080061805C6C6974746C6546535C6C66732E63004C
S3150800619025733A25643A6572726F723A204E6F20FB
S315080061A06D6F726520667265652073706163652020
S315080061B03078257825730A0000218165C165C16E8E
S315080061C001667047426D8A1AC16E0A44B2FBF1F342
S315080061D001FB1321826D8A4209D9406E01F007033B
S315080061E000EBD1000121027899400A430270002091
S315080061F07047000070B50446406DE16D0844E16ED5
S31508006200B0FBF1F201FB120060650020E065A06EAC
S31508006210216EC06AC00003F0B5FCA065A06EC16A15
S31508006220606EFAF717F8224601230649104603F06E
S31508006230C3FA050004D02046FFF7BEFF284670BD06
S31508006240002070BDC56100082DE9FF4F87B098464C
S31508006250DDE91676DDE914A99346002424E0301B0F
S31508006260082103F08FFC054601A904AA09EB0400DE
S31508006270CDF800A081E82500DDE90701A8EB0403B5
S315080062805A4600F0EBF8002808D139192A4604A81E
S31508006290FAF716F838B1002803DA01200BB0BDE882
S315080062A0F08F0220FAE72C44B442D8D30020F5E751
S315080062B02DE9FF4F87B09846DDE91676DDE914A982
S315080062C0934600241CE0381B082103F05BFC0546B6
S315080062D001A904AA09EB0400CDF800A081E825006D
S315080062E0DDE90701A8EB04035A4600F0B7F80028D1
S315080062F009D12A4604A9306800F070F92C443060A8
S31508006300BC42E0D300200BB0BDE8F08F10B5C26EDA
S315080063108A4204D9806EC2689047002801DDAFF32F
S31508006320008010BD2DE9FF41054608680C461E464B
S315080063309046411C36D0811C34D0E96E88420FD273
S31508006340A86E8169A068FFF7BBFE00900746A86E95
S31508006350D4E90012D0F808C0E368E047002801DD58
S31508006360AFF3008017D1CEB14FF0FF31C8F8001057
S31508006370D4E90012E068CDE90012CDE902073B46F0
S3150800638042464FF000012846FFF75EFF002802DB71
S3150800639004D06FF0530004B0BDE8F08121462846CA
S315080063A000F00FF90020F6E72DE9FF5F0646DDE964
S315080063B00F50DDF838908246119F9B460C4619F11E
S315080063C0020002D0F16E494538D9B16EE819C9699B
S315080063D088423FD932E0216849452DD16068A842F4
S315080063E02AD8B26E926A8318AB4225D9281A111A8E
S315080063F0384603F0C7FB80466168E068691A0844B6
S3150800640042465146F9F70DFF60684544291AC244C9
S31508006410A7EB0807A06803F0B1FBA060B16E896A14
S31508006420884217D15B4621463046029AFFF77AFF23
S3150800643080B104B0BDE8F09F491C01D0AFF30080DD
S31508006440C4F80090B06E81692846FFF733FE606095
S315080064500020A060002FBED10020EAE72DE9FF4FFB
S3150800646081B007468946DDE90F40B96E119E804620
S31508006470C969A019DDF838A01546884204D8F86E0F
S3150800648000285CD050455AD86FF0530005B0BDE8D7
S31508006490F08F3046B9F1000F19D0D9F800205245CF
S315080064A015D1D9E901128B18A34210D9A1420BD8EC
S315080064B0611A511A03F066FB8346D9F80400D9F825
S315080064C00C10201A014415E0091B03F05BFB2A682F
S315080064D0524517D1D5E901128B18A34212D9A14208
S315080064E00DD8611A511A03F04DFB83466968E868AE
S315080064F0611A01445A464046F9F793FE1BE0091B08
S3150800650003F040FB04998E421AD3B96E4969B4FB6D
S31508006510F1F201FB12429AB9B14211D8FFF7CAFD4E
S3150800652083460090B86E43462246D0F804C05146CA
S31508006530E0470028AAD1D8445C44A6EB0B0629E01C
S31508006540F86E08B1504522D9C5F800A0B86E416961
S315080065502046FFF7AFFD6860B86E4169049820448D
S31508006560FFF7AEFDB96EC96903F00CFB6968401AFE
S31508006570B96E896A03F006FBA8600090B86ED5E983
S315080065800012D0F804C0EB68E047002801DDAFF33D
S315080065900080CFD1002E7FF47CAF304676E710B569
S315080065A004464FF0FF3010602046FFF7BBFE002878
S315080065B006D1A06E01698847002801DDAFF3008087
S315080065C010BD10B5806E0C46FF22816AE068F9F7A7
S315080065D03AFE4FF0FF30206010BD000070B5002372
S315080065E00B4D11E0CC5C5B1C84EA000606F00F0636
S315080065F055F8266086EA101080EA141404F00F0491
S3150800660055F8244084EA10109342EBD370BD00007D
S31508006610040B010841420840B0FA80F0C0F11F009F
S31508006620704700002DE9FF4F89B09A46DDF858B04B
S315080066304FF004080DF1140904A90998FFF744FD61
S3150800664000283AD104990998FFF760FE90BBBBF180
S31508006650000F10D0ABF10100069006A9099800F0CA
S3150800666002F90699099A491C0691926ED2698A42DC
S315080066702FD0002425E0179804990160002166E0D0
S31508006680012507AECDF800A00395CDE90146031B09
S3150800669000210B9A0998FFF7E1FE00280DD104980E
S315080066A003958DE8510009AF012397E80700FFF726
S315080066B07BFE28B110F1540F4DD00DB0BDE8F08F18
S315080066C0641C06988442DBD31798049901600699DE
S315080066D03DE0401CFFF79EFF451C50460024CDF8C0
S315080066E014A02EE003F083FD049AA7000590CDF8C8
S315080066F00C808DE8840209AE012396E80700FFF7AF
S3150800670053FE0646059802F057FD05901EB116F190
S31508006710540F20D012E0691E8C4211D0CDF80C809F
S315080067208DE88102042300210B9A0998FFF796FE4B
S315080067300646059802F040FD05900EB13046BCE7C6
S31508006740641CAC42CED3179804990160A900189826
S3150800675001600020B1E707A0009040F6C33206A109
S315080067600DA0049BFDF7BCFF0A984FF0FF310160AE
S3150800677062E70000000000002E5C2E2E5C4D696466
S31508006780646C6577617265735C6C6974746C654674
S31508006790535C6C66732E630025733A25643A646508
S315080067A06275673A2042616420626C6F636B206190
S315080067B074203078257825730A0000002DE9FF4FEC
S315080067C085B09246DDE9149812988B4660B1401E52
S315080067D0049004A9059800F046F8044613A90598FC
S315080067E000F041F8064629E04FF0FF31C9F80010DD
S315080067F0002129E02046FFF70DFF0146A01BB0FA4D
S3150800680080F0C0F11F0003F0BDF905468100089825
S31508006810042308AA8DE80F00524659460598FFF743
S315080068201DFE0746089802F0C7FC08901FB13846B7
S3150800683009B0BDE8F08F0120A840241AB442D9D87F
S315080068400899C9F8001013990020C8F80010EFE756
S3150800685010B50446006802F0AFFC2060606802F0DC
S31508006860ABFC606010BD2DE9F041806E0D680E46E8
S31508006870C469083CB5FBF4F0002812D0401E03F0AA
S3150800688009FC404205EB80000838B0FBF4F73846AF
S3150800689003F000FC04FB1751404201EB8000306016
S315080068A03846BDE8F0812DE9FF4F87B0934614AA14
S315080068B01C4692E80105002829D0401E069006A924
S315080068C00798FFF7D0FF06460DF1100921465046F6
S315080068D04246904700281AD1E6B106F00100C0F1F9
S315080068E00205AB000021CDE90041CDE90293DDE9BF
S315080068F007015A46FFF7B2FD0446049802F05CFC0D
S315080069000490059802F058FC05902CB120460BB06F
S31508006910BDE8F08F0020FAE700246F1E07E059F85B
S3150800692024105046424690470028F0D1641CBC42C9
S31508006930F5DB09EB8500761B50F8044CC6E710B565
S315080069400446806E406B10B9E068FEF7AFFDA06E96
S31508006950806B10B9E069FEF7A9FDA06EC06B10B98F
S31508006960606EFEF7A3FD002010BD2DE9FF410C4621
S3150800697080460025681C00EBD07121F00101401A01
S3150800698004EB80014046FFF79FFB00281CD16D1CD5
S31508006990022DEFDB0026A6602168042704F1080013
S315080069A0CDE90016CDE9020742463B463146104678
S315080069B0FFF754FD0546A06802F0FEFBA06035B15E
S315080069C015F1540F03D0284604B0BDE8F081D8F875
S315080069D06810496A002905DD491C41F00101FFF7E5
S315080069E06FFBA0604FF0FF30C4E90370A682A06178
S315080069F0E061A675E6750020E6E710B503F0D1F864
S31508006A00002010BD10B5044601F00AF8002808DB7E
S31508006A1006D04FF00001204602F03EFC002800D1C7
S31508006A20002010BD30B40C4603C81346224630BCBD
S31508006A3000F00AB810B50446084603F0C4FB2168FE
S31508006A4008442060002010BD2DE9F047824686B034
S31508006A501E460F461446104603F0B5FB79680546F0
S31508006A6048197969884204D96FF01B0006B0BDE859
S31508006A70F087B96824F0004989EA010002F096FB1C
S31508006A800490042304AA3946504600F025F9002844
S31508006A90ECD1002C08DB2B1F32463946504600F055
S31508006AA01BF90028E2D120E00024A5F104081AE029
S31508006AB07068316801220392009105AB2044CDE944
S31508006AC001032B1B5246002110461B1FFFF7C6FC6D
S31508006AD00028CBD1012305AA3946504600F0FCF818
S31508006AE00028C3D1641C4445E2D30020C7F80890A7
S31508006AF0BCE700002DE9F04F0746806E0C468BB0C8
S31508006B00C1696068143003F03DF8B96E8969FFF70A
S31508006B10D7FA06464FF0000807F11000C2464FF0B4
S31508006B20FF3B0A909DE0301A40F2FE31001F03F049
S31508006B3029F86168001D4518B54205D2A6F1140169
S31508006B40284603F01FF80546FF208DF82400B542B5
S31508006B503AD3B86ED0E90631C81AA84234D32068A9
S31508006B60012109AACDE90221CDE900053A4600210D
S31508006B701046FFF773FC10B110F1540F7ED153483D
S31508006B800021C0680590B86E83690493226805A839
S31508006B90CDE90025CDE902303A461046FFF788FBD5
S31508006BA010B110F1540F69D1049803F020FB04903A
S31508006BB0059803F01CFB059004AB454A2146384668
S31508006BC0FFF742FF00287DD19DF82400C043C0F39B
S31508006BD0C0100105606801F1A041281A001F014391
S31508006BE03C4841EA0009A06880EA090002F0DEFA9A
S31508006BF00690042206A9E068FFF7F0FCE06003F0BF
S31508006C00F6FA0790D4E90001082306AA8DE80F00D2
S31508006C103A46002310460A99FFF7C6FB002851D1C9
S31508006C20B8F1000F04D16068D4F80CA000F104088C
S31508006C3065609DF824108020884389EA0060C4E9CD
S31508006C40020BB54205D2B96E7869896A0844A8422A
S31508006C5007D83A46002310460A99FFF7A0FC0028F1
S31508006C6030D16068B042FFF45EAF206908ADA8EB8A
S31508006C700001CDF820B008F1040300E022E0226804
S31508006C80CDE90020CDE902153A4600211046FFF766
S31508006C900FFB002816D108996FF05306514510D1FD
S31508006CA021680422CDE90225CDE9001813463A46A3
S31508006CB000211046FFF7FCFA002803D1089800289F
S31508006CC000D030460BB0BDE8F08F0000FC08010884
S31508006CD008FCFF5F00FC0F007FB50C461646D4E99A
S31508006CE0001203938DE846001D460023024600F174
S31508006CF01001FFF759FB002809D12A463146E068FA
S31508006D00FFF76CFCE060606828446060002004B00F
S31508006D1070BD00002DE9FF4F95B00C46DDE9238BC9
S31508006D200546002700F010FE0600A068DFF800926E
S31508006D3000F10100A060D9E90410CDE9001005D0E2
S31508006D406946204603F042F900287CD17849182282
S31508006D50543109A8F9F765FA60680990A96EC86CF4
S31508006D6000B9C86908380E9028466168FFF7CEFA58
S31508006D70002869D1A06803F03AFAA060042304F158
S31508006D80080209A92846FFF7A7FF8246A06802F06D
S31508006D9013FAA060BAF1000F06D01AF1540F74D096
S31508006DA0504619B0BDE8F08F09A8CDE91250614BDD
S31508006DB0C8F1000000B212AACDE906030892002124
S31508006DC05D4BCDE90231189ACDF814B001921798A7
S31508006DD0CDF810804B1E0A4600902846229901F0ED
S31508006DE01BFB88BB04F11800009003F00AF9A0B950
S31508006DF0009803F022F9E07D09A902054F4802F13F
S31508006E00C04202432846009BFFF71EFE82460098B2
S31508006E1003F0ECF8BAF1000FBFD100200F901090E4
S31508006E2011904FB905F13C010FA802F0ACFD05F130
S31508006E3030010FA802F0A7FD05F148010FA802F0DE
S31508006E40A2FD0F9801E020E01CE06FF309000F9007
S31508006E500FAA2146284600F0FBFB0028A1D10FA85F
S31508006E6002F071FD48B90FA802F07EFD0FAB344A57
S31508006E7009A92846FFF7E8FD20B909A92846FFF71A
S31508006E8039FE38B110F1540F8BD10127B81E28618D
S31508006E901EB32BE0A96E0A988969B0FBF1F201FBD3
S31508006EA0120008B1AFF30080D4E90010C4E900016C
S31508006EB0ABEB0800A0820A98E0600B982061D9E93C
S31508006EC01212D9F85000A964C5E913201FB9303544
S31508006ED007CD85E80700384663E71AA0009040F614
S31508006EE0330219A120A06368FDF7FAFBD9E9061059
S31508006EF0CDE9011001A9204603F068F858B1211D13
S31508006F002846FFF7E1F820B110F11C0FE4D1002E56
S31508006F10E2D000261AE70BA0009040F638020AA134
S31508006F201AA06368FDF7DCFB6FF01B0039E7000069
S31508006F30FC080108256A000800FC0F4008FC0F0041
S31508006F400CFCFF7F000000002E5C2E2E5C4D696451
S31508006F50646C6577617265735C6C6974746C65469C
S31508006F60535C6C66732E630025733A25643A646530
S31508006F706275673A2042616420626C6F636B2061B8
S31508006F8074203078257825730A00000025733A2581
S31508006F90643A7761726E3A205375706572626C6FE7
S31508006FA0636B203078257820686173206265636F8B
S31508006FB06D6520756E7772697461626C6525730AF2
S31508006FC0000000001FB50024631ECDE900340294BA
S31508006FD0039400F003F804B010BD00002DE9FF4F3C
S31508006FE00646C06E93B090460C464FF0FF3A60B125
S31508006FF0D8F80010814203D2D8F80410814204D38D
S315080070006FF0530017B0BDE8F08F00200A90814654
S3150800701005460DF1280B0B9058F8250004230BEBB9
S31508007020850200218DE80F0032461046FFF716FA52
S3150800703007465BF8250002F0BFF801464BF8250025
S3150800704027B117F1540F01D03846DBE754370BD078
S31508007050681C00EBD07323F00103C01A5BF820000C
S31508007060081A002800DDA9466D1C022DD4DB09EBA1
S31508007070D97121F00101A9EB010158F8210020601E
S3150800708009F1010000EBD07222F00102801A129079
S3150800709058F8200060600AA850F82100A060002077
S315080070A0E0600C9004F108001190DC4800274FF0CE
S315080070B0FF38D0E90010CDE905100F970E970D9708
S315080070C0B9465546A06803F092F8A06004224046E7
S315080070D01199FFF783FA0990A06802F06DF8A0608D
S315080070E0404603F070F822684FF0040B074404A9E1
S315080070F0CDF80CB00092CDE90171B06E3246002190
S31508007100C3691046FFF7AAF9002871D1042204A919
S315080071100998FFF763FA0990049802F047F880EA9D
S315080071200800C1170490491C24D003F04CF8B16E2E
S315080071303844CB69984226D804984FF4F06101EA9E
S3150800714010518046B1F5A06F20D003F03CF82268B4
S31508007150011F09AB07F1040BCDE90213CDE9002B9A
S31508007160B06E32460021C3691046FFF7A1F8002821
S315080071707CD13EE04FF4F06101EA1850B0F5A06FFB
S3150800718002D000200E9075E00120FBE72268391D29
S31508007190CDE900210DF1400CCDE902CB32460021A4
S315080071A01046FFF75BF918BB109802F005F8099925
S315080071B0109081425ED104980422000D88EAC078B6
S315080071C009A9F06AFFF70AFAF062AA46049802F0DB
S315080071D0FAFF3844C4E90308A4F814900598A06196
S315080071E00698E0610F98E0754FF0FF30099077E751
S315080071F03CE004984FF4E06111EA10514BD0B1F528
S31508007200806F4FD0B1F5C06F6BD0C0F30A50A0F5B0
S31508007210A061FF3919D12068082207ABCDE9000B18
S31508007220CDE90232B06E3246C3691046FFF716F949
S3150800723008B154301ED0079801F0BEFF0790089891
S3150800724001F0BAFF089001200D9004991698169B34
S31508007250209A084013409842C9D12068CDE9000B0E
S31508007260DDE922306A469847002852DA10F1540FB1
S315080072707FF4EBAEE06890B30020A0750E98002866
S3150800728008D0B16EE0688969B0FBF1F201FB120023
S31508007290002873D091E0C0F389204845D5D300F182
S315080072A00109D2E702F0A0FF48441FFA80F95C48BA
S315080072B005EA00015B4801430498814202D145F082
S315080072C00045C2E7691CC0D0C0F38921C5F38922ED
S315080072D09142BAD802F088FF05EB8025B5E730E081
S315080072E0FFE7000DC0F300000F902268082005ABE9
S315080072F0CDE90230CDE9002BB06E32460021C369D4
S315080073001046FFF7ABF80028B0D105A802F06EFECC
S315080073109BE701D1049DE3E6434A049901EA020387
S315080073202A40934202D14FF0FF35D9E60228F2D11E
S31508007330C1F38920C5F389229042ECD841F0004573
S31508007340CEE6D4E90010C4E9000112980AA951F85A
S315080073502000A0600C98401C0C900228FFF6A5AEF1
S3150800736032A16068CDE9000140F2655230A100E023
S3150800737004E037A02368FDF7B3F941E60D98E0B1BC
S315080073804FF0FF300490206804AB079AE1688DE857
S315080073900F00B06E32460021C3691046FEF788FF1B
S315080073A018B110F1540F7FF450AE0499089888422A
S315080073B001D1012000E00020A075214606F13C001D
S315080073C002F0AEFA88B1F06BCAF38921C0F38920BE
S315080073D0884202D14AF0004006E0BAF1FF3F04D0E5
S315080073E0884202D2AAF580608246219830B1CAF353
S315080073F08920A18A02F0C6FB219908804FEAEA7023
S31508007400401C01D05046FDE5A18ACAF3892088426E
S3150800741002D26FF00100F5E50020F3E5FC0801084B
S3150800742000FC0F000000F04F00FCFF7F000000008A
S315080074302E5C2E2E5C4D6964646C6577617265738B
S315080074405C6C6974746C6546535C6C66732E630079
S3150800745025733A25643A6572726F723A20436F72E1
S31508007460727570746564206469722070616972202F
S315080074706174207B307825782C20307825787D2516
S31508007480730A00002DE9FF4F89B08B460B98DFF889
S315080074903C8104680998016ACBF818100998416A72
S315080074A0CBF81C102078B0B30BF118000790C8F37E
S315080074B00A5ABAF1020F04D145A12046F8F716FF79
S315080074C0044443A12046F8F71FFF0646012802D0C8
S315080074D0022E08D00DE001223EA12046F8F7F0FE64
S315080074E038B9641CE5E702223BA12046F8F7E8FE16
S315080074F088B1A719012536A13846F8F7F7FE3844AA
S31508007500814633A1F8F700FF07001FD0012F08D0E6
S31508007510022F0DD012E0FFE76FF015000DB0BDE8A1
S31508007520F08F01222BA14846F8F7CAFE38B105E0CC
S31508007530022229A14846F8F7C3FE10B16D1C4F4434
S31508007540D9E76D1EFBD109F10204B2E7207838B1FC
S315080075500B98BAF1020F046004D06FF01300DDE750
S315080075604046DBE7C8F38920A0F54071FF390ED005
S315080075701A491B4A41EA80230798009059460998F8
S3150800758000F05BF80028C9DB079802F02FFD154FBD
S3150800759004AD4FF0F04904A909984B4681E851001B
S315080075A00C98CDE90275CDE900605946079A099805
S315080075B0FFF714FDB0F10008B0DB01D0344476E7DC
S315080075C09BF817000028E6D1801EA7E700FC2F00CD
S315080075D02F0000002E0000002E2E000008000020BC
S315080075E000FC0F70E97500082DE9FF410446C1F358
S315080075F00907066815468068394602F0C3FAD5E9D0
S3150800760000120346606800910393CDE901203246D3
S3150800761000211046FEF718FE002805D1A06887420B
S3150800762008D004D94FF0010004B0BDE8F0814FF04E
S315080076300200F9E74FF00000F6E7FEB5C3F30906C6
S315080076400024089D8DE8700000F0E8F8FEBD0000F3
S315080076507FB51446054601A8104A00900F4B0C3A10
S315080076602846FFF7EAFF002802DA811C13D111E049
S31508007670801C0FD0019801F09FFD0190029801F03F
S315080076809BFD0290039801F097FD039001A92046FF
S3150800769002F079F9002004B070BD00000C00F07FFC
S315080076A0FEB50646A2F540701C4615460F46FF383D
S315080076B028D004F108000090306F194A401C40EAAF
S315080076C085233046FFF7B9FF002827DB000D207019
S315080076D001A800901348144A40EA852339463046E3
S315080076E0FFF7ABFF050019D401A8FFF7B1F8C5F3FA
S315080076F00A50A0F5007102390AD0A0F500710139C7
S3150800770008D00AE009A0008820810220207004E041
S31508007710029801E0C5F3090060600020FEBD000084
S3150800772000FC0F780800002000FC0F702F000000F6
S315080077302DE9FF4F83B08146DDE913408046D9F82D
S315080077406800159EDDF840B0C069A1191D461746A8
S3150800775081425ED96FF0530007B0BDE8F08F30461E
S31508007760A7B13968891C11D1D7E901128B18A34230
S315080077700CD9A14207D8611A511A02F003FA8246B7
S315080077807968F86813E0091B02F0FCF92968891C76
S315080077901BD1D5E901128B18A34216D9A14211D8DB
S315080077A0611A511A02F0EEF982466968E868611AA8
S315080077B0014452464046F8F734FDD0445444A6EBFB
S315080077C00A0626E0091B02F0DDF96FF001002860C1
S315080077D0D9F8680041692046FEF76CFC6860D9F85C
S315080077E06800416904EB0B00FEF76AFCD9F86810DB
S315080077F0896A02F0C7F9A8606A68E9680092CDE963
S315080078000110DDE911234846049900F007F800281D
S31508007810A2DB002EA3D100209EE700002DE9F04F41
S3150800782089468346D9E9036085B01F460490904689
S3150800783000250BF13C0002F073F8C8F3892A0028EA
S3150800784072D0BAF1000F6FD0DBF83C00C7F389217C
S31508007850C0F3892088426DD066D2384D64E004981A
S3150800786002F0B1FC361AD9F80000042104AACDE9C1
S315080078700221CDE900060B465A46049C0021104613
S31508007880FEF7ECFD00284CD1049801F08FFC60400F
S3150800789020F000400490BAF1000F18D04FF4E060D1
S315080078A000EA1450B0F5806F11D1781BC4F3892112
S315080078B0C0F3892291420AD8214908402149084340
S315080078C0A04237D0204602F08FFC05EB8025791BB5
S315080078D008EA040001EA0801884225D1204602F098
S315080078E07BFC38BBC4F30900109902F04BF9074634
S315080078F0DDE90E10D9F800203144091DCDE9002133
S31508007900CDE902075A463B4600211046FEF7A6FD7A
S31508007910002806D11098C11B0F983844F8F79AFC2E
S31508007920601905B0BDE8F08F049802F04CFC001D04
S31508007930B04294D96FF00100F3E7000000FCFFFFA6
S3150800794000FC0F0000001040806E406A002809DD28
S315080079508968401C40F00100491CB1FBF0F200FBAD
S31508007960121008B1002070470120704770B5044610
S3150800797015460E46806A02F009F908B1AFF3008091
S315080079802A4631462046BDE8704000F001B800009E
S3150800799077B50C4683B008310546002305AA0E467E
S315080079A0FFF770FD002805DBC0F30A51022903D052
S315080079B06FF0130006B070BDC0F38920A0F54071C2
S315080079C0FF3923D01449154A41EA802301A80090BB
S315080079D031462846FFF731FE0028EBDB01A802F006
S315080079E005FB01AA31462846FFF7ECFA0028E1D143
S315080079F0A068E062E06820630020A080A062022000
S31508007A00A071A86A20600020AC62D3E7286A0190BA
S31508007A10686A0290E5E700000800002000FC0F7085
S31508007A202DE9F04F9DB01D4690460F460646846ADE
S31508007A301FE004F1080087421AD0394602F0C6FA58
S31508007A40B0B9A079012813D1206BC00210D5B16E48
S31508007A50E06A896A88420BD92146304601F058F90E
S31508007A6000286ED12146304600F07AFE002868D1FB
S31508007A702468002CDDD13868159078681690202285
S31508007A80394605A8F8F7CDFB0DA8CDE900504346C1
S31508007A903A4605A9304600F001FA050051D415A961
S31508007AA0384602F093FA20B9202205A93846F8F795
S31508007AB0B8FB4FF0000A022D2CD106F148023946D0
S31508007AC03046FFF7C5FD002871D10D9815900E9820
S31508007AD0169007F11800044602F0AFFAF87DA2499D
S31508007AE0000500F1C04008430121CDE9001ACDE99F
S31508007AF0020402AB15AA0DA9304600F0CFF90546D7
S31508007B00204602F073FA002D72DB20220DA905A883
S31508007B10F8F787FB06F130004FF0000940F2FF380E
S31508007B20DFF848B21B9017E106F120001C90DDE94A
S31508007B30051216988EA38DE80F0040F6A9128DA19E
S31508007B4000E034E093A0159BFCF7CAFD002515A8B4
S31508007B501C9902F03BFA18B90598306206987062CB
S31508007B60B46A17E004F1080115A802F02FFA18B94B
S31508007B700598A0600698E060A079022809D104F16A
S31508007B802C0115A802F022FA18B90598E0620698A1
S31508007B9020632468002CE5D10DAA15A9304601F00A
S31508007BA021FD040004F1020004D530B120461DB0C1
S31508007BB0BDE8F08F08B1012700E00027002852D061
S31508007BC00121304601F0C8FD0028F0D145460DA92F
S31508007BD01B9801F0A5FED8B1306B65A1C0F38925C5
S31508007BE00E98CDE90005029140F6D61261A100E093
S31508007BF0ABE076A00D9BFCF773FD002241463046AC
S31508007C0001F088FDC4F38920A84201D9A4F580644F
S31508007C100D9803900E98049005A802F00EFA5046A7
S31508007C20CDF85CA0CDF860A0CDF864A0CDF868A02A
S31508007C30454502D04BEA852100E00021179105A9A8
S31508007C40CDE919410221CDE9001017AB03AA0DA908
S31508007C50304600F023F9054605A802F0C7F9002DBD
S31508007C6073DB012D0CD00DAA15A9304601F020FDB5
S31508007C7008B1811C9BD100F102007FB180B90BE0ED
S31508007C80039815900498169020220DA905A8F8F7D0
S31508007C90C8FA4FF001094AE7AFF3008000285BD025
S31508007CA01B9801F04AFE28B17942304601F054FD8E
S31508007CB000288AD1454644460DA91B9801F030FE96
S31508007CC098B1306B2AA1C0F389240E98CDE9000437
S31508007CD0029140F60A2227A13CA00D9BFCF700FD65
S31508007CE000222946304601F015FD0D9815900E988C
S31508007CF0169005A802F0A1F95046CDF85CA0CDF87B
S31508007D0060A0CDF864A0CDF868A0AC4202D04BEADA
S31508007D10842100E0002117919DF84B10124A0905AD
S31508007D2001F1C0411143199105A91A910221CDE922
S31508007D30001017AB15AA0DA9304600F0AFF8054696
S31508007D4005A802F053F9002D01DA28462FE720226C
S31508007D500DA905A8F8F765FA012D3FF4E5AE5FEA27
S31508007D600900F3D0032022E708FC0F000000F04FBB
S31508007D70000000002E5C2E2E5C4D6964646C6577ED
S31508007D80617265735C6C6974746C6546535C6C6689
S31508007D90732E630025733A25643A64656275673AFB
S31508007DA02052656C6F636174696E67207B30782535
S31508007DB0782C20307825787D202D3E207B3078253C
S31508007DC0782C20307825787D25730A0025733A2586
S31508007DD0643A64656275673A20466978696E672011
S31508007DE06D6F7665207768696C652072656C6F6360
S31508007DF06174696E67207B307825782C2030782569
S31508007E00787D20307825780A25730A00AFF300803C
S31508007E102DE9F0410C46074615464FF48471104685
S31508007E20F8F718FAA06A022138B301282AD004F113
S31508007E300806A088A18B88420BD1E07F00281AD0BB
S31508007E4004F1200231463846FFF7BCF8002812D163
S31508007E50A08082B22B4631463846FFF721FC08B18E
S31508007E60811C08D1A188491CA180801CE1D0A06A88
S31508007E70401CA0620120BDE8F08106A02970008898
S31508007E802881F4E7297004A105F10800F8F725FA16
S31508007E90EDE700002E0000002E2E00002DE9F04F21
S31508007EA097B006464FF0000A01F118001F469346A0
S31508007EB00D46D0465446DDF88090129031E057F8CA
S31508007EC03400C0F30A51A1F58062013A0BD0A1F53E
S31508007ED08062FF3A0BD04FF4E06101EA1050B0F52A
S31508007EE0C06F0CD01CE0A88A401CA88218E0A88A9B
S31508007EF0002872D0401EA8824FF0010810E007EB58
S31508007F00C40041680968A96140684068E86157F893
S31508007F103400000DC0F30000E875129802F066F808
S31508007F20641C4C45CBDBB8F1000F15D0A88A98B96C
S31508007F302198002851D002462946304601F0B8FB60
S31508007F4010B1811C46D107E0801C05D02198C07D60
S31508007F5010B14FF0020A8AE0A87D4FF00008002809
S31508007F6075D01822894909A8F8F75BF92868099095
S31508007F70E8680A9028690B90E8680D90B16EC86C9D
S31508007F8000B9C86908380E90129802F056F809A880
S31508007F90CDE915607E4A15A9CDE906820891CDF886
S31508007FA01480CDE90198CDF80C80CDF810800097A3
S31508007FB0D5E903232946304600F02EFA04461298DE
S31508007FC002F014F854B114F11C0F40D014F1540FF8
S31508007FD03DD0204617B0BDE8F08F58E0CDF83C807C
S31508007FE0CDF8408006F130010FA8CDF8448001F0A5
S31508007FF0CAFC06F13C010FA801F0C5FC06F14801D0
S315080080000FA801F0C0FC0F986FF309000F900FA896
S3150800801001F099FC80B90FAA29463046FFF718FBEC
S315080080200028D7D10FA801F09FFC0FAB594A09A920
S315080080303046FEF709FD20B909A93046FEF75AFD74
S31508008040E8B110F11C0F02D010F1540FC2D14FF055
S31508008050FF303061A88A0095CDE901804B463A4643
S315080080602946304600F0D0F85FEA000AB2D4DBF8B9
S3150800807000001390DBF804001490B46A81E0B16E36
S315080080800A988969B0FBF1F201FB120008B1AFF357
S3150800809000800A98E8600B983036286107CE07C634
S315080080A03A480C3807C886E80700483EDFE704F177
S315080080B0080013A9009001F089FF80BB20222946F9
S315080080C00098F8F7AEF8009858453DD0002039E0FA
S315080080D057F8301040F2FF43C1F30A529A420FD1C3
S315080080E0B4F80480C1F3892CC44509D194F806C0B4
S315080080F0BCF1020F04D04FF0FF31A160E16020E02F
S315080081009A420DD1A388C1F3892C9C4508D25B1EDF
S31508008110A380A179022914D1A16A491E10E02FE093
S31508008120A2F58063013B0CD1C1F38922A1888A425A
S3150800813007D8491CA180A179022902D1A16A491C44
S31508008140A162401C4845C3DB06F1200004F1200863
S315080081500190A088A18B884212D3E07F80B1404667
S31508008160019901F033FF18B1A088A18B401AA080AD
S31508008170424630460099FEF725FF0028E9D029E750
S315080081802468002C93D1504624E70000740901089E
S31508008190256A00080CFCFF7F2DE9F0478CB00C46D9
S315080081A0DDE9156799469246054603A9DDF850802C
S315080081B0FEF7DBFB002824D1E07D8DF82300A069BB
S315080081C00990E069CDF800800A904B46524603A90B
S315080081D02846CDE90167FEF79DFD002811DB0398C7
S315080081E0A0610498E0610120E07505F120012046B0
S315080081F001F0ECFE20B91EB903982862049868625B
S3150800820000200CB0BDE8F0872DE9FF4F8BB08B46F8
S31508008210DDE91985DDF860908246444630E0504B2A
S31508008220614209B2002009AACDE90613CDE9082062
S315080082300595A1B20E9A4B4BCDE90301CDE9012371
S315080082400D9800904FF0FF3300224946504600F043
S31508008250E3F8002870D1DAF86800C66C06B9C66972
S31508008260FF2F0BD281697008FDF72AFF0146A6F198
S31508008270280001F087FC0999884204D204EB5704C8
S315080082802F1B012FCBD844451BD0A0B2CDF80090A8
S31508008290CDE90105DDE90D2359465046FFF77CFF78
S315080082A000B310F11C0F57D12FA1DBF80400CDE95C
S315080082B0000140F68C022DA134A0DBF80030FCF753
S315080082C00FFA3D48D0E90810CDE903105946504643
S315080082D0FFF73AFB002835D003A9584601F076FE89
S315080082E010B12FE0A5B298E7504601F051FA0028E0
S315080082F032DBDAF86C10081AB0EBD10F22D91AA0C3
S31508008300009040F6A20219A12CA0DBF80830FCF771
S31508008310E7F9CDF80090CDE90185DDE90D23594649
S315080083205046FFF739FF60B110F11C0F14D10EA3A8
S3150800833040F6AC020DA100E00EE02CA0FCF7D0F947
S3150800834000E00125CDF80090CDE90185DDE90D2392
S3150800835059465046FEF7DEFC0FB0BDE8F08F000028
S31508008360356A000800FC0F40000000002E5C2E2E27
S315080083705C4D6964646C6577617265735C6C69747D
S31508008380746C6546535C6C66732E630025733A25D8
S31508008390643A7761726E3A20556E61626C65207434
S315080083A06F2073706C6974207B307825782C2030A8
S315080083B07825787D25730A00FC08010825733A2577
S315080083C0643A64656275673A20457870616E6469D7
S315080083D06E67207375706572626C6F636B2061746B
S315080083E02072657620257525730A000025733A25BF
S315080083F0643A7761726E3A20556E61626C652074D4
S315080084006F20657870616E64207375706572626C32
S315080084106F636B25730A00002DE9FF4FB5B0002482
S31508008420DDE943B7DDE94869DDF8088115468A467E
S3150800843032943394389801F0C6FE4119DAF80C00E4
S31508008440814224D2389801F0BEFE0544DAF80000CD
S31508008450042131AACDE90221CDE90005359A0B465A
S3150800846000211046FDF7FAFF00287DD1319800F06B
S315080084709DFE3899484040F000403190DAF80010E7
S315080084803291291D339132A9009138900CE0BBF145
S31508008490000F19DDD8F800003190D8F8040008F16B
S315080084A00808ABF1010B00907A4831993840459B92
S315080084B000EA010218408242BCD1C7F38920C8B33A
S315080084C0032C03D3AFF30080002057E0CDE922A5A3
S315080084D024AA389882E80109CDE927734698ADF8A9
S315080084E0A4004798ADF8A6004A98CDE92C01009853
S315080084F02E90DDE93201ADF8A860CDF8AC90CDE953
S315080085002F01C4EB041104A800EB81003C2222A928
S31508008510F7F787FE0027641CC4EB041104A800EBD8
S3150800852081004597103846973E46DFF86C91479785
S315080085304A907FE7FFE7C7F3892040B1319846990B
S31508008540C0F389208842F4D347998842F1D23199F9
S31508008550C1F30A500028ECD0A0F58072013A32D057
S31508008560B0F5817F6CD000E086E001EB86214B46B2
S31508008570009A4A98984700287EDBDAD0002C7BD0F0
S31508008580C4EB041104A800EB8100A4F1010450F81F
S315080085903CADD0E901513891D0E90571D0E9038B9A
S315080085A04591818B4691C18B4791D0E90991B0F9E4
S315080085B020604A91C16A3191016B0091D0E90D1092
S315080085C0CDE93210B7E734498945B2D03C2122A813
S315080085D0F7F740FECDE922A5389824A9279781E820
S315080085E00109459828904698ADF8A4004798ADF833
S315080085F0A6004A982C90C4EB041104A800EB81004D
S31508008600ADF8A860CDF8AC903C2222A9F7F709FE90
S31508008610002531996A1EC1F309003892DDF800A0D9
S315080086204FF00052CDE94520421CC1F38921081AB2
S315080086303044A846AB46194F06B2641C4792F9E681
S3150800864000201CE0C1F389210098314402EB420264
S315080086508B0210F8221000EB820001F5407143EA04
S31508008660015182684B46114342684A989847002848
S315080086700DDBE4D1019800E009E000F1010001906A
S315080086803199019AC1F309009042D8D9DAE739B08D
S31508008690BDE8F08F0000F07FA186000800FC0F609F
S315080086A070B50446194E0D46C80001D5304600E09F
S315080086B01748216800EA0502084082420CD008469D
S315080086C001F08AFD40B913492068134B014005EAB9
S315080086D0060219438A4203D100202060012070BD9A
S315080086E04FF4E06101EA1551B1F5806F0CD1C5F37D
S315080086F08921C0F38920814206D8284601F074FDF5
S31508008700216801EB80202060002070BD00FCFF7FFF
S3150800871000FC0F7000FC0F000000F04F70B5044617
S315080087200D46806A01F032FA28B129462046BDE88E
S31508008730704000F002B8AFF3008070B50C460646EC
S3150800874000F0B2FB05462146304601F02AFA206DB4
S31508008750006810B9E06CFCF7A9FE284670BD000059
S315080087602DE9F0410546086B0C4696B041034FF0DB
S31508008770FF3701D4206B05E0C10200D4276420F43A
S315080087808020206381035CD5666BC00249D45422DD
S315080087902D4901A8F7F745FDA06A0B90E06A0C90F1
S315080087A0606B0E9095E80F000DF1440888E80F00FD
S315080087B013E001236A4601A9284600F06BF8002851
S315080087C02CDB01236A462146284600F0DFF80028FC
S315080087D024DB2868401C01D011972F60E16A606B82
S315080087E08842E6D304F1400740F64E582A4601234C
S315080087F039461046FDF796FDC0B110F1540F0DD15C
S3150800880012A00090424612A119A0A36BFBF768FFBD
S315080088102146284600F0AEFA0028E7D016B0BDE893
S31508008820F0813046E16A01F0A9F96063A06BA062A5
S31508008830606BE062206B20F4003040F48030C4E9BD
S315080088400C060020EAE7000098090108000000006D
S315080088502E5C2E2E5C4D6964646C65776172657357
S315080088605C6C6974746C6546535C6C66732E630045
S3150800887025733A25643A64656275673A20426164ED
S3150800888020626C6F636B20617420307825782573BD
S315080088900A0000002DE9F0470C460746496BE06AD6
S315080088A086B01646814203D3002006B0BDE8F0879D
S315080088B0411A184601F066F98146C84604F1400A8D
S315080088C05AE0206B410304D5BA6EE16BD269914236
S315080088D01AD1C0020FD404F13C03E06A1A1F616B77
S315080088E08DE80F00524600213846A36AFDF766FF59
S315080088F00028DAD104E06FF00100A063606BE06342
S31508008900206B40F480202063B86EE16BC069411A81
S31508008910404601F037F90546206BC00215D5A188F7
S31508008920E06B184ACDE9046542EA8121CDE90210D7
S31508008930B86E15495346C069CDE90001002204F115
S3150800894008013846FEF7F4FE0BE0D4E90E0103955C
S315080089508DE84300B86E52460021C3693846FDF7D4
S315080089607DFD0028A1D1606B2E4428446063E06B2E
S31508008970A8EB05082844E063B8F1000FA1D14846E2
S3150800898093E700000000102000FCF7FF2DE9F04FE8
S315080089900C460546086B85B09B4690461F46C102A5
S315080089A004F1380904F1400A6AD5606BE16A384473
S315080089B001F0E4F8E96F884262D92146284600F0BA
S315080089C0A7F9002868D15BE0206B810304D5AA6E5D
S315080089D0E16BD269914231D1C10226D4800314D405
S315080089E0606B90B100210491E26A401ECDE9002037
S315080089F004ABCDE9029352462846A36AFDF7DEFE8C
S31508008A0098BB51462846FDF7DCFDE86E2866626B82
S31508008A10009204F13C01CDE901912A4651461046DF
S31508008A20A36BFDF7FFFD00BB04E06FF00100A06338
S31508008A30606BE063206B40F400302063A86EE16B46
S31508008A40C069411A384601F09DF80646D4E90E0178
S31508008A5003968DE803012A46012351461046FDF781
S31508008A60A3FC18B110F1540F10D015E0606BB04498
S31508008A7030446063E06BBF1B3044E063E86E2866F1
S31508008A80002FA1D1584605B0BDE8F08F21462846EB
S31508008A9000F070F90028D9D0216B41F40021216338
S31508008AA0F1E70000F8B504461D4616460F46806AEB
S31508008AB001F06CF808B1AFF300802046034C394644
S31508008AC032462B46009400F003F8F8BD8C090108DD
S31508008AD02DE9FF4F87B00646149D1F460C4698079A
S31508008AE004D5304600F06CFD002871D14FF000091E
S31508008AF0C4E90C79C4F83C90C4E91395231D191DE3
S31508008B0009AA30460691FEF7BDFC050006D5A81C45
S31508008B1015D1099801F0A6FA002810D00120A071F5
S31508008B20B06A2060DFF8D481DFF8D4B1B462A81C3B
S31508008B306FF0010A04D0B80539D56FF01005CFE0FB
S31508008B40F80501D45546CBE0099801F081FA10B131
S31508008B506FF01305C4E0099801F096FA0746306FDE
S31508008B606FF02305B84228D318216846F7F772FB39
S31508008B70A0886449032341EA80200090A0886A46B9
S31508008B8047EA802040F48010029009980390A08854
S31508008B90474648EA8020049030460699FDF732FF9A
S31508008BA010F11C0F00D00546002D06D122E0C5F3B2
S31508008BB00A50012802D06FF0140591E0780508D50F
S31508008BC0206BA18840F4803048EA8127206311E0B1
S31508008BD08FE004F128050095A0884B495A4641EADA
S31508008BE0802330460699FEF728FD070074D42846E8
S31508008BF0FDF72EFE00254FF0080834E094F83010F3
S31508008C00C9071CD0416805EB4500042202EB800227
S31508008C108A58009208EB800211F820008B5800054C
S31508008C20A18800F1405040EA81200343374A304684
S31508008C300699FEF702FD002801DA811C4CD1206B4B
S31508008C4081070FD5216D05EB45034A6808EB8301BB
S31508008C505158B26F914202D96FF01B0540E040F4BB
S31508008C60803020636D1C206D8168A942C6D80068D3
S31508008C7008B1E06405E0B06E806A00F07DFFE0644C
S31508008C8060B304F140013046FDF79BFCC7F30A5078
S31508008C90A0F5007101392FD1B905890DC4E90AA1DA
S31508008CA0226B42F480122263C4E910A9B06E806A6E
S31508008CB0A06421D040F2FE3100F064FFA1885A4634
S31508008CC040EA812040F00053E06C00903046069957
S31508008CD0FEF7B3FC00280FDA054601E06FF00B0536
S31508008CE0206B214640F4002020633046FFF725FD1F
S31508008CF028460BB0BDE8F08F0020FAE700001020E8
S31508008D0000FC0F70000010400800002000FCFF7FE8
S31508008D1010B50C46496BE163C16E0166214600F049
S31508008D2029F8002804D1206B20F480102063002045
S31508008D3010BD2DE9F04105461E4617460C46806AC9
S31508008D4000F024FF90B1206BC1070FD0800305D532
S31508008D5021462846FFF704FD002809D133463A463E
S31508008D6021462846BDE8F041FFF794BDAFF30080E1
S31508008D70BDE8F0812DE9F04788B00D46064601F1B9
S31508008D80400901270DF11C0800F1100A06A9304612
S31508008D90FDF79AF900285CD130460699FDF7B6FA30
S31508008DA060BB00243BE0296BC90210D5AA882A4B70
S31508008DB02A4943EA8222001B05978DE817014B468C
S31508008DC0002205F108013046FEF7B2FC09E0AA6B5D
S31508008DD003978DE81401031B324649461046FDF7F2
S31508008DE03DFB002835D1069903978DE812013246D6
S31508008DF0012351461046FDF7D7FA78B110F1540F02
S31508008E0027D117A0009040F6FF4216A11DA0069B89
S31508008E10FBF766FC4FF0FF303061B7E7641CE86B80
S31508008E20A042C0D8B06EF169826AE86CF7F7F9F922
S31508008E303069286470696864B069A8645146304628
S31508008E40FDF7BFFB0698A863286B40F4003028633B
S31508008E50002008B0BDE8F0870000102000FCF7FFEE
S31508008E60000000002E5C2E2E5C4D6964646C6577EC
S31508008E70617265735C6C6974746C6546535C6C6688
S31508008E80732E630025733A25643A64656275673AFA
S31508008E902042616420626C6F636B206174203078B5
S31508008EA0257825730A000000F0B50646086B87B0DA
S31508008EB00C46000356D43046FFF752FCF0BB206B35
S31508008EC0C0034FD504F10800074601F09AF8B0BB75
S31508008ED0206BC0020BD40023324606F1100130463F
S31508008EE0FDF75DFB002837D1206BC00204D540F2A0
S31508008EF00125E16CE06A0EE0D4E90A0140F2022598
S31508008F00CDE9000101F073F90090019801F06FF9BD
S31508008F10019069460820A3882A0542EA832202436B
S31508008F20CDE90221206DA1884FF08152806842EA7E
S31508008F30812108430490206D406801E008E011E0B3
S31508008F400590022302AA39463046FDF75BFD28B193
S31508008F50216B41F40021216307B0F0BD206B20F49A
S31508008F60803020630020F7E72DE9F04104461D46CE
S31508008F7016460F46806A00F009FE38B12B4632467F
S31508008F8039462046BDE8F04100F002B8AFF300804C
S31508008F902DE9F8438046086B0C461F469146810723
S31508008FA001D4AFF30080400305D521464046FFF7BC
S31508008FB0D7FB00280FD1216B080504D5626BE06A40
S31508008FC0824200D26063656BD8F87400EA1982425F
S31508008FD003D96FF01A00BDE8F883880312D4E06A53
S31508008FE085420FD90026606309E08DF800600123E9
S31508008FF06A4621464046FFF7C9FC0028EBDB606B52
S31508009000A842F2D33B464A4621464046FFF7BEFCF5
S315080090100028E0DB216B21F400212163DBE7000057
S315080090202DE9F0410A4C07460E4620686FF0040504
S3150800903020B9002002F0B8FE206030B1F9690A466E
S31508009040714302F0B9FD002800D02846BDE8F0813A
S315080090502C0200202DE9F0470E4C8046DDF82090C2
S3150800906020689A4616460F466FF0040520B9002078
S3150800907002F09AFE206050B1D8F81C00534607FB50
S3150800908000614A46206803F0EDF8002800D028461B
S31508009090BDE8F0872C0200202DE9F0470E4C8046EB
S315080090A0DDF8209020689A4616460F466FF00405AC
S315080090B020B9002002F078FE206050B1D8F81C00D4
S315080090C0534607FB00614A46206802F013FF002852
S315080090D000D02846BDE8F0872C0200200020704703
S315080090E0AFF3008070B596B00D46044600F058FC04
S315080090F0002853D1286AB8B1A06EC16A606EF7F726
S31508009100A9F800266665D4E91A01C06AC00000F00D
S3150800911039FDC4E91606E06E206669462046FDF765
S3150800912024FC050036D101E0AFF300801C48089006
S31508009130A06EC0690990E06E0A90206F0B90606F70
S315080091400C90A06F0D9008A801F022F81822154976
S315080091500EA8F7F766F808A8139003230EAA69461F
S315080091602046FDF74FFC050014D100238DF8166044
S315080091701A4669462046FDF745FC05000AD10A4805
S3150800918014AAD0E90E10CDE9141069462046FDF759
S3150800919019FF05462046FDF7D2FB284616B070BDD6
S315080091A001000200100A0108FC08010801BA21F0B2
S315080091B0FF0141EA10607047010E61F31F607047B6
S315080091C030B504468DB03C3000F0A2FB002834D000
S315080091D0E06B616CC0F38920CDE9001018A20292F9
S315080091E04FF49B5217A11FA0236CFBF779FAE06B8B
S315080091F0C0F30A50A0F58061FF3901D0AFF30080B3
S3150800920004F1400203A92046FDF7DCFE002814D12C
S31508009210E06B0022C0F3892540F2FF31204600F0BA
S3150800922079FA00200C901B48012340EA85200B9010
S315080092300BAA03A92046FDF7E5FB0DB030BD0000DB
S31508009240000000002E5C2E2E5C4D6964646C657708
S31508009250617265735C6C6974746C6546535C6C66A4
S31508009260732E630025733A25643A64656275673A16
S3150800927020466978696E67206D6F7665207B307841
S3150800928025782C20307825787D2030782578257328
S315080092900A0000000000F04F2DE9F04FA5B0064681
S315080092A030308A46239000F048FB002872D00AA87E
S315080092B0002440F2FF3B0DF1500922902022674915
S315080092C004A8F6F7AEFF0025B0E00CA93046229AAE
S315080092D0FDF778FE00285DD19DF8270000280BD100
S315080092E016AA3046229900F07DF9002801DA811C79
S315080092F050D114B1012C5BD093E0811CFCD00346FD
S31508009300574A16A93046CDF80090FEF796F9002878
S3150800931040DB14A800F06AFE14A8229900F07BFE30
S3150800932000287ED1DDE914120B984EA38DE80F00B4
S3150800933041F2AD324CA154A00A9BFBF7D1F9D846AD
S315080093405F4604A9239800F0EBFA98B1306B45A163
S31508009350C0F389270598CDE90007029141F2B83292
S3150800936041A15948049BFBF7BBF900224146304608
S3150800937000F0D0F914A800F060FE38480DF1780C1A
S31508009380203047450FC88CE80F0004D04F4840EA04
S31508009390872001E03EE000201E9002231EAA04A9B1
S315080093A0CDF884903046FEF73BFB074614A82CE020
S315080093B0801C36D1BAF1000F33D02AA10B98CDE91B
S315080093C0000141F2D83228A141A00A9BFBF788F98F
S315080093D006F148020CA93046FEF73AF9002819D1D9
S315080093E012A8804600F029FE9DF84700434900056B
S315080093F000F1C0400843CDE90208012302AA04A9E6
S315080094003046FEF70DFB0746404600F0EFFD002FFD
S3150800941003DA384625B0BDE8F08F032F06D10125BB
S3150800942004E020220CA904A8F6F7FBFE229800F017
S31508009430E8FD00283FF449AF0DB1002400E0641CA4
S31508009440022CFFF63BAF96F8300025B0404241B2F9
S315080094503046BDE8F04F00F07FB90000B40A0108B5
S3150800946000FCFF7F000000002E5C2E2E5C4D696418
S31508009470646C6577617265735C6C6974746C654657
S31508009480535C6C66732E630025733A25643A6465EB
S315080094906275673A20466978696E672068616C6606
S315080094A02D6F727068616E207B307825782C20309D
S315080094B07825787D202D3E207B307825782C203025
S315080094C07825787D25730A00B81001080000F04F4A
S315080094D025733A25643A64656275673A2046697861
S315080094E0696E67206F727068616E207B30782578A8
S315080094F02C20307825787D25730A000008FC0F009B
S3150800950010B5044692B0303000F027FA002834D05F
S315080095101B49606ACDE9000141F23832091D19A0DC
S31508009520236AFBF7DDF804F1200208A92046FDF7B7
S3150800953049FD002821D120480290A06EC0690390F9
S31508009540E06E0490206F0590606F0690A06F0790FC
S3150800955002A800F01DFE1948012310AA006C1090FD
S3150800956002A8119008A92046FDF74CFA002804D154
S31508009570206B20F400702063002012B010BD00009C
S315080095804092000825733A25643A64656275673A1D
S3150800959020526577726974696E6720737570657293
S315080095A0626C6F636B207B307825782C20307825A9
S315080095B0787D25730A00000001000200FC080108F6
S315080095C010B50446FFF79CFF00280AD12046FFF78E
S315080095D0F7FD002805D12046BDE810400121FFF718
S315080095E05BBE10BD2DE9F04F8BB015460646002729
S315080095F00120C5E906701A480C460DF1100B0FC874
S315080096008BE80F000DF12008DFF85890DFF858A016
S3150800961005F1180B19E004A9284600F0EBFD00280F
S315080096201ADB0896206809906068CDF800A00A90B1
S31508009630CDF80C80CDE901790C4B5A4629463046BF
S31508009640FDF7CCFC08B1811C06D1584600F0D9FCC0
S315080096500028E0D06FF001000BB0BDE8F08F0000E5
S31508009660A40A01087196000808000020FF03F07F8D
S3150800967030B587B0044606CA0068082304AD0393CC
S315080096808DE82600816E0246CB6900F11001FCF7D1
S31508009690E5FE002809D104A800F0A8FC211D04A8AD
S315080096A000F094FC002800D0012007B030BD00006F
S315080096B02DE9FF410746002090610120D06114483A
S315080096C014460E460FC88DE80F0004F1180517E07A
S315080096D06946204600F08EFD002804DA6FF0530034
S315080096E004B0BDE8F0813146284600F06FFC00283A
S315080096F0F6D02A4621463846FDF764FC0028EFD105
S31508009700284600F07EFC0028E2D06FF00100E7E76B
S31508009710940A010810B50E4C036B234040F2FF343F
S31508009720A14203D00B4C44EA812101E04FF000012D
S3150800973043EA0103036301D0116801E04FF0000119
S31508009740416301D0516801E04FF00001816310BD0B
S31508009750FF0300800000F04F10B5026B0446900529
S31508009760800D01D1002904DBB0F5FF7F03D900295C
S3150800977001DDAFF300805018206304F1300000F0DB
S31508009780DCF8216B60F3DF710020216310BD000057
S3150800979008B500210B4600916A46034900F00CF80B
S315080097A0002800D1009808BDAD9700080168491C3B
S315080097B001600020704700002DE9F04F91B0164671
S315080097C00D468346994620224E4903A8F6F729FDF9
S315080097D04C480BAC20300DF13C080FC884E80F004C
S315080097E00DF1240A5BE00BA903A800F003FD00288D
S315080097F004DA6FF0530011B0BDE8F08F002403AF10
S3150800980007EB840081693046A8470028F3D1641C19
S31508009810022CF5DB524603A95846FDF7D3FB002870
S31508009820E9D1002737E03848384A40EA872303A9B0
S315080098305846CDF80080FDF700FF040003D5A01CAC
S3150800984027D02046D7E70FA8FDF702F8C4F30A5039
S31508009850A0F50071023906D0B9F1000F19D0B0F59C
S31508009860007F0CD015E010985A468DE8610000215B
S3150800987010460F9BFDF717F80028BCD109E0002415
S31508009880304658F82410A8470028B4D1641C022C86
S31508009890F6DB7F1CBFB2BDF82000B842C3D85046DD
S315080098A000F0AFFB00289ED0DBF8284025E0A07921
S315080098B0012821D1206BC1030DD5C0020BD4E06A63
S315080098C05A468DE8610004F140011046A36AFCF788
S315080098D0EAFF00288FD1206B81030DD5C0020BD477
S315080098E0606B5A468DE8610004F140011046A36B8F
S315080098F0FCF7D9FF0028A5D12468002CD7D1002071
S3150800990079E70000640A01080800002000FC0F70CF
S3150800991000684FF4E06111EA105000D0012070474A
S3150800992010B5026812F0E04F03D0001D00F04EFBA0
S3150800993008B1002010BD012010BD00888005800DEB
S3150800994000D001207047016819B9416809B98068D3
S3150800995008B100207047012070470068012111EA0C
S31508009960502000D00120704710B50446006800F06A
S315080099703EFC2060606800F03AFC6060A06800F079
S3150800998036FCA06010BD02680B685A400260426847
S315080099904B685A404260826889684A4082607047CC
S315080099A02DE9F04104468166086AE06648680028A1
S315080099B077D08868002874D0C868002871D00869EC
S315080099C000286ED04F69002F6BD08E69002E68D0A4
S315080099D08A6A002A65D0B2FBF7F007FB1020002838
S315080099E05FD1B2FBF6F006FB1020002859D1C869F2
S315080099F0B0FBF2F302FB1303002B52D1802850D39D
S31508009A00A0F108034FF0FF35B5FBF3F35B1EB3FA7D
S31508009A1083F3C3F12003B0EB830F7BD34B6A002B90
S31508009A2078D00B6B13B1B3EB500F73D3B3F1FF3F81
S31508009A3001D083426ED8CB6C73B1B3FBF7FC07FB3E
S31508009A401C3777BBB3FBF6F706FB17364EBBB0FBE6
S31508009A50F3F603FB160020BB486B6FF00B0608B144
S31508009A60E06004E0104600F087F8E06030B3A16ECD
S31508009A70886B08B1E06104E0886A00F07DF8E0616F
S31508009A80E0B121460846FCF79CFD04F1100120468A
S31508009A90FCF797FDA06EC16A19B1C06B10B160667C
S31508009AA005E037E0084600F067F8606630B1A06E5A
S31508009AB0016CFF292ED8216739B108E035462046C2
S31508009AC0FCF73DFF2846BDE8F081FF212167416C80
S31508009AD0B1F1004F1ED2616711B96FF0004161679D
S31508009AE0816C40F2FE32914214D8A16701B9A2678F
S31508009AF0C369C26C9A420DD8016D4E1C0CD0866A99
S31508009B00B14207D8A66FB14204D802B91A46B1EBDA
S31508009B10D20F01D9AFF30080E1674A1C4FF0000667
S31508009B2001D011B10EE0E6670CE0C16C01B9C1695C
S31508009B30A06FC90800F026F80146A06E806A00F0FA
S31508009B4021F8E0672562C4E909560A48E66204F185
S31508009B503C070EC887E80E0007C804F1300383E8FF
S31508009B60070004481830483407C884E8070000206E
S31508009B70A9E70000EC09010800F066BE884200D893
S31508009B8008467047884200D30846704703B56846BA
S31508009B9003E0884201D101200CBD00680028F8D1F5
S31508009BA00CBD283005E08A4202D111680160704771
S31508009BB010460268002AF6D1704700F001B8000086
S31508009BC02DE9F04F9BB00446FFF7EAFE00287DD149
S31508009BD020228B4904A8F6F724FBDFF824926FF0BD
S31508009BE01506A9F12C0909F14C00DFF818A290E82E
S31508009BF00E00D9F85800CDE91212CDE9143004F157
S31508009C00300002274FF001080DF1280B1990C7E024
S31508009C1012A904A800F0EEFA050029D4D9E918100B
S31508009C201694CDE9171016A877490022774BCDE987
S31508009C300032CDE90210554653465A4604A9204635
S31508009C40FDF7CCF9002812DB6ED000F0C5FA002823
S31508009C506AD104982062059860620CA800906C4B43
S31508009C602A4604A92046FDF7E8FC002801DA05463D
S31508009C708FE00CA800F071FA0C98030C80B2022B46
S31508009C8001D101280BD963A2CDE90282CDE90007EB
S31508009C9041F2B61260A168A0FAF722FD70E04FF013
S31508009CA000010CD25BA1CDE90281CDE900073B4654
S31508009CB041F2C51258A16DA0FAF712FD0121206BD9
S31508009CC020F4007040EA4120206300E065E00F9828
S31508009CD068B1216F884209D94EA1206FCDE90001EC
S31508009CE041F2D4124CA170A00F9B47E02067109850
S31508009CF068B1616F884209D946A1606FCDE9000154
S31508009D0041F2DF1244A174A0109B37E060671198F6
S31508009D10A0B1A16F88420BD93EA1A06FCDE9000181
S31508009D2041F2EA123CA100E02CE077A0119B25E065
S31508009D300146A067E06FFFF725FFE067A06E016A9E
S31508009D4061B10E9A8A4209D032A1006ACDE90001B2
S31508009D50134641F2F91230A177A00FE00E99E16699
S31508009D600D99C06981420DD0A06E2AA141F2022246
S31508009D70C069CDE9000128A17BA00D9BFAF7B0FCCC
S31508009D80354606E004A92046199AFDF761FC050048
S31508009D9006D02046FCF7D3FD28461BB0BDE8F08F59
S31508009DA0584600F02EF900283FF432AF1998FFF70D
S31508009DB0CAFD58B9D4E90D0116A28DE8070041F28B
S31508009DC0122215A174A0236BFAF78AFC206B04F102
S31508009DD03C03C117491C81F0010108442063D4E9FA
S31508009DE00D1283E80700E16EE06AB0FBF1F201FBB1
S31508009DF0120060652046FCF7DFF90020CDE7000079
S31508009E00280A010800FCFF7FE97500080800F00F22
S31508009E1018001020000000002E5C2E2E5C4D696490
S31508009E20646C6577617265735C6C6974746C65469D
S31508009E30535C6C66732E630025733A25643A657223
S31508009E40726F723A20496E76616C69642076657223
S31508009E5073696F6E207625642E256420213D207651
S31508009E6025642E256425730A0000000025733A250B
S31508009E70643A64656275673A20466F756E64206F4A
S31508009E806C646572206D696E6F722076657273698F
S31508009E906F6E207625642E2564203C207625642E58
S31508009EA0256425730A00000025733A25643A65720D
S31508009EB0726F723A20556E737570706F727465643E
S31508009EC0206E616D655F6D617820282575203E20BE
S31508009ED025752925730A000025733A25643A6572A3
S31508009EE0726F723A20556E737570706F727465640E
S31508009EF02066696C655F6D617820282575203E208F
S31508009F0025752925730A000025733A25643A657272
S31508009F10726F723A20556E737570706F72746564DD
S31508009F2020617474725F6D617820282575203E2043
S31508009F3025752925730A000025733A25643A657242
S31508009F40726F723A20496E76616C696420626C6F32
S31508009F50636B20636F756E742028257520213D205C
S31508009F6025752925730A000025733A25643A657212
S31508009F70726F723A20496E76616C696420626C6F02
S31508009F80636B2073697A652028257520213D202575
S31508009F90752925730A00000025733A25643A646515
S31508009FA06275673A20466F756E642070656E6469DF
S31508009FB06E67206773746174652030782530387849
S31508009FC0253038782530387825730A0002680B68FA
S31508009FD09A4209D040684968884205D08A4203D027
S31508009FE0984201D0012070470020704710B50446FA
S31508009FF00068FFF7E1F820606068FFF7DDF8606049
S3150800A00010BD0168491C04D04068401C01D00020DE
S3150800A01070470120704710B5D1E9003102689A42AD
S3150800A02002D144688C4204D08A4204D140689842DE
S3150800A03001D1012010BD002010BD10B504460068EE
S3150800A04000F0D5F82060606800F0D1F8606010BDB7
S3150800A05010B5044600F018F8205C002800D001204E
S3150800A06010BD000070B5054600F00EF80446281924
S3150800A0700449F6F73BF92044285C08B1002070BD76
S3150800A080012070BD90A0000801A1F6F73DB90000B7
S3150800A0902F0000004FF0553202EA5002801A4FF0A6
S3150800A0A0333100F0333201EA9000104400EB10100F
S3150800A0B000F00F3000EB102000EB104000F03F00DE
S3150800A0C07047000010B501F07DFE4FF0FF3438B937
S3150800A0D0002001F069FE0349086008B1002010BDA0
S3150800A0E0204610BD2C02002010B508490848FFF785
S3150800A0F064FD002809D005490548FEF7F1FFBDE8CB
S3150800A100104002490248FFF758BD10BD3002002032
S3150800A110B40E002070B58AB015460891064600238D
S3150800A12008AA6946FDF7AEF9040013D42F2108984A
S3150800A130F6F7A7F830B1C4F30A50022802D06FF038
S3150800A140130407E0C4F389222B4669463046FDF717
S3150800A150A7FA04460AB0204670BD10B50446006842
S3150800A160FFF72AF820606068FFF726F86060A068A5
S3150800A170FFF722F8A060E068FFF71EF8E0602069A4
S3150800A180FFF71AF820616069FFF716F8606110BDDD
S3150800A19010B50446006800F02AF82060606800F0F0
S3150800A1A026F86060A06800F022F8A060E06800F079
S3150800A1B01EF8E060206900F01AF82061606900F076
S3150800A1C016F8606110BD10B5044600F005F8204485
S3150800A1D0C0F30900001D10BD40F30900401C01D062
S3150800A1E00020704701207047000D40B27047FEF707
S3150800A1F0E3BF000070B505460C461830FFF70BFFA5
S3150800A20048B10DA341F273120CA114A0FAF768FA2B
S3150800A2106FF0530070BDD4E90210814207D1A969D5
S3150800A2202160E969616000214000C4E90210481C08
S3150800A230A060002070BD0000000000002E5C2E2EDD
S3150800A2405C4D6964646C6577617265735C6C69748E
S3150800A250746C6546535C6C66732E630025733A25E9
S3150800A260643A7761726E3A204379636C6520646557
S3150800A27074656374656420696E207461696C206C0A
S3150800A28069737425730A000030B5FDB05CA46421B7
S3150800A29057A8F5F7DFFF64A0FAF722FAFFF712FFCF
S3150800A2A0010001D568A007E06FA0FAF719FAFFF7D1
S3150800A2B01BFF010004D574A0FAF712FA7DB030BD71
S3150800A2C078A0FAF70DFA4FF481737DA242A97F4868
S3150800A2D0FEF7E8FB010001D57DA028E02046F5F74A
S3150800A2E0DAFF0346224642A97848FEF73DFE0546B0
S3150800A2F02046F5F7D0FFA84208D02046F5F7CBFF51
S3150800A300024629467BA0FAF7EBF91EE0294685A006
S3150800A310FAF7E6F942A96D48FEF700FA012368A2A2
S3150800A32042A96A48FEF7BEFB010003D585A0FAF7E5
S3150800A330D7F960E0632357AA42A96448FEF7F9FCF7
S3150800A340010007D587A0FAF7CBF942A95F48FEF7BF
S3150800A350E5F950E057AA0020505488A0FAF7C0F94A
S3150800A36057A98EA0FAF7BCF942A95848FEF7D6F9BC
S3150800A37057A92046F5F796FF002832D08CA0FAF7A1
S3150800A380AFF96A464EA15148FFF7C4FE00280BDB19
S3150800A3908EA00199FAF7A4F99DF80000012822D0A9
S3150800A3A090A193A0FAF79CF995A270A94748FDF7E2
S3150800A3B0DDFA00281FDB93A0FAF792F902AC6A4689
S3150800A3C070A94248FDF722FD002810DD9DF800001F
S3150800A3D0019B012809D092A2214692A0FAF780F99A
S3150800A3E0EDE796A0CBE79DA1DBE79EA2F4E770A96F
S3150800A3F03648FCF702FB9DA0FAF772F95EE7000003
S3150800A40048656C6C6F204C6974746C6546532120E2
S3150800A41054686973206973206120746573742066B3
S3150800A420696C652E000000000D0A3D3D3D204C6913
S3150800A43074746C6546532044656D6F20537461725D
S3150800A44074203D3D3D0D0A004C6974746C65465395
S3150800A45020706F727420696E6974206661696C6514
S3150800A460643A2025640D0A004C6974746C65465379
S3150800A47020706F727420696E6974207375636365E2
S3150800A48073730D0A000000004C6974746C654653BA
S3150800A490206D6F756E74206661696C65643A202557
S3150800A4A0640D0A004C6974746C654653206D6F75AB
S3150800A4B06E7420737563636573730D0A000000007C
S3150800A4C0746573742E74787400000000B40E00204E
S3150800A4D046696C65206F70656E20666F72207772AC
S3150800A4E0697465206661696C65643A2025640D0A9D
S3150800A4F00000000046696C652077726974652066FD
S3150800A50061696C65643A207772697474656E202592
S3150800A510642C2065787065637465642025640D0A6B
S3150800A5200000000046696C652077726974652073BF
S3150800A5307563636573733A2025642062797465735D
S3150800A5400D0A000046696C65206F70656E20666F9F
S3150800A550722072656164206661696C65643A2025BB
S3150800A560640D0A0046696C6520726561642066613F
S3150800A570696C65643A2025640D0A000046696C65B5
S3150800A580207265616420737563636573733A202569
S3150800A590642062797465730D0A00000046696C656B
S3150800A5A020636F6E74656E743A2025730D0A000079
S3150800A5B04461746120766572696669636174696F5E
S3150800A5C06E206661696C6564210D0A0046696C65D2
S3150800A5D02073697A653A2025642062797465730D5B
S3150800A5E00A0000004469726563746F72790000009E
S3150800A5F046696C6520747970653A2025730D0A00E2
S3150800A6002F000000526F6F74206469726563746F5F
S3150800A610727920636F6E74656E74733A0D0A000062
S3150800A6206469720020202573202825732C20256450
S3150800A630206279746573290D0A000000446174610B
S3150800A64020766572696669636174696F6E207375D1
S3150800A6506363657373210D0A000000005265677510
S3150800A6606C61722066696C65000000003D3D3D2006
S3150800A6704C6974746C6546532044656D6F20456E4D
S3150800A68064203D3D3D0D0A0D0A00000008B5F6F7A9
S3150800A69035FDF9F7F7FCF8F7AFFCF8F781FCF8F7A2
S3150800A6A019FDF8F79BFCF8F725FDF8F76DFDF8F7A7
S3150800A6B047FDF8F7BBFDF8F79DFD01222149224821
S3150800A6C0F8F776FBA820FAF7C1FE2048416854201F
S3150800A6D08847032211461E48FBF7EEFA1DA30A22F5
S3150800A6E000211B48FBF758FB1DA31E220021184812
S3150800A6F0FBF752FB1FA3322200211548FBF74CFB40
S3150800A70022A3462200211248FBF746FBFBF7CEFCA4
S3150800A710FBF758F800234FF6E07203210C48FBF7C5
S3150800A720A7FBF8F7AFFDFAF741FEF6F733F9002075
S3150800A730012100906423C8220846F6F7C3F9F8F702
S3150800A74027FCFCE7040100209008002038010020BF
S3150800A7502C0000203E20582050756C7365000000C0
S3150800A7603E2053544D3332206C63642064656D6F0C
S3150800A770000000003E204C434420322E3020696EF3
S3150800A7806368203332307832343000003E2032306D
S3150800A79032342F392F31000038B50D46144930B1FF
S3150800A7A072B190F83500002813D0042312E0009106
S3150800A7B010A312A240F2F33118A001F059FBFEE7EC
S3150800A7C000911FA30DA24FF47D7114A001F050FB58
S3150800A7D0FEE70323002007E0191ACC00083C25FAF7
S3150800A7E004F11154401CC0B29842F5D338BD00009C
S3150800A7F0720F0108666C61736800000028257329CA
S3150800A8002068617320617373657274206661696C70
S3150800A81065642061742025732E0000002E5C2E2EA0
S3150800A8205C4D6964646C6577617265735C736675A3
S3150800A830645C7372635C736675642E630000000063
S3150800A8406172726179000000F0B50B30154D20F089
S3150800A85007010024144A0FE003688B420BD38B428E
S3150800A86005D95E1A43184768C3E9006700E04368DC
S3150800A870136002C004E0021D10680028ECD12046CF
S3150800A880002802D1286808B10020F0BD064A07480A
S3150800A8901060074A121A22F00702C0E900240120B4
S3150800A8A02860D7E7480400204404002094140020B8
S3150800A8B0901800202DE9F84F5FEA00094C48DDF8AA
S3150800A8C028B01D4616460F464FF0000809F1200A23
S3150800A8D00DD0012D14D0B5F5807F11D0009045A379
S3150800A8E04EA240F2772155A001F0C2FAFEE7009089
S3150800A8F05BA34AA240F2752150A001F0B9FAFEE71F
S3150800A90099F8341051B1D9F81000B91981420ED905
S3150800A91055A001F0D1FA0520BDE8F88F00905CA398
S3150800A9203EA240F2792145A001F0A2FAFEE7DAF844
S3150800A9300810504600294ED088474CE00121484669
S3150800A94000F0B4FE5FEA000847D1554A02203946AE
S3150800A95002F8010B4846FFF71FFF99F8350008B1C2
S3150800A960052000E004208046B7FBF5F005FB1070D3
S3150800A97060B1B7FBF5F005FB1070281AB04209D292
S3150800A980B7FBF5F005FB10702C1A04E0AE4201D9AE
S3150800A9902C4600E034464248361B274440442246AB
S3150800A9A05946F5F73EFC00200090DAF804C008EB9B
S3150800A9B00402504600233A49E0475FEA000803D0FC
S3150800A9C038A001F079FA08E0484602F0F9FC5FEA97
S3150800A9D0000802D1A344002EB0D10021484600F059
S3150800A9E065FEDAF80C10504601B18847404693E7F1
S3150800A9F0FD0E010877726974655F6772616E203DA6
S3150800AA003D2031207C7C2077726974655F677261AE
S3150800AA106E203D3D2032353600000000282573297A
S3150800AA202068617320617373657274206661696C4E
S3150800AA3065642061742025732E0000002E5C2E2E7E
S3150800AA405C4D6964646C6577617265735C73667581
S3150800AA50645C7372635C736675642E630000000041
S3150800AA60666C6173680000004572726F723A204620
S3150800AA706C617368206164647265737320697320FE
S3150800AA806F7574206F6620626F756E642E00000005
S3150800AA90666C6173682D3E696E69745F6F6B000042
S3150800AAA0881300204572726F723A20466C6173688B
S3150800AAB02077726974652053504920636F6D6D75F0
S3150800AAC06E6963617465206572726F722E0000008C
S3150800AAD00068704730B587B00C46082500210491F8
S3150800AAE00591244960B1002C12D0082304AA2946EE
S3150800AAF000F06AFB002813D01FA001F0DDF92BE057
S3150800AB0000912BA32CA2962133A001F0B1F9FEE700
S3150800AB1000913BA328A297212FA001F0A9F9FEE7EF
S3150800AB209DF8103023709DF8112062709DF8120070
S3150800AB30A0709DF81310E170059D012825F07F454A
S3150800AB40656004D90146324801F0B6F904E00929DE
S3150800AB5005D2304801F0B0F9002007B030BDCDE984
S3150800AB600002CDE902152C4AAD211BA001F080F99F
S3150800AB700120F2E7BC0F01084572726F723A204352
S3150800AB80616E27742072656164204A4544454320F6
S3150800AB90626173696320666C6173682070617261B3
S3150800ABA06D65746572206865616465722E000000C3
S3150800ABB0666C617368000000282573292068617334
S3150800ABC020617373657274206661696C65642061BF
S3150800ABD0742025732E0000002E5C2E2E5C4D6964B1
S3150800ABE0646C6577617265735C736675645C7372B1
S3150800ABF0635C736675645F736664702E6300000039
S3150800AC0062617369635F686561646572000000006C
S3150800AC100C17010898180108381601082DE9F041A3
S3150800AC208EB00D46064600F144044F68242104A858
S3150800AC30F5F710FB8A485EB1002D11D0242304AA2B
S3150800AC403946304600F0C0FA002811D085A0B0E099
S3150800AC50009092A393A2C2219AA001F009F9FEE7F7
S3150800AC600090A2A38FA2C32196A001F001F9FEE7E6
S3150800AC70A2A2CB2193A001F0FBF8AAA2CC2191A015
S3150800AC8001F0F6F8002504AE06EB850016F8252037
S3150800AC9043788178C07803928DE80B00B0466B1C28
S3150800ACA0A7A2CE2187A001F0E3F86D1CEDB2092D0D
S3150800ACB0EAD39DF81130E3719DF81000002600F0E4
S3150800ACC003000125012803D0032808D0A5A070E0B9
S3150800ACD0A571B24AD7217BA001F0CAF805E0A67192
S3150800ACE0AFA2DB2177A001F0C3F89DF81000C0F3EE
S3150800ACF08000002831D038B14FF48070A080B5A20A
S3150800AD00EA2170A001F0B4F89DF81000C0F3C00065
S3150800AD10002826D0A0B12672B94AFA2169A001F006
S3150800AD20A7F89DF81000C0F3001000281DD038B110
S3150800AD300620B44A60724FF4827162A001F098F856
S3150800AD409DF81200C0F34100A0B1012818D00228CE
S3150800AD50A67234D0E672ACA02BE0A580B3A2E62199
S3150800AD60CFE72572B9A2F521E7E750206072C34AFA
S3150800AD70FF21E2E7A572E672C1A240F20F1104E0D4
S3150800AD80A572E572C4A24FF48A714EA001F070F85C
S3150800AD909DF81400DDF8151040EA01209DF81710FB
S3150800ADA0C90911D0B9B120F0004023280FD9C148EC
S3150800ADB0E66001F081F800200EB0BDE8F081E5728A
S3150800ADC0BDA240F21911E0E705EBD00002E0C01E73
S3150800ADD005FA00F0E060BEA240F2311139A0E3683E
S3150800ADE001F046F80026374608EB4602117F89B17E
S3150800ADF005FA01F004EBC70103460861507F0875A0
S3150800AE0000909B0AB8A240F237112EA001F030F844
S3150800AE107F1CFFB2761CF6B2042EE5D3002304EBA2
S3150800AE20C3010869A0B1581C0FE004EBC0021669FB
S3150800AE3056B10F69B74207D991F814C00E61167D4D
S3150800AE400E75176182F814C0401CC0B20428ECD3F2
S3150800AE505B1CDBB2042BE2D325700120ACE70000B3
S3150800AE60CE0F01085761726E696E673A2043616EAC
S3150800AE7027742072656164204A454445432062610F
S3150800AE8073696320666C61736820706172616D65B1
S3150800AE90746572207461626C652E0000666C61735D
S3150800AEA06800000028257329206861732061737380
S3150800AEB0657274206661696C656420617420257307
S3150800AEC02E0000002E5C2E2E5C4D6964646C65773E
S3150800AED0617265735C736675645C7372635C7366D2
S3150800AEE075645F736664702E63000000626173693F
S3150800AEF0635F686561646572000000004A45444501
S3150800AF004320626173696320666C617368207061AF
S3150800AF1072616D65746572207461626C6520696E14
S3150800AF20666F3A004D53422D4C5342202033202061
S3150800AF302020322020202031202020203000000030
S3150800AF405B253034645D20307825303258203078DF
S3150800AF502530325820307825303258203078253040
S3150800AF60325800004572726F723A20556E69666FE4
S3150800AF70726D2034204B42206572617365207375AB
S3150800AF8070706F7274656420696E666F726D617435
S3150800AF90696F6E206572726F722E0000F4150108D3
S3150800AFA0556E69666F726D2034204B42206572615A
S3150800AFB0736520697320756E617661696C61626C70
S3150800AFC06520666F722074686973206465766963A4
S3150800AFD0652E00005772697465206772616E756C1C
S3150800AFE061726974792069732036342062797465D0
S3150800AFF073206F72206C61726765722E0000000004
S3150800B00064170108201801084572726F723A2052B7
S3150800B010656164206164647265737320627974651E
S3150800B02073206572726F722100000000577269748E
S3150800B03065206772616E756C6172697479206973CF
S3150800B040203120627974652E000000005461726711
S3150800B050657420666C6173682073746174757320F7
S3150800B0607265676973746572206973206E6F6E2DD9
S3150800B070766F6C6174696C652E000000A81701086C
S3150800B080332D42797465206F6E6C79206164647221
S3150800B090657373696E672E00332D206F7220342D09
S3150800B0A0427974652061646472657373696E672E8C
S3150800B0B000000000C4160108342D42797465206F1B
S3150800B0C06E6C792061646472657373696E672E00AD
S3150800B0D0436170616369747920697320256C642003
S3150800B0E042797465732E0000466C61736820646546
S3150800B0F07669636520737570706F72747320256C3A
S3150800B100644B4220626C6F636B2065726173652EB7
S3150800B11020436F6D6D616E64206973203078253029
S3150800B12032582E007FB5040004F1200011D09F216B
S3150800B1308DF80C1003210091456802AB012203A982
S3150800B140A847050011D012A000F0B6FE04B02846A4
S3150800B15070BD1B4B194803F1080200904FF45A7151
S3150800B16002F1200000F084FEFEE79DF80830237304
S3150800B1709DF8090060739DF80A10A173CDE90001D6
S3150800B1800F48104A4FF45C71283000F071FEDDE775
S3150800B1904572726F723A205265616420666C6173FB
S3150800B1A06820646576696365204A454445432049B5
S3150800B1B044206572726F722E000000001F0F01088E
S3150800B1C06CBB0008081301083EB520A4D4E9005456
S3150800B1D0CDE901540C0C8DF805400C0A8DF8064093
S3150800B1E01C4D8DF8071058B1B1F1807F11D31AA301
S3150800B1F01DA240F25B1124A0009500F039FEFEE77F
S3150800B2002BA319A24FF4AD711FA0009500F030FED4
S3150800B210FEE742B1446A7CB100931346052201A9B0
S3150800B2202030A0473EBD24A30FA24FF4AE7116A04E
S3150800B230009500F01DFEFEE722A30BA240F25D1169
S3150800B24011A0009500F014FEFEE700005A00000069
S3150800B250FF000000DF0F010861646472203C2031A2
S3150800B2604C203C3C20323400282573292068617321
S3150800B27020617373657274206661696C6564206108
S3150800B280742025732E0000002E5C2E2E5C4D6964FA
S3150800B290646C6577617265735C736675645C7372FA
S3150800B2A0635C736675645F736664702E6300000082
S3150800B2B0666C617368000000726561645F6275663A
S3150800B2C000000000666C6173682D3E7370692E7706
S3150800B2D0720000001FB5002100F144040291039199
S3150800B2E050B12170082302AAFFF76EFF00280CD080
S3150800B2F01FA000F0E1FD2AE02548009025A327A21B
S3150800B3006D212EA000F0B4FDFEE79DF80800532835
S3150800B3100BD19DF80900462807D19DF80A00442854
S3150800B32003D19DF80B00502805D02E4A7A2123A078
S3150800B33000F09EFD0BE09DF80C00A0709DF80D1026
S3150800B3406170012906D9A27827A000F0B5FD002072
S3150800B35004B010BD9DF80E20A078CDE900020B467A
S3150800B3602FA2832115A000F083FD0120F0E700003D
S3150800B3704572726F723A2043616E27742072656156
S3150800B380642053464450206865616465722E000047
S3150800B390AB0F0108666C61736800000028257329E5
S3150800B3A02068617320617373657274206661696CC5
S3150800B3B065642061742025732E0000002E5C2E2EF5
S3150800B3C05C4D6964646C6577617265735C736675F8
S3150800B3D0645C7372635C736675645F736664702E0F
S3150800B3E0630000004C1501084572726F723A2054CA
S3150800B3F068697320726576657273696F6E2856255B
S3150800B400642E256429206F662053464450206973AC
S3150800B410206E6F7420737570706F727465642E0079
S3150800B420436865636B2053464450206865616465CC
S3150800B43072206973204F4B2E2054686520726576FA
S3150800B440657273696F6E206973205625642E2564AC
S3150800B4502C204E504E2069732025642E00000000D3
S3150800B4602DE9FC41060006F1200412D066200027CB
S3150800B4708DF80400009765683B46012201A920461D
S3150800B480A84705000FD018A000F016FD2846BDE80D
S3150800B490FC811E4800901EA31FA24FF4527126A0DD
S3150800B4A000F0E6FCFEE7304601F08AFF99208DF8A9
S3150800B4B0050000970023656801220DF10501204665
S3150800B4C0A847040004D1304601F07AFF040004D0EE
S3150800B4D005A000F0F1FC2046D9E720A240F25B3136
S3150800B4E015A000F0C5FCF6E74572726F723A204661
S3150800B4F06C61736820646576696365207265736537
S3150800B50074206661696C65642E000000540B01089E
S3150800B510666C6173680000002825732920686173CA
S3150800B52020617373657274206661696C6564206155
S3150800B530742025732E0000002E5C2E2E5C4D696447
S3150800B540646C6577617265735C736675645C737247
S3150800B550635C736675642E6300000000466C617355
S3150800B56068206465766963652072657365742073FF
S3150800B5707563636573732E0042F2107000E000BFB6
S3150800B580401EFCD2704700007CB50C46050007D06B
S3150800B590012100F08BF800282FD15CB1B7200AE012
S3150800B5A01648009016A318A240F2AE311EA000F06D
S3150800B5B05FFCFEE7E9208DF80400002000900346B2
S3150800B5C06E6A012201A905F12000B047060002D0E3
S3150800B5D074B11EA10DE085F835400CB11BA300E03F
S3150800B5E01CA31EA24FF470710FA000F041FC03E0EB
S3150800B5F018A123A000F060FC30467CBD3F0F01086F
S3150800B600666C6173680000002825732920686173D9
S3150800B61020617373657274206661696C6564206164
S3150800B620742025732E0000002E5C2E2E5C4D696456
S3150800B630646C6577617265735C736675645C737256
S3150800B640635C736675642E6300000000456E74655E
S3150800B65072000000457869740000000025732034E4
S3150800B6602D427974652061646472657373696E67C7
S3150800B670206D6F646520737563636573732E0000B0
S3150800B6804572726F723A20257320342D427974659B
S3150800B6902061646472657373696E67206D6F646593
S3150800B6A0206661696C65642E00000000FEB50D46D3
S3150800B6B0040002D05DB106200AE01748009017A3DF
S3150800B6C018A240F285311FA000F0D2FBFEE7042045
S3150800B6D08DF80400002000900346666A012201A93D
S3150800B6E004F12000B047002814D102A9204600F032
S3150800B6F0F1FC00280ED19DF808104FEA81711DB1A2
S3150800B700002907DB18A002E0002903DA1FA000F0D1
S3150800B710D3FB0220FEBD00002D0F0108666C617385
S3150800B72068000000282573292068617320617373F7
S3150800B730657274206661696C65642061742025737E
S3150800B7402E0000002E5C2E2E5C4D6964646C6577B5
S3150800B750617265735C736675645C7372635C736649
S3150800B76075642E63000000004572726F723A2043BA
S3150800B770616E277420656E61626C652077726974E4
S3150800B78065207374617475732E0000004572726FBC
S3150800B790723A2043616E27742064697361626C652E
S3150800B7A0207772697465207374617475732E00004E
S3150800B7B07CB506002A4806F120040DD096F8341008
S3150800B7C099B1A16809B12046884701213046FFF79B
S3150800B7D06DFF050039D111E0009022A323A24FF492
S3150800B7E0EA712AA000F044FBFEE7009030A31FA2EE
S3150800B7F04FF4EB7125A000F03BFBFEE7C7208DF860
S3150800B8000400307D01074FF000000DD594218DF816
S3150800B810051080218DF806109A218DF807100090E2
S3150800B82000230422656803E000900023656801226E
S3150800B83001A92046A847050003D021A000F03CFB3B
S3150800B84003E0304601F0BCFD054600213046FFF70F
S3150800B8502DFFE16809B12046884728467CBD0000CF
S3150800B860E20E0108666C61736800000028257329DA
S3150800B8702068617320617373657274206661696CF0
S3150800B88065642061742025732E0000002E5C2E2E20
S3150800B8905C4D6964646C6577617265735C73667523
S3150800B8A0645C7372635C736675642E6300000000E3
S3150800B8B0666C6173682D3E696E69745F6F6B000014
S3150800B8C04572726F723A20466C61736820636869C4
S3150800B8D0702065726173652053504920636F6D6DE2
S3150800B8E0756E6963617465206572726F722E0000E9
S3150800B8F02DE9F047814617460E46002000F054FA17
S3150800B9000546002001E03854401CB042FBD33246BD
S3150800B9104946284600F050F9296808B12FA057E093
S3150800B92033464A463648F8F7DBFE3B463246494632
S3150800B930284600F097FC296808B132A048E033464B
S3150800B9404A463948F8F7CCFE3B4632464946284629
S3150800B95000F0D0FA296820B134A0F8F7C1FE002417
S3150800B96030E033464A463A48F8F7BAFE39A0F8F7BF
S3150800B970B7FE0024A6F1010814E0200704D109EB5C
S3150800B980040144A0F8F7ACFE395D44A0F8F7A8FE18
S3150800B9902007B0F1704F01D0444502D141A0F8F715
S3150800B9A09FFE641CB442E8D33EA0F8F799FED6E79A
S3150800B9B0385DE1B2884204D03B482968F8F790FE22
S3150800B9C002E0641CB442F3D3B44205D1296837A017
S3150800B9D0BDE8F047F8F784BEBDE8F08745726173A5
S3150800B9E0652074686520257320666C617368206419
S3150800B9F0617461206661696C65642E0D0A00000039
S3150800BA005411010857726974652074686520257396
S3150800BA1020666C6173682064617461206661696C74
S3150800BA2065642E0D0A0000009811010852656164CC
S3150800BA302074686520257320666C617368206461CC
S3150800BA407461206661696C65642E0D0A0000000049
S3150800BA50DC1101084F666673657420286829203052
S3150800BA603020303120303220303320303420303509
S3150800BA7020303620303720303820303920304120E9
S3150800BA8030422030432030442030452030460D0ACD
S3150800BA90000000005B253038585D200025303258FC
S3150800BAA0200000000D0A00000811010854686520EE
S3150800BAB0257320666C6173682074657374206973D6
S3150800BAC020737563636573732E0D0A0038B50446D3
S3150800BAD0F9F714FD050008D0002084F834000BA0FF
S3150800BAE0216800F0E9F9284638BD2CB1012084F810
S3150800BAF0340012A02168F4E71B4800901BA31DA27E
S3150800BB0040F2851123A000F0B3F9FEE74572726F83
S3150800BB10723A20257320666C6173682064657669BD
S3150800BB20636520696E697469616C697A6174696FA5
S3150800BB306E206661696C65642E00000025732066B8
S3150800BB406C6173682064657669636520696E6974DB
S3150800BB5069616C697A656420737563636573736676
S3150800BB60756C6C792E000000CA0E0108666C61734C
S3150800BB7068000000282573292068617320617373A3
S3150800BB80657274206661696C65642061742025732A
S3150800BB902E0000002E5C2E2E5C4D6964646C657761
S3150800BBA0617265735C736675645C7372635C7366F5
S3150800BBB075642E63000000002DE9FE4F07004D480E
S3150800BBC016460D464FF0000807F1200A0DD097F8E3
S3150800BBD03410002912D03869A919814217D946A00C
S3150800BBE000F06AF90520BDE8FE8F00904CA34EA22E
S3150800BBF04FF4047154A000F03BF9FEE700905BA3F4
S3150800BC0049A240F2122150A000F032F9FEE72DB900
S3150800BC10B04203D13846FFF7CBFDE4E7DAF808105F
S3150800BC205046002959D0884757E097F8440050B144
S3150800BC3032462946384600F09BFA07EBC00090F8D2
S3150800BC405890446D02E097F81C90BC69012138466B
S3150800BC50FFF72CFD5FEA000841D18DF804900DF13D
S3150800BC60050229463846FEF797FD97F8350008B1CC
S3150800BC70052200E0042200200090DAF804C05046AD
S3150800BC80002301A9E0475FEA000803D03BA000F0C3
S3150800BC9013F924E0384601F093FB5FEA00081ED149
S3150800BCA0B5FBF4F004FB105098B1B5FBF4F004FBB7
S3150800BCB01050201AB04212D2B5FBF4F004FB105013
S3150800BCC0201A361AB5FBF4F004FB1050201A054466
S3150800BCD003E0A64203D9361B2544002EA5D1002130
S3150800BCE03846FFF7E3FCDAF80C10504601B18847EE
S3150800BCF0404678E7F20E01084572726F723A20469E
S3150800BD006C6173682061646472657373206973205B
S3150800BD106F7574206F6620626F756E642E00000062
S3150800BD20666C6173680000002825732920686173B2
S3150800BD3020617373657274206661696C656420613D
S3150800BD40742025732E0000002E5C2E2E5C4D69642F
S3150800BD50646C6577617265735C736675645C73722F
S3150800BD60635C736675642E6300000000666C61731D
S3150800BD70682D3E696E69745F6F6B00004572726F5D
S3150800BD80723A20466C617368206572617365205348
S3150800BD90504920636F6D6D756E69636174652065C2
S3150800BDA072726F722E000000012807D200EB400164
S3150800BDB0C1EB4010024901EB800070470020704734
S3150800BDC0D003002070B500250DA30FA274211DA075
S3150800BDD000F04EF8244A75211AA000F049F8234EBF
S3150800BDE0002404EB4400C0EB441006EB80004460DA
S3150800BDF0FFF76CFE00B10546641CF2D0284670BDFC
S3150800BE00312E312E30000000537461727420696E31
S3150800BE10697469616C697A652053657269616C2019
S3150800BE20466C61736820556E6976657273616C201D
S3150800BE3044726976657228534655442920562573F7
S3150800BE402E0000002E5C2E2E5C4D6964646C6577AE
S3150800BE50617265735C736675645C7372635C736642
S3150800BE6075642E6300000000C4120108D003002088
S3150800BE700FB410B50A46014605AC08A0F8F730FC21
S3150800BE8023464FF480710948049AF8F739FC0749A4
S3150800BE9007A0F8F725FC10BC5DF814FB5B53465564
S3150800BEA0445D2825733A256C6429200088120020F1
S3150800BEB025730D0A000000000FB410B503AC08A0E6
S3150800BEC0F8F70EFC23464FF480710748029AF8F7F4
S3150800BED017FC054905A0F8F703FC10BC5DF814FB30
S3150800BEE05B534655445D00008812002025730D0AF1
S3150800BEF0000000002DE9FE4304002C489946174629
S3150800BF00884604F1200511D0B9F1000F17D094F82E
S3150800BF10341000291CD0216908EB0700884220D973
S3150800BF2023A0FFF7C9FF0520BDE8FE8300902AA3DA
S3150800BF302BA240F29B1132A0FFF79AFFFEE7009072
S3150800BF4038A327A24FF4CE712DA0FFF791FFFEE785
S3150800BF50009036A322A24FF4CF7129A0FFF788FFDD
S3150800BF60FEE7A96809B128468847204601F028FA5D
S3150800BF70060015D103208DF804000DF1050241468F
S3150800BF802046FEF709FC94F8350008B1052200E0C2
S3150800BF90042200976C684B4601A92846A047064626
S3150800BFA0E96809B1284688473046BDE7D80E010832
S3150800BFB04572726F723A20466C61736820616464D8
S3150800BFC072657373206973206F7574206F662062BB
S3150800BFD06F756E642E000000666C61736800000061
S3150800BFE0282573292068617320617373657274202C
S3150800BFF06661696C65642061742025732E000000F3
S3150800C0002E5C2E2E5C4D6964646C6577617265736F
S3150800C0105C736675645C7372635C736675642E63C1
S3150800C020000000006461746100000000666C6173C2
S3150800C030682D3E696E69745F6F6B00003EB504003B
S3150800C0400CD0FFF747F990B101A92046FEF742FD4B
S3150800C05068B101A92046FEF7E1FD3EBD07480090FC
S3150800C06007A309A2512110A0FFF702FFFEE718480F
S3150800C0702168FFF721FF00203EBD00009C0F010844
S3150800C080666C61736800000028257329206861734F
S3150800C09020617373657274206661696C65642061DA
S3150800C0A0742025732E0000002E5C2E2E5C4D6964CC
S3150800C0B0646C6577617265735C736675645C7372CC
S3150800C0C0635C736675645F736664702E6300000054
S3150800C0D0981501081CB505228DF804200E4A40B1B2
S3150800C0E081B1012200920B46446A01A92030A0477B
S3150800C0F01CBD009209A30BA240F2D33111A0FFF791
S3150800C100B7FEFEE7009218A306A24FF475710DA0BC
S3150800C110FFF7AEFEFEE70000570F0108666C617375
S3150800C12068000000282573292068617320617373ED
S3150800C130657274206661696C656420617420257374
S3150800C1402E0000002E5C2E2E5C4D6964646C6577AB
S3150800C150617265735C736675645C7372635C73663F
S3150800C16075642E63000000007374617475730000B3
S3150800C170F8B5044690F84400002538B1606DB1FB67
S3150800C180F0F300FB131058B10020F8BD0D480090DD
S3150800C1900DA313A24FF4B77119A0FFF769FEFEE7C6
S3150800C1A0032004EBC0035B6D33B1934204D8B1FBA3
S3150800C1B0F3F603FB161313B110B1401EF1E705465B
S3150800C1C02846F8BDEE0F0108666C6173682D3E734C
S3150800C1D06664702E617661696C61626C6500000048
S3150800C1E0282573292068617320617373657274202A
S3150800C1F06661696C65642061742025732E000000F1
S3150800C2002E5C2E2E5C4D6964646C6577617265736D
S3150800C2105C736675645C7372635C736675645F737E
S3150800C2206664702E63000000426800215AB9074A06
S3150800C2304262074A8262074AC262074A0263074A9B
S3150800C2408263074AC2630846704700007DC3000838
S3150800C25075C3000879C30008C403002079B500082F
S3150800C260C0270900F8B504460020A58AEE0706D0BF
S3150800C27000934FF480732046FEF71CFBF8BD6D074C
S3150800C280FCD501B02046BDE8F040F8F7D3BE000063
S3150800C2902DE9FC41174600F1200560B10026A1B141
S3150800C2A050208DF80400009600236C68012201A92D
S3150800C2B02846A0470CE01148009011A312A240F2AC
S3150800C2C00B4119A0FFF7D4FDFEE70121FFF7EEF9B0
S3150800C2D004000DD101208DF804008DF80570009634
S3150800C2E000236C68022201A92846A047040002D050
S3150800C2F016A0FFF7E1FD2046BDE8FC818A0F01087C
S3150800C300666C6173680000002825732920686173CC
S3150800C31020617373657274206661696C6564206157
S3150800C320742025732E0000002E5C2E2E5C4D696449
S3150800C330646C6577617265735C736675645C737249
S3150800C340635C736675642E63000000004572726F45
S3150800C350723A2057726974655F73746174757320D5
S3150800C3607265676973746572206661696C65642EA7
S3150800C3700000000072B6704762B670472DE9F84FA4
S3150800C38089460A9F1F490469984616004FF000051A
S3150800C39002D0B9F1000F24D017B1B8F1000F28D098
S3150800C3A0218900226068F4F795FE4FF47A7A3EB147
S3150800C3B0B2B2534649462068F5F7ADFF00B10425E9
S3150800C3C03FB1BAB2534641462068F5F7F9FE00B1C7
S3150800C3D00425218901226068F4F77CFE2846BDE819
S3150800C3E0F88F009108A30BA2452112A0FFF740FD84
S3150800C3F0FEE7009119A307A249210EA0FFF738FD11
S3150800C400FEE70000440B010877726974655F627580
S3150800C41066000000282573292068617320617373FC
S3150800C420657274206661696C656420617420257381
S3150800C4302E0000002E5C2E2E5C4D6964646C6577B8
S3150800C440617265735C736675645C706F72745C7335
S3150800C4506675645F706F72742E630000726561643E
S3150800C4605F6275660000000070B594B0064613ABAF
S3150800C47011AA694600F0DCF9002824D18DF840009D
S3150800C4801D4C042514E0206805EBC10113AB405888
S3150800C49012AA08A900F0CCF9002814D1694608A800
S3150800C4A000F0DBFB88B19DF84000401C8DF8400089
S3150800C4B0207D9DF840108842E5D8207D9DF84010E3
S3150800C4C088420ED1042014B070BD9DF848009DF82E
S3150800C4D04410884201D90220F5E79DF84000A0756E
S3150800C4E0EBE710A9304600F057FA0028EBD19DF883
S3150800C4F0400060750020E6E7380100202DE9F0418C
S3150800C5007E4E9AB0B57D307DA8427CD9042130682C
S3150800C51001EBC50119AB405818AA10A900F088F913
S3150800C52010A977A0F8F7DCF800240DF1180832E016
S3150800C530308B0121A140084217D0222172A0F8F7BA
S3150800C540CFF8204600F0A0FA811970A02431F8F738
S3150800C550C7F822216CA0F8F7C3F8204600F094FA31
S3150800C5603044243048F824000BE0204600F08CFACA
S3150800C5703044416A48F82410F07D00B364A0F8F707
S3150800C580AFF89DF86000401E844202D062A0F8F71A
S3150800C590A7F8641CE4B29DF860008442C8D35FA083
S3150800C5A0F8F79EF800F0F8FE707D0B2814D2DFE845
S3150800C5B000F0080D31384048525E6B78890058A063
S3150800C5C0DDE7306850F83500804704E0306850F8F9
S3150800C5D0351006988847074600F09EFE9DF86400C9
S3150800C5E001286ED04FA0F8F77BF896F8EC000028E3
S3150800C5F00DD0D6F8F0000A21B0FBF1F201FB1202C9
S3150800C600B0FBF1F100E002E047A0F8F769F81AB0CC
S3150800C610BDE8F081306850F83520DDE9060190471D
S3150800C620D9E7306806AC50F8353094E807009847E3
S3150800C630D1E7306806AF50F8354097E80F00A047B5
S3150800C640C9E70A980090306806AF50F8354097E871
S3150800C6500F00A047BFE7DDE90A01CDE90001306810
S3150800C66006AF50F8354097E80F00A047B3E70AAB86
S3150800C67006AF93E807008DE80700306850F83540A4
S3150800C68097E80F00A047A6E70AAC06AF94E80F00A4
S3150800C6908DE80F00306850F8354097E80F00A0473E
S3150800C6A099E70BAC06AF94E80F0001AC84E80F00DD
S3150800C6B00A980090306850F8354097E80F00A04770
S3150800C6C089E711E00CAC06AF94E80F0002AC84E8E9
S3150800C6D00F00DDE90A01CDE90001306850F8354060
S3150800C6E097E80F00A04776E7F07D394618B116A0FF
S3150800C6F0F7F7F6FF79E717A0FAE7000038010020F8
S3150800C7000D0A257328000000256300002573000024
S3150800C71030582558000000002C00000029000000B1
S3150800C720256C64003B0D0A0046756E6374696F6E6E
S3150800C7302052756E2054696D653A25642E2531643C
S3150800C7406D730D0A000000003D305825583B0D0A50
S3150800C750000000003D256C753B0D0A00F0B500256C
S3150800C7602E462F462C4603782C2B03D0292B04D093
S3150800C7701BB103E014B9012600E00CB317B1222B54
S3150800C7802AD02AE0A3F1300CBCF1090F19D92D2BB8
S3150800C79017D02B2B15D0A3F1610CBCF1050F10D9BE
S3150800C7A0A3F1410CBCF1050F0BD9582B09D0782BF6
S3150800C7B007D0222B0CD0202B1ED02C2B1CD0FF27C9
S3150800C7C00CE05EB9612B00D3203B01F8013B13E076
S3150800C7D026B901273C460FE0002426B10020087040
S3150800C7E017702846F0BD3CB15C2B02D16D1CEDB22A
S3150800C7F0401C037801F8013B6D1CEDB2401CB2E702
S3150800C80030B5002515700AE001F8014B1478401C74
S3150800C810641CE4B214709C4201D3012030BD047834
S3150800C820202C01D0002CEFD10D70002030BD000067
S3150800C8302DE9FF4F002482B089469846A24627462E
S3150800C840012526462246EB46029915E0202810D0F7
S3150800C85002F07F03052B0CD202B9802202F07F0377
S3150800C860042B01D12A280AD1521C0BF80300D2B294
S3150800C87001E0852A04D0491C08780028E6D16AB167
S3150800C88002F07F0200200BF8020041A1584600F092
S3150800C890E4F938B1012188F8001000224FF00008A9
S3150800C8A0029B15E0002088F80000F6E708F1010071
S3150800C8B000F0FF0813F8010F202801D02A2807D115
S3150800C8C0184600F057F9282802D02A2800D0C24670
S3150800C8D01878282801D00028E8D10299BAF1000F63
S3150800C8E001D05144491C4FF000084346087888B1E6
S3150800C8F0282804D0292806D0222810D011E083B988
S3150800C900641CE4B20DE063B924B1641E14F0FF049C
S3150800C91002D00DE04FF00108012F27D02FE04BB1D0
S3150800C92000234CB12C280CD0202816D0282814D047
S3150800C9305AB110E00123F4E7202815D009F8010BB5
S3150800C94012E00125521CD2B207E0052E03D20BF8DD
S3150800C9500600761CF6B26D1CEDB2012C04D1022D30
S3150800C96002D103257F1CFFB2491CBFE700200BF844
S3150800C970060007A1684600F070F900B90027049878
S3150800C9800770002089F8000006B04046BDE8F08F21
S3150800C990766F6964000000002DE9F043002489469B
S3150800C9A0304DB5B0214622466B18491CC9B29A7655
S3150800C9B00A29F9D302E010F8011F99B1017828294C
S3150800C9C0F9D1461C4FF0010833AA69463046FFF7ED
S3150800C9D0C5FE06449DF8CC0040B1012824D0FF28A6
S3150800C9E036D10BE0012035B0BDE8F0839DF8000094
S3150800C9F070B334A9684600F0C5F808B10220F2E71A
S3150800CA00204600F041F8284434994162298B08FAF7
S3150800CA1004F081432983042029198876641CE4B22A
S3150800CA200A2C15D90320DEE7684600F02BF9471CC7
S3150800CA30204600F029F841196846243100F019F912
S3150800CA40298B08FA04F00143281929838776E5E734
S3150800CA503078292801D00028B6D189F8004000206E
S3150800CA60C1E7000038010020054A002011880B04A0
S3150800CA7005D5044BC8B200211954184611807047D1
S3150800CA8006010020A4090020024610B50020014630
S3150800CA90054B05E05C18491CA47EC9B22044C0B207
S3150800CAA09142F7D310BD00003801002000EBC00109
S3150800CAB001EB00104FF0FF3101EB800010B581B299
S3150800CAC04FF47A7000F040FC01490120C87510BD8A
S3150800CAD0380100200346012000E05843491EC9B228
S3150800CAE0FBD2704770B5FFF7BFFF050022D0124E84
S3150800CAF0B1688847040013D0284600F0CDF801280D
S3150800CB0001D0040016D0012C0ED0022C0ED0032C16
S3150800CB100ED0042C0ED109A0BDE87040F7F7E0BD91
S3150800CB20F068BDE87040004709A0F5E70BA0F3E7F9
S3150800CB300DA0F1E770BD000038010020CEB4D5D2B3
S3150800CB40B5BDC6A5C5E4B5C4BAAFCAFD210D0A0070
S3150800CB50BAAFCAFDB4EDCEF3210D0A00B2CECAFDB6
S3150800CB60B4EDCEF3210D0A00B2CECAFDCCABB6E0C9
S3150800CB70210D0A0010F8011F202901D10028F9D13A
S3150800CB80C8B270472DE9F0430E4600244FF00A0854
S3150800CB902546014634600A78A2F13003092B14D9D8
S3150800CBA003782D2B01D02B2B00D174B1A2F14103B0
S3150800CBB0052B0AD9582A05D012F0FF0F17D00120E5
S3150800CBC0BDE8F083012C02D0F9E7412A01D34FF0E2
S3150800CBD0100802782D2A04D02B2A04D0641CE4B24B
S3150800CBE003E0022500E00125401C491CD3E707465F
S3150800CBF0B8F1100F01D084B112E0032C01D2022043
S3150800CC00DEE73878302802D17878582801D0032012
S3150800CC10D6E7A41EE4B2BF1C01E00420D0E70CB19D
S3150800CC20641EE4B2387801463038092801D88146AE
S3150800CC3001E0A1F1370921464046FFF74BFF32686C
S3150800CC4009FB0020306017F8011F0029E7D1022DE3
S3150800CC5001D1404230600020B2E702780B789A4250
S3150800CC6001D00120704712B1401C491CF5E700208D
S3150800CC70704702780A700278002A02D0401C491CC4
S3150800CC80F7E77047002102781AB1491CC9B2401C5F
S3150800CC90F9E7084670470000F0B58DB004461E2334
S3150800CCA008AA6946FFF7ACFD0990002872D19DF8DD
S3150800CCB02000271800253E4C8DF820509DF82000AE
S3150800CCC054F820106846FFF7C8FF38B19DF82000D1
S3150800CCD0401CC0B28DF820000728EFD39DF820002D
S3150800CCE00426344C072855D2DFE800F00404395AE4
S3150800CCF0605F5E0030A0F7F7F3FC30A0F7F7F0FCB2
S3150800CD003EA0F7F7EDFC4DA0F7F7EAFC5BA0F7F7B6
S3150800CD10E7FC6AA0F7F7E4FC78A0F7F7E1FC86A041
S3150800CD20F7F7DEFC8BA0F7F7DBFC93A0F7F7D8FC48
S3150800CD3097A0F7F7D5FC9CA0F7F7D2FCA1A0F7F7C8
S3150800CD40CFFCA7A0F7F7CCFCB3A0F7F7C9FCC0A0A7
S3150800CD50F7F7C6FCCBA0F7F7C3FCD7A01BE016A0D5
S3150800CD60F7F7BEFCE4A0F7F7BBFC8DF820500BE004
S3150800CD70216806EBC0000958EFA0F7F7B1FC9DF84B
S3150800CD802000401C8DF82000217D9DF8200081425E
S3150800CD90EED856E257E2F7F7A3FC00200DB0F0BD37
S3150800CDA005A0F7F79DFCCBE12CE20CE2EBE10000D5
S3150800CDB00C010020380100200D0A00002D2D2D2D14
S3150800CDC02D2D2D2D2D2D2D2D2D2D2D2D2D2D2D2D85
S3150800CDD02D2D2D2D55534D4152542056332E352D7C
S3150800CDE02D2D2D2D2D2D2D2D2D2D2D2D2D2D2D2D65
S3150800CDF02D2D2D2D2D2D2D200D0A00002020202033
S3150800CE0055534D415254CAC7D3C9414C49454E544E
S3150800CE10454BBFAAB7A2B5C4D2BBB8F6C1E9C7C9C4
S3150800CE20B5C4B4AEBFDAB5F7CAD4BBA5BDBBD7E99E
S3150800CE30BCFE2CCDA8B9FD200D0A0000CBFC2CC4E5
S3150800CE40E3BFC9D2D4CDA8B9FDB4AEBFDAD6FACA03
S3150800CE50D6B5F7D3C3B3CCD0F2C0EFC3E6B5C4C8D2
S3150800CE60CEBACEBAAFCAFD2CB2A2D6B4D0D02ED284
S3150800CE70F2B4CB2CC4E3BFC90D0A0000D2D4CBE66A
S3150800CE80D2E2B8FCB8C4BAAFCAFDB5C4CAE4C8EBA6
S3150800CE90B2CECAFD28D6A7B3D6CAFDD7D628313012
S3150800CEA02F3136BDF8D6C62CD6A7B3D6B8BACAFD22
S3150800CEB029A1A2D7D6B7FBB4AE0D0A00A1A2BAAF74
S3150800CEC0CAFDC8EBBFDAB5D8D6B7B5C8D7F7CEAA64
S3150800CED0B2CECAFD292CB5A5B8F6BAAFCAFDD7EEAB
S3150800CEE0B6E0D6A7B3D63130B8F6CAE4C8EBB2CEA8
S3150800CEF0CAFD2CB2A2D6A7B3D60D0A00BAAFCAFD90
S3150800CF00B7B5BBD8D6B5CFD4CABE2ED6A7B3D6B278
S3150800CF10CECAFDCFD4CABEBDF8D6C6C9E8D6C3B9EF
S3150800CF20A6C4DC2CD6A7B3D6BDF8D6C6D7AABBBB33
S3150800CF30B9A6C4DC2E0D0A00BCBCCAF5D6A7B3D662
S3150800CF403A7777772E6F70656E6564762E636F6DA8
S3150800CF500D0A000055534D415254D3D037B8F6CF79
S3150800CF60B5CDB3C3FCC1EE28B1D8D0EBD0A1D0B4AF
S3150800CF70293A0D0A000000003F3A202020202020F0
S3150800CF80BBF1C8A1B0EFD6FAD0C5CFA20D0A0000F2
S3150800CF9068656C703A202020BBF1C8A1B0EFD6FABC
S3150800CFA0D0C5CFA20D0A00006C6973743A20202000
S3150800CFB0BFC9D3C3B5C4BAAFCAFDC1D0B1ED0D0A56
S3150800CFC00A00000069643A2020202020BFC9D3C384
S3150800CFD0BAAFCAFDB5C44944C1D0B1ED0D0A0A00BD
S3150800CFE06865783A20202020B2CECAFD3136BDF8D1
S3150800CFF0D6C6CFD4CABE2CBAF3B8FABFD5B8F12B69
S3150800D000CAFDD7D6BCB4D6B4D0D0BDF8D6C6D7AA32
S3150800D010BBBB0D0A0A0000006465633A2020202085
S3150800D020B2CECAFD3130BDF8D6C6CFD4CABE2CBAE8
S3150800D030F3B8FABFD5B8F12BCAFDD7D6BCB4D6B467
S3150800D040D0D0BDF8D6C6D7AABBBB0D0A0A000000C9
S3150800D05072756E74696D653A312CBFAAC6F4BAAF9B
S3150800D060CAFDD4CBD0D0BCC6CAB13B302CB9D8B1D6
S3150800D070D5BAAFCAFDD4CBD0D0BCC6CAB13B0D0A0F
S3150800D0800A000000C7EBB0B4D5D5B3CCD0F2B1E0F6
S3150800D090D0B4B8F1CABDCAE4C8EBBAAFCAFDC3FB7F
S3150800D0A0BCB0B2CECAFDB2A2D2D4BBD8B3B5BCFC12
S3150800D0B0BDE1CAF82E0D0A002D2D2D2D2D2D2D2D55
S3150800D0C02D2D2D2D2D2D2D2D2D2D2D2D2D2D2D2D82
S3150800D0D02D2DD5FDB5E3D4ADD7D32D2D2D2D2D2D45
S3150800D0E02D2D2D2D2D2D2D2D2D2D2D2D2D2D2D2D62
S3150800D0F02D2D2D200D0A00002D2D2D2D2D2D2D2DFC
S3150800D1002D2D2D2D2D2D2D2D2D2D2D2D2D2D2D2D41
S3150800D1102DBAAFCAFDC7E5B5A52D2D2D2D2D2D2D63
S3150800D1202D2D2D2D2D2D2D2D2D2D2D2D2D2D2D2D21
S3150800D1302D2D2D2D200D0A0025730D0A0000000047
S3150800D14042A0F7F7CDFA8DF8205016E0216806EBD5
S3150800D150C0000BAB08580AAA6946FFF769FB9DF899
S3150800D1602010206850F83120694648A0F7F7B8FA29
S3150800D1709DF82000401C8DF82000217D9DF8200098
S3150800D1808142E3D85DE0AFF2D030F7F7A9FA08AAF2
S3150800D19069463846FFF7E2FA9DF82000002843D191
S3150800D1A009A96846FFF7EEFC8DF8200010B104289F
S3150800D1B03AD102E03AA009991CE03CA0F7F790FAA8
S3150800D1C00120E0753DE038A0F7F78AFA08AA694613
S3150800D1D03846FFF7C3FA9DF8200028BB09A9684618
S3150800D1E0FFF7D0FC8DF8200010B104281CD104E00C
S3150800D1F033A00999F7F774FA23E034A0F7F770FA21
S3150800D200E5751EE028A0F7F76BFA08AA69463846BE
S3150800D210FFF7A4FA9DF8200030B909A96846FFF778
S3150800D220B1FC8DF8200008B10220B7E5099810F086
S3150800D230FF0084F8EC0001D029A000E02FA0F7F742
S3150800D2404FFA19A0A7E50120A8E500002D2D2D2DE0
S3150800D2502D2D2D2D2D2D2D2D2D2D2D2D2D2D2D2DF0
S3150800D2602D2D2D2D2DBAAFCAFD204944202D2D2D4B
S3150800D2702D2D2D2D2D2D2D2D2D2D2D2D2D2D2D2DD0
S3150800D2802D2D2D2D2D2D2D2D200D0A0025732069D0
S3150800D290642069733A0D0A3058253038580D0A004B
S3150800D2A04845583A305825580D0A00003136BDF819
S3150800D2B0D6C6B2CECAFDCFD4CABE210D0A0000001A
S3150800D2C04445433A256C750D0A0000003130BDF817
S3150800D2D0D6C6B2CECAFDCFD4CABE210D0A000000FA
S3150800D2E052756E2054696D652043616C63756C6177
S3150800D2F074696F6E204F4E0D0A00000052756E203D
S3150800D30054696D652043616C63756C6174696F6EF1
S3150800D310204F46460D0A0000094800680169C943BE
S3150800D320CA070849D1F8F02004D14FF6FF731A440A
S3150800D330C1F8F020406A1044C1F8F00070470000B8
S3150800D3406C0A00203801002038B5104A00231468FA
S3150800D35044F00404146012680D4C02F004020092B2
S3150800D3600C4AC2E902301361C2E900411046F5F7DA
S3150800D370D5F90848F5F700FA032211461E20F3F7F7
S3150800D3801DFFBDE838401E20F3F70ABF40380240AB
S3150800D390000800406C0A002007486FF00101026887
S3150800D3A011610268090CD162C160006800214162FE
S3150800D3B00248C0F8F01070476C0A002038010020B7
S3150800D3C07CB50600F46B09D11348009013A315A287
S3150800D3D040F2DE311BA0FEF74BFDFEE701A9304601
S3150800D3E0FEF778FE05469DF8040000F00100284384
S3150800D3F00FD0B06B1CB100B18047641EEEE79DF8F4
S3150800D4000400042500F00100284302D016A0FEF708
S3150800D41053FD28467CBD0000680F0108666C6173E1
S3150800D42068000000282573292068617320617373DA
S3150800D430657274206661696C656420617420257361
S3150800D4402E0000002E5C2E2E5C4D6964646C657798
S3150800D450617265735C736675645C7372635C73662C
S3150800D46075642E63000000004572726F723A20469A
S3150800D4706C617368207761697420627573792068B6
S3150800D480617320616E206572726F722E0000000053
S3150800D490016070470000000000000000010203045C
S3150800D4A006070809000000000102030406000C0034
S3150800D4B00C00000000000000ECD400080800100072
S3150800D4C0100000000000010060D900080C001800D8
S3150800D4D0300000000000020050DF000810002000A5
S3150800D4E0400000000000030020F1000800000000D2
S3150800D4F0000000000000000000000404040404000A
S3150800D5000004000014140A000000000000000000D7
S3150800D51000000A0A1F0A0A1F0A0A000000040E155C
S3150800D52005060C14150E0400000012150D152E2CF8
S3150800D5302A1200000000040A0A36151529160000EA
S3150800D54002020100000000000000000010080804A4
S3150800D550040404040808100002040408080808085B
S3150800D5600404020000000004150E0E150400000055
S3150800D57000000008083E080800000000000000003F
S3150800D580000000000202010000000000003F000049
S3150800D590000000000000000000000000000200007B
S3150800D5A000201010080804040202010000000E11F1
S3150800D5B011111111110E00000000040604040404E0
S3150800D5C0040E000000000E1111080402011F0000DD
S3150800D5D000000E11100C1010110E00000000080CAF
S3150800D5E00C0A091F081C000000001F01010F11107A
S3150800D5F0110E000000000C12010D1311110E00008F
S3150800D60000001E10080804040404000000000E119F
S3150800D610110E1111110E000000000E11111916102D
S3150800D62009060000000000000400000000040000D5
S3150800D63000000000000400000004040000001008B8
S3150800D6400402020408100000000000003F003F002A
S3150800D6500000000000000204081010080402000080
S3150800D66000000E11110804040004000000001C222A
S3150800D670292D2D1D221C0000000004040C0A0A1E78
S3150800D6801233000000000F12120E1212120F0000C1
S3150800D69000001E1101010101110E000000000F1209
S3150800D6A012121212120F000000001F120A0E0A02AE
S3150800D6B0121F000000001F120A0E0A0202070000CD
S3150800D6C000001C1201013911120C0000000033126F
S3150800D6D0121E12121233000000001F040404040470
S3150800D6E0041F000000003E08080808080808090783
S3150800D6F0000037120A060A12123700000000070255
S3150800D70002020202223F000000003B1B1B1B1515EC
S3150800D7101535000000003B1216161A1A12170000DB
S3150800D72000000E1111111111110E000000000F1248
S3150800D730120E02020207000000000E111111111745
S3150800D740190E180000000F12120E0A1212370000E6
S3150800D75000001E1101060810110F000000001F1519
S3150800D76004040404040E00000000331212121212FC
S3150800D770120C000000003312120A0A0C04040000FE
S3150800D7800000151515150E0A0A0A000000001B0AE6
S3150800D7900A04040A0A1B000000001B0A0A0A0404F9
S3150800D7A0040E000000001F0908040402121F0000EE
S3150800D7B01C0404040404040404041C0000020204F7
S3150800D7C004040808081010000E08080808080808C5
S3150800D7D008080E00040A000000000000000000000F
S3150800D7E000000000000000000000003F02040000E6
S3150800D7F0000000000000000000000000000C121CE1
S3150800D800123C000000030202020E1212120E000061
S3150800D81000000000001C1202120C00000018101074
S3150800D820101C1212123C000000000000000C121E10
S3150800D830021C000000182404041E0404041E000030
S3150800D84000000000003C120C021C221C000302020D
S3150800D850020E121212370000000404000006040427
S3150800D860040E000000080800000C0808080808074D
S3150800D87000030202021A0A060A130000000704043B
S3150800D88004040404041F000000000000000F15151E
S3150800D8901515000000000000000F121212370000D4
S3150800D8A000000000000C1212120C0000000000001C
S3150800D8B0000F1212120E020700000000001C1212BE
S3150800D8C0121C103800000000001B060202070000A8
S3150800D8D000000000001E020C101E000000000004DC
S3150800D8E0041E0404041C000000000000001B1212A1
S3150800D8F0123C000000000000001B0A0A0404000095
S3150800D900000000000015150E0A0A000000000000BD
S3150800D910001B0A040A1B0000000000000033121254
S3150800D9200C08040300000000001E0804041E000082
S3150800D93018080808080C080808081800080808083D
S3150800D9400808080808080808060404040408040463
S3150800D950040406001609000000000000000000008C
S3150800D96000000000000000000000000000000000A9
S3150800D9700000000808080808080800001818000031
S3150800D98000486C241200000000000000000000009F
S3150800D9900000002424247F1212127F1212120000A3
S3150800D9A00000081C2A2A0A0C1828282A2A1C0808F3
S3150800D9B000000022251515152A5854545422000033
S3150800D9C00000000C1212120A76252911916E000029
S3150800D9D00006060403000000000000000000000026
S3150800D9E000402010100808080808081010204000F9
S3150800D9F0000204080810101010101008080402008D
S3150800DA000000000008086B1C1C6B080800000000DA
S3150800DA1000000000080808087F0808080800000039
S3150800DA2000000000000000000000000006060403D5
S3150800DA300000000000000000FE00000000000000DA
S3150800DA4000000000000000000000000006060000BC
S3150800DA50000080404020201010080804040202003C
S3150800DA600000001824424242424242422418000062
S3150800DA70000000080E08080808080808083E000004
S3150800DA800000003C4242422020100804427E00006A
S3150800DA900000003C4242201820404042221C000060
S3150800DAA0000000203028242422227E20207800002E
S3150800DAB00000007E0202021A26404042221C000094
S3150800DAC0000000382402021A2642424224180000A6
S3150800DAD00000007E22221010080808080808000026
S3150800DAE00000003C4242422418244242423C0000C4
S3150800DAF0000000182442424264584040241C00009A
S3150800DB0000000000000018180000000018180000A7
S3150800DB1000000000000000080000000000080804DB
S3150800DB2000000040201008040204081020400000ED
S3150800DB300000000000007F0000007F0000000000D9
S3150800DB40000000020408102040201008040200000B
S3150800DB500000003C42424640201010001818000001
S3150800DB600000001C225A555555552D42221C00000E
S3150800DB700000000808181414243C224242E700005A
S3150800DB800000001F2222221E22424242221F0000BB
S3150800DB900000007C4242010101010142221C0000F2
S3150800DBA00000001F2242424242424242221F000017
S3150800DBB00000003F4212121E12120242423F0000AB
S3150800DBC00000003F4212121E121202020207000053
S3150800DBD00000003C2222010101712122221C0000C2
S3150800DBE0000000E7424242427E42424242E70000CB
S3150800DBF00000003E0808080808080808083E000053
S3150800DC000000007C10101010101010101010110FCA
S3150800DC100000007722120A0E0A121222227700004A
S3150800DC20000000070202020202020202427F00000E
S3150800DC3000000077363636362A2A2A2A2A6B00004A
S3150800DC40000000E346464A4A5252526262470000C2
S3150800DC500000001C2241414141414141221C000073
S3150800DC600000003F424242423E0202020207000012
S3150800DC700000001C2241414141414D53321C6000C5
S3150800DC800000003F4242423E1212222242C70000D2
S3150800DC900000007C4242020418204042423E000036
S3150800DCA00000007F4908080808080808081C000042
S3150800DCB0000000E74242424242424242423C0000E1
S3150800DCC0000000E742422224241414180808000021
S3150800DCD00000006B49494949555536222222000061
S3150800DCE0000000E7422424181818242442E70000FC
S3150800DCF0000000772222141408080808081C0000EF
S3150800DD000000007E2120101008040442423F000053
S3150800DD1000780808080808080808080808087800A5
S3150800DD2000000202040408080810102020204040C1
S3150800DD30001E1010101010101010101010101E00D9
S3150800DD400038440000000000000000000000000049
S3150800DD50000000000000000000000000000000FFB6
S3150800DD600006080000000000000000000000000097
S3150800DD70000000000000003C4278444242FC0000DB
S3150800DD80000000030202021A26424242261A000036
S3150800DD900000000000000038440202024438000077
S3150800DDA000000060404040784442424264D8000087
S3150800DDB0000000000000003C427E0202423C0000D7
S3150800DDC0000000F08808087E08080808083E0000D9
S3150800DDD0000000000000007C22221C023C42423C5B
S3150800DDE0000000030202023A4642424242E70000AD
S3150800DDF00000000C0C00000E08080808083E000089
S3150800DE000000003030000038202020202020221E6C
S3150800DE100000000302020272120A1612227700009C
S3150800DE200000000E0808080808080808083E000050
S3150800DE30000000000000007F9292929292B70000C4
S3150800DE40000000000000003B4642424242E7000054
S3150800DE50000000000000003C42424242423C0000F2
S3150800DE60000000000000001B26424242221E020754
S3150800DE70000000000000007844424242447840E036
S3150800DE8000000000000000774C040404041F000092
S3150800DE90000000000000007C42023C40423E0000B8
S3150800DEA0000000000008083E0808080808300000BE
S3150800DEB000000000000000634242424262DC0000AB
S3150800DEC000000000000000E74224241408080000AF
S3150800DED000000000000000EB4949555522220000C9
S3150800DEE0000000000000007624181818246E0000B0
S3150800DEF000000000000000E7422424141808080760
S3150800DF00000000000000007E22100808447E000081
S3150800DF1000C0202020202010202020202020C00003
S3150800DF2010101010101010101010101010101010E3
S3150800DF30000608080808081008080808080806005F
S3150800DF400C32C200000000000000000000000000C3
S3150800DF5000000000000000000000000000000000B3
S3150800DF6000000000000000000000000000000000A3
S3150800DF700000000000000000000000000000000093
S3150800DF800000000000000000600060006000600003
S3150800DF9060006000600040002000200020000000B3
S3150800DFA00000000060006000600000000000000043
S3150800DFB000000000600660063003980188004400EF
S3150800DFC00000000000000000000000000000000043
S3150800DFD00000000000000000000000000000000033
S3150800DFE000000000000000001002100210021002DB
S3150800DFF0FE07FE0708020801080108010801FE07D6
S3150800E000FE070401040104010401000000000000E9
S3150800E01000000000000040004000F00158034C03D7
S3150800E020CC034C0058007000E000C001C00140035A
S3150800E0304C035C034C034801F0004000400000001C
S3150800E04000000000000000000E010A019100910086
S3150800E0509100510051003A00AE03A002500450044A
S3150800E06048044804480484028403000000000000B1
S3150800E070000000000000000038006C006C006C0016
S3150800E0806C006C002C0098071C011A01330133013F
S3150800E0906301E300C308C6093C070000000000004E
S3150800E0A0000000000C001C0010001000080004000E
S3150800E0B00000000000000000000000000000000052
S3150800E0C00000000000000000000000000000000042
S3150800E0D000000000000400020001800080004000EB
S3150800E0E04000200020002000200020002000200002
S3150800E0F0400040008000800000010002000400008B
S3150800E10000000000020004000800100010002000B3
S3150800E1102000400040004000400040004000400011
S3150800E1202000200010001000080004000200000073
S3150800E1300000000000000000000000004000C000D1
S3150800E1404000460C4E0FD001F0015E0F460C400011
S3150800E1504000400000000000000000000000000031
S3150800E1600000000000000000000000000000400061
S3150800E1704000400040004000FE0F400040004000C4
S3150800E1804000400000000000000000000000000001
S3150800E1900000000000000000000000000000000071
S3150800E1A00000000000000000000000000000000061
S3150800E1B0000000000C001C001000100008000400FD
S3150800E1C00000000000000000000000000000000041
S3150800E1D00000000000000000FE070000000000002C
S3150800E1E00000000000000000000000000000000021
S3150800E1F00000000000000000000000000000000011
S3150800E2000000000000000000000000000000000000
S3150800E210000000001C001C001C000000000000009C
S3150800E22000000000000400060002000300010001CF
S3150800E23080008000400040006000200020001000A0
S3150800E2401000080008000C00040006000200000088
S3150800E25000000000000000000000F00098010C0318
S3150800E2600C0306060606060606060606060606063D
S3150800E27006060C030C039801F000000000000000DD
S3150800E2800000000000000000000040007C00600064
S3150800E2906000600060006000600060006000600070
S3150800E2A06000600060006000FC03000000000000E1
S3150800E2B000000000000000000000F80084010203CE
S3150800E2C006030603000300018001C0006000200069
S3150800E2D01000080204020602FE0300000000000007
S3150800E2E0000000000000000000007800C60086015B
S3150800E2F0860180018001C0007000800100010003D2
S3150800E3000003060306038601F8000000000000006B
S3150800E3100000000000000000000080018001C0012C
S3150800E320A001A00190018801880184018201FE0FE5
S3150800E3308001800180018001E007000000000000E4
S3150800E34000000000000000000000FC0304000400B8
S3150800E350040004000400F4008C0104030003000315
S3150800E3600603060382018401F8000000000000008D
S3150800E37000000000000000000000E00118030C0384
S3150800E3800C0004000600E60116030E06060606063D
S3150800E390060604060C021803F00000000000000040
S3150800E3A000000000000000000000F8070C06040248
S3150800E3B00401000100018000800040004000400088
S3150800E3C0600060006000600060000000000000005F
S3150800E3D000000000000000000000F8010C0306061B
S3150800E3E0060606060C021C03F000C8010C03060606
S3150800E3F00606060606060C03F001000000000000EB
S3150800E40000000000000000000000F0000C010C03F2
S3150800E410060206060606060606078C06780600069F
S3150800E420000300030C018C017800000000000000C6
S3150800E43000000000000000000000000000000000CE
S3150800E44000000000E000E000E0000000000000001E
S3150800E45000000000E000E000E0000000000000000E
S3150800E460000000000000000000000000000000009E
S3150800E47000000000600060000000000000000000CE
S3150800E480000000000000600060004000200020003E
S3150800E49000000000000000000004000200018000E7
S3150800E4A040002000100008000400080010002000AA
S3150800E4B04000800000010002000400000000000087
S3150800E4C0000000000000000000000000000000003E
S3150800E4D000000000FE07000000000000FE07000024
S3150800E4E0000000000000000000000000000000001E
S3150800E4F000000000000000000400080010002000D2
S3150800E50040008000000100020004000200018000B3
S3150800E5104000200010000800040000000000000071
S3150800E52000000000000000000000E0031806040CCC
S3150800E530040C0C0C0C0C0007800140004000400045
S3150800E54000000000E000E000E0000000000000001D
S3150800E5500000000000000000E00018030C02CC05D3
S3150800E56064056605A605B604B604B604B604B6027E
S3150800E570E4010C040C021803F0000000000000007F
S3150800E580000000000000000000006000600050006D
S3150800E590D00090009000880088010801F801040363
S3150800E5A004030402020202060F0F00000000000026
S3150800E5B000000000000000000000FE008C030C03B1
S3150800E5C00C030C030C038C01FC000C030C020C0658
S3150800E5D00C060C060C060C03FE01000000000000E9
S3150800E5E000000000000000000000E00318030C060D
S3150800E5F00C040404060006000600060006000600D1
S3150800E60006040C040C021803F000000000000000C9
S3150800E610000000000000000000007F008C010C03D1
S3150800E6200C030C060C060C060C060C060C060C064F
S3150800E6300C060C030C038C017F0000000000000090
S3150800E64000000000000000000000FF0306030604A7
S3150800E6500604060086008600FE0086008600860000
S3150800E6600600060406040602FF0300000000000078
S3150800E67000000000000000000000FF030603060477
S3150800E6800604060086008600FE00860086008600D0
S3150800E69006000600060006001F0000000000000035
S3150800E6A000000000000000000000F00018010C0245
S3150800E6B00C0204020600060006000600C60F060342
S3150800E6C006030C030C031803F0000000000000000A
S3150800E6D0000000000000000000000F0F06060606F6
S3150800E6E00606060606060606FE07060606060606C3
S3150800E6F006060606060606060F0F000000000000BE
S3150800E70000000000000000000000FC03600060003C
S3150800E71060006000600060006000600060006000EB
S3150800E7206000600060006000FC030000000000005C
S3150800E73000000000000000000000F807C000C0004C
S3150800E740C000C000C000C000C000C000C000C000BB
S3150800E750C000C000C000C000C000C60066003C0083
S3150800E76000000000000000000000CF038601C6007C
S3150800E77046002600160036002E006E004600C6002B
S3150800E78086008601060106038F07000000000000C8
S3150800E790000000000000000000001F000600060040
S3150800E7A0060006000600060006000600060006002B
S3150800E7B00600060406040602FF0300000000000027
S3150800E7C0000000000000000000000707860386031B
S3150800E7D08E038E034E034E034A035A035A033A0323
S3150800E7E032033203320312038707000000000000D9
S3150800E7F0000000000000000000008E0F0C021C0242
S3150800E8001C0234023402640264024402C402840212
S3150800E81084038403040304031F02000000000000AD
S3150800E82000000000000000000000F00098010C0342
S3150800E8300C02060606060606060606060606060668
S3150800E84006060C020C039801F00000000000000008
S3150800E85000000000000000000000FF000603060696
S3150800E86006060606060606068603FE0006000600D7
S3150800E87006000600060006001F0000000000000053
S3150800E88000000000000000000000F00098010C03E2
S3150800E8900C02060606060606060606060606060608
S3150800E8A076064C02CC039801F000800700030000AE
S3150800E8B000000000000000000000FF010603060635
S3150800E8C00606060606060603FE004600C60086007D
S3150800E8D086010603060306060F0E00000000000068
S3150800E8E000000000000000000000F8020C03060209
S3150800E8F0060206000E003C00F800E003800300074D
S3150800E9000206020606060C03F001000000000000DD
S3150800E91000000000000000000000FE076204610815
S3150800E92061086000600060006000600060006000D0
S3150800E9306000600060006000F80100000000000050
S3150800E940000000000000000000001E070C020C0278
S3150800E9500C020C020C020C020C020C020C020C0239
S3150800E9600C020C020C021801F00000000000000066
S3150800E970000000000000000000000F070602040166
S3150800E98004010C010C0188008800980098005000CA
S3150800E9905000700030002000200000000000000039
S3150800E9A000000000000000000000F70E62044204A8
S3150800E9B04604460464026402E402E4029C029C01E2
S3150800E9C0980198018801880088000000000000006E
S3150800E9D0000000000000000000009E070C0108016E
S3150800E9E018019000B0006000200060006000D000B0
S3150800E9F090008801080104038E070000000000004B
S3150800EA00000000000000000000000F0F06040402CA
S3150800EA100C0208011801B800B00070006000600020
S3150800EA206000600060006000F8010000000000005F
S3150800EA3000000000000000000000FC070C020603AE
S3150800EA4002018001800040004000200020001000E4
S3150800EA50180008040C040402FE030000000000006D
S3150800EA6000000000E0032000200020002000200015
S3150800EA702000200020002000200020002000200088
S3150800EA80200020002000200020002000E0030000D5
S3150800EA900000000000000000040004000800080050
S3150800EAA01000100010002000200040004000C000A8
S3150800EAB0800080000001000100020002000200043C
S3150800EAC0000000007C00400040004000400040007C
S3150800EAD04000400040004000400040004000400028
S3150800EAE04000400040004000400040007C0000001C
S3150800EAF0000060009000080100000000000000000F
S3150800EB0000000000000000000000000000000000F7
S3150800EB1000000000000000000000000000000000E7
S3150800EB2000000000000000000000000000000000D7
S3150800EB3000000000000000000000000000000000C7
S3150800EB400000000000000000000000000000FF0FA9
S3150800EB50000000001800600000000000000000002F
S3150800EB600000000000000000000000000000000097
S3150800EB700000000000000000000000000000000087
S3150800EB800000000000000000000000000000000077
S3150800EB9000000000F0010C030C030003E0031C0353
S3150800EBA00E03060306038E0B7C0E00000000000011
S3150800EBB0000000000000000008000E000C000C0019
S3150800EBC00C000C00CC013C031C060C060C060C06BB
S3150800EBD00C060C060C021C03E401000000000000F1
S3150800EBE00000000000000000000000000000000017
S3150800EBF000000000F0008C018C018601060006006A
S3150800EC00060006020C020C01F000000000000000DD
S3150800EC1000000000000000000002C003000300031B
S3150800EC200003000378038C030C030603060306039C
S3150800EC300603060304038C077801000000000000A1
S3150800EC4000000000000000000000000000000000B6
S3150800EC5000000000E001180308020C060C06FC0779
S3150800EC600C000C0018041802E00100000000000067
S3150800EC7000000000000000000000C0036006300627
S3150800EC8030003000FE013000300030003000300027
S3150800EC903000300030003000FC01000000000000A9
S3150800ECA00000000000000000000000000000000056
S3150800ECB000000000F007D8068C018C018C01980131
S3150800ECC0F8000C00FC00CC03060306038E03F800CC
S3150800ECD0000000000000000008000E000C000C00F8
S3150800ECE00C000C00EC011C030C030C030C030C03B6
S3150800ECF00C030C030C030C039E0700000000000025
S3150800ED000000000000000000000060006000000035
S3150800ED10000040007C006000600060006000600049
S3150800ED206000600060006000FC0300000000000056
S3150800ED3000000000000000000000C001C001000043
S3150800ED4000000001F001800180018001800180013E
S3150800ED50800180018001800180018001CC007C0057
S3150800ED60000000000000000008000E000C000C0067
S3150800ED700C000C008C038C008C004C006C005C00B2
S3150800ED808C008C010C010C039E070000000000009B
S3150800ED90000000000000000040007C0060006000E9
S3150800EDA06000600060006000600060006000600055
S3150800EDB06000600060006000FC03000000000000C6
S3150800EDC00000000000000000000000000000000035
S3150800EDD0000000003707EE06660666066606660643
S3150800EDE06606660666066606FF0F00000000000057
S3150800EDF00000000000000000000000000000000005
S3150800EE0000000000EE011C030C030C030C030C03AA
S3150800EE100C030C030C030C039E0700000000000003
S3150800EE2000000000000000000000000000000000D4
S3150800EE3000000000F00098010C0306060606060608
S3150800EE40060606060C030C03F0000000000000008E
S3150800EE5000000000000000000000000000000000A4
S3150800EE6000000000EE011C030C060C060C060C063E
S3150800EE700C060C060C031C03EC010C000C003E00EF
S3150800EE800000000000000000000000000000000074
S3150800EE900000000078028C030C0306030603060331
S3150800EEA00603060304038C03780300030003C00764
S3150800EEB00000000000000000000000000000000044
S3150800EEC0000000009F0358063806180018001800AE
S3150800EED01800180018001800FF00000000000000C5
S3150800EEE00000000000000000000000000000000014
S3150800EEF000000000F0031C030C020C023800F000AE
S3150800EF00C003040304038C03FC0100000000000096
S3150800EF1000000000000000000000000020002000A3
S3150800EF2030003000FE013000300030003000300084
S3150800EF303000300030023002E0010000000000001E
S3150800EF4000000000000000000000000000000000B3
S3150800EF50000008028E030C030C030C030C030C03BD
S3150800EF600C030C030C039C0778010000000000004A
S3150800EF700000000000000000000000000000000083
S3150800EF80000000001E070C02080108011801900085
S3150800EF90B000B00060006000200000000000000023
S3150800EFA00000000000000000000000000000000053
S3150800EFB000000000F70E6204460464026402EC02D4
S3150800EFC09C019801980198010800000000000000C3
S3150800EFD00000000000000000000000000000000023
S3150800EFE000000000BC0718011001B00060006000B6
S3150800EFF0E0009000080108039E07000000000000DA
S3150800F00000000000000000000000000000000000F2
S3150800F010000000009E070801080108019000900002
S3150800F020B0006000600060002000200024001C0082
S3150800F03000000000000000000000000000000000C2
S3150800F04000000000FC018401C400440060002000A8
S3150800F0503000180208020C03FC0100000000000042
S3150800F060000000000003800080008000800080000F
S3150800F0708000800080004000200040008000800062
S3150800F080800080008000800080008000000300006F
S3150800F0904000400040004000400040004000400062
S3150800F0A04000400040004000400040004000400052
S3150800F0B04000400040004000400040004000400042
S3150800F0C0000000000C0010001000100010001000D6
S3150800F0D01000100010002000400020001000100052
S3150800F0E01000100010001000100010000C000000A6
S3150800F0F000001C002204C204800300000000000077
S3150800F10000000000000000000000000000000000F1
S3150800F11000000000000000000000000000000000E1
S3150800F12000000000000000000000000000000000D1
S3150800F13000000000000000000000000000000000C1
S3150800F14000000000000000000000000000000000B1
S3150800F15000000000000000000000000000000000A1
S3150800F16000000000000000000000C001C001C0014E
S3150800F170C001C001C001C00180008000800080007D
S3150800F1808000800080000000000000000000800170
S3150800F190C003C0038001000000000000000000005A
S3150800F1A0000000000000E01CE01CF01E700E38078E
S3150800F1B01803080184000000000000000000000099
S3150800F1C00000000000000000000000000000000031
S3150800F1D00000000000000000000000000000000021
S3150800F1E000000000000000000000000020102010B1
S3150800F1F0201020102010FE7FFE7F1008100810082F
S3150800F2001008100810081008FE7FFE7F080408047E
S3150800F21008040804080400000000000000000000BC
S3150800F220000000000000000000010001C00760198E
S3150800F230103118311839183938017001E001C00346
S3150800F2408007000F001D003900311C311C310C31BC
S3150800F2500C11180DE0070001000100010000000074
S3150800F2600000000000000000000000001C10361816
S3150800F2706308630C63046304630263026301361D57
S3150800F2809C37802280634063406320632063306339
S3150800F29010221836081C00000000000000000000BC
S3150800F2A0000000000000000000000000F0009801C7
S3150800F2B08C018C018C018C018C00CC007800183EE6
S3150800F2C01C083608320863046304C304C303834373
S3150800F2D006438E26781C000000000000000000008F
S3150800F2E00000000000001C003C003C00300030001C
S3150800F2F010000C00060000000000000000000000DE
S3150800F30000000000000000000000000000000000EF
S3150800F31000000000000000000000000000000000DF
S3150800F3200000000000000040002000100008000C4B
S3150800F3300004000600030003000380018001800129
S3150800F3408001800180018001800100030003000321
S3150800F35000060006000C000800100020004000000F
S3150800F3600000000000000200040008001000300041
S3150800F37020006000C000C000C0008001800180013C
S3150800F38080018001800180018001C000C000C000AA
S3150800F3906000600030001000080004000200000051
S3150800F3A0000000000000000000000000000000004F
S3150800F3B000018003800300011C713C79783DC00779
S3150800F3C00001C007783D3C791C7100018003800369
S3150800F3D0800100000000000000000000000000009E
S3150800F3E0000000000000000000000000000000000F
S3150800F3F000000001000100010001000100010001F8
S3150800F400FC7F00010001000100010001000100016C
S3150800F41000000000000000000000000000000000DE
S3150800F42000000000000000000000000000000000CE
S3150800F43000000000000000000000000000000000BE
S3150800F44000000000000000000000000000000000AE
S3150800F4501C003C003C003000300010000C00060088
S3150800F460000000000000000000000000000000008E
S3150800F470000000000000000000000000000000007E
S3150800F480FE7F0000000000000000000000000000F1
S3150800F490000000000000000000000000000000005E
S3150800F4A0000000000000000000000000000000004E
S3150800F4B0000000000000000000000000000000003E
S3150800F4C00000000000000000000000000000180016
S3150800F4D03C003C001800000000000000000000008E
S3150800F4E0000000000000004000600020003000100E
S3150800F4F000180008000C00040006000200030001C2
S3150800F50080018000C000400060002000300010002C
S3150800F510180008000C0004000600020000000000A5
S3150800F520000000000000000000000000C007600C9A
S3150800F53030181830183018200C600C600C600C60FD
S3150800F5400C600C600C600C600C60182018301830C9
S3150800F5503018600CC0070000000000000000000022
S3150800F560000000000000000000000000000180010B
S3150800F570F8018001800180018001800180018001FD
S3150800F5808001800180018001800180018001800165
S3150800F5908001C003F81F0000000000000000000002
S3150800F5A0000000000000000000000000E007101C3A
S3150800F5B00818043004300C300C30003000180008ED
S3150800F5C000040002000180004000202010200820CE
S3150800F5D00430FC1FFC1F00000000000000000000B3
S3150800F5E0000000000000000000000000E003180E04
S3150800F5F00C0C0C180C180C180018000C0006C0038C
S3150800F600000E00180010003000300C300C300C10C2
S3150800F6100C18180CE00300000000000000000000B1
S3150800F620000000000000000000000000000C000EB2
S3150800F630000E000F800E800E400E600E200E100E7B
S3150800F640100E080E040E040EFE7F000E000E000EAD
S3150800F650000E000E000EC07F000000000000000033
S3150800F660000000000000000000000000F03FF03F2E
S3150800F67010001000100008000800C807280C181809
S3150800F680081000300030003000300C300C30041800
S3150800F6900418080CF0030000000000000000000039
S3150800F6A0000000000000000000000000800FC010ED
S3150800F6B0203010301800180008000C008C0F6C1849
S3150800F6C03C301C600C600C600C600C6018601820E4
S3150800F6D030306018C007000000000000000000007D
S3150800F6E0000000000000000000000000F83FF83F9E
S3150800F6F01C100C080408040400040002000200019F
S3150800F70000010001800080008000C000C000C00029
S3150800F710C000C000C000000000000000000000009B
S3150800F720000000000000000000000000E007300CA8
S3150800F73018180C300C300C301C3038187008E007DC
S3150800F740B007180E0C1C0638063006300630063090
S3150800F7500C18180CE0030000000000000000000070
S3150800F760000000000000000000000000E00318048C
S3150800F7700C080C1806100630063006300630063817
S3150800F7800C3C1836F03100300018001800180C0C24
S3150800F7900C060C03F0010000000000000000000049
S3150800F7A0000000000000000000000000000000004B
S3150800F7B0000000000000000000008001C003C00334
S3150800F7C08001000000000000000000000000800129
S3150800F7D0C003C00380010000000000000000000014
S3150800F7E0000000000000000000000000000000000B
S3150800F7F000000000000000000000C000C00000007B
S3150800F80000000000000000000000000000000000EA
S3150800F8100000C000C00080008000400040000000DA
S3150800F8200000000000000000000000200010000892
S3150800F8300004000600038001C000600030001800C4
S3150800F8400C00180030006000C000800100030006AC
S3150800F850000400080010002000000000000000005E
S3150800F860000000000000000000000000000000008A
S3150800F87000000000000000000000FE7F00000000FD
S3150800F880000000000000FE7F0000000000000000ED
S3150800F890000000000000000000000000000000005A
S3150800F8A0000000000000000000000400080010002E
S3150800F8B020006000C000800100030006000C00184C
S3150800F8C000300018000C000600038001C00060002C
S3150800F8D020001000080004000000000000000000DE
S3150800F8E000000000000000000000C00730180830C3
S3150800F8F008600C601C601C601C600030001C000660
S3150800F9000001800080008000800000000000800167
S3150800F910C003C003800100000000000000000000D2
S3150800F920000000000000000000000000C00760188A
S3150800F930103018200C2F8C4D864CC64CC64C664C85
S3150800F94066446644662666266615CC1C0C40082066
S3150800F95018303018C0070000000000000000000042
S3150800F960000000000000000000000001C001C00106
S3150800F970C00140016003200320032003300610065F
S3150800F98010061006F80F080C080C080C0C0C0418C6
S3150800F990041806181F7C0000000000000000000084
S3150800F9A0000000000000000000000000FE07181C10
S3150800F9B0183818301830183018301818180CF80776
S3150800F9C01818183018201860186018601860186021
S3150800F9D018301818FE0F0000000000000000000094
S3150800F9E0000000000000000000000000C02760388A
S3150800F9F0103018200C400C400400060006000600D3
S3150800FA00060006000600060006000C400C400C2006
S3150800FA1018303018C0070000000000000000000081
S3150800FA20000000000000000000000000FE03180EA1
S3150800FA3018181830183018301860186018601860D0
S3150800FA401860186018601860186018301830181098
S3150800FA501818180EFE030000000000000000000041
S3150800FA60000000000000000000000000FE3F183003
S3150800FA70182018601840180018081808180CF80FED
S3150800FA80180C18081808180018001800184018400C
S3150800FA9018201830FE3F000000000000000000009B
S3150800FAA0000000000000000000000000FE7F187043
S3150800FAB0184018C018801800181018101818F81FC1
S3150800FAC01818181018101800180018001800180030
S3150800FAD0180018007E00000000000000000000006A
S3150800FAE0000000000000000000000000C013701CA9
S3150800FAF0101018100C200C20040006000600060042
S3150800FB000600060006FC063006300C300C301830AD
S3150800FB1018303008C0070000000000000000000090
S3150800FB200000000000000000000000003F7E0C18E6
S3150800FB300C180C180C180C180C180C180C180C1897
S3150800FB40FC1F0C180C180C180C180C180C180C1890
S3150800FB500C180C183F7E0000000000000000000092
S3150800FB60000000000000000000000000F81F8001EF
S3150800FB70800180018001800180018001800180016F
S3150800FB80800180018001800180018001800180015F
S3150800FB9080018001F81F000000000000000000003E
S3150800FBA0000000000000000000000000E07F0006E2
S3150800FBB00006000600060006000600060006000607
S3150800FBC000060006000600060006000600060006F7
S3150800FBD000060006000600060E060E038E01FC004F
S3150800FBE00000000000000000000000007E7C1818DD
S3150800FBF01808180418061802180198019801D8015F
S3150800FC00B803380318071806180E180C181C181805
S3150800FC10183018307EFC00000000000000000000CC
S3150800FC200000000000000000000000007E00180030
S3150800FC3018001800180018001800180018001800F6
S3150800FC401800180018001800180018001840184066
S3150800FC5018201830FE3F00000000000000000000D9
S3150800FC600000000000000000000000001FF81C381B
S3150800FC701C381C381C3C343434343434343674322E
S3150800FC806432643264326431C431C431C431C4303C
S3150800FC90C43084309FFC0000000000000000000013
S3150800FCA00000000000000000000000001F7C1C107F
S3150800FCB03C103410341074106410E410C410C411CD
S3150800FCC084118413041304170416041E041C041C4C
S3150800FCD0041C04181F1800000000000000000000A3
S3150800FCE0000000000000000000000000C003300C07
S3150800FCF0181808100C300C3006600660066006609E
S3150800FD00066006600660066006600C200C30081067
S3150800FD101818300CC00300000000000000000000A6
S3150800FD20000000000000000000000000FE0F181888
S3150800FD30183018601860186018601860183018189D
S3150800FD40F80F1800180018001800180018001800F6
S3150800FD50180018007E0000000000000000000000E7
S3150800FD60000000000000000000000000C003300C86
S3150800FD7018180C100C300C20066006600660066029
S3150800FD8006600660066006600660E4612C331C3275
S3150800FD901816300EC007004C007C00380000000022
S3150800FDA0000000000000000000000000FE07181C0C
S3150800FDB0183818301830183018301818180CF80772
S3150800FDC098031803180718061806180E180C180CA6
S3150800FDD0181C18187E7800000000000000000000BB
S3150800FDE0000000000000000000000000E027303896
S3150800FDF018300C200C200C000C0018007800E003CA
S3150800FE00800F001E003800700060046004600860FF
S3150800FE1018303818C80F0000000000000000000065
S3150800FE20000000000000000000000000FC3F8C21DC
S3150800FE3084618241824180018001800180018001C4
S3150800FE40800180018001800180018001800180019C
S3150800FE5080018001E00700000000000000000000AB
S3150800FE600000000000000000000000003F7C0C10AD
S3150800FE700C100C100C100C100C100C100C100C1094
S3150800FE800C100C100C100C100C100C100C100C1084
S3150800FE9008083804E0030000000000000000000025
S3150800FEA00000000000000000000000003EF81820D6
S3150800FEB018201820301030103010301060086008F4
S3150800FEC06008E00CC004C004C004800380038003FB
S3150800FED0800300010001000000000000000000008F
S3150800FEE0000000000000000000000000DFF386614B
S3150800FEF0862186218C210C218C238C138C138C1340
S3150800FF004C1358125816580E380E380E380E300C38
S3150800FF101004100410040000000000000000000097
S3150800FF200000000000000000000000007E3E1808E7
S3150800FF3038083004300470026002E001C001C001D4
S3150800FF40800180034003400720062006100C100C91
S3150800FF50081808183E7C0000000000000000000099
S3150800FF600000000000000000000000007E7C1C105D
S3150800FF70181018083008300C700460046002C002BB
S3150800FF80C002C001800180018001800180018001DA
S3150800FF9080018001E007000000000000000000006A
S3150800FFA0000000000000000000000000F83F1818DC
S3150800FFB00818040C040E00060007000380038001DD
S3150800FFC0C001C000E0006000700030003820182032
S3150800FFD01C100C18FE1F00000000000000000000A6
S3150800FFE0000000000000C03F400040004000400004
S3150800FFF040004000400040004000400040004000F3
S3150801000040004000400040004000400040004000E1
S3150801001040004000400040004000C03F0000000092
S315080100200000000000000000000008001800180089
S31508010030100030002000600060004000C000800011
S315080100408001800100010003000200060006000489
S31508010050000C0008001800180010003000200000ED
S31508010060000000000000FC0300020002000200027A
S315080100700002000200020002000200020002000261
S315080100800002000200020002000200020002000251
S3150801009000020002000200020002FC030000000048
S315080100A00000000000008007C006200810100000AC
S315080100B00000000000000000000000000000000031
S315080100C00000000000000000000000000000000021
S315080100D00000000000000000000000000000000011
S315080100E00000000000000000000000000000000001
S315080100F000000000000000000000000000000000F1
S3150801010000000000000000000000000000000000E0
S315080101100000000000000000000000000000FFFFD2
S315080101200000000000007800C00000010000000087
S3150801013000000000000000000000000000000000B0
S3150801014000000000000000000000000000000000A0
S315080101500000000000000000000000000000000090
S315080101600000000000000000000000000000000080
S3150801017000000000000000000000F00318060C0C47
S315080101800C0C000C800F700C1C0C0C0C060C060CCD
S31508010190064C0C4FF8380000000000000000000073
S315080101A00000000000000000000010001E001800FA
S315080101B018001800180018001800180FD818383039
S315080101C03860186018601860186018601860182080
S315080101D038307818C8070000000000000000000049
S315080101E00000000000000000000000000000000000
S315080101F000000000000000000000C007700C18187D
S3150801020018180C180C000C000C000C000C201820F7
S3150801021018103008C00700000000000000000000A8
S31508010220000000000000000000000010001E001879
S3150801023000180018001800180018E01B301C1818C0
S3150801024018180C180C180C180C180C180C18081877
S31508010250181C307AE00900000000000000000000C8
S31508010260000000000000000000000000000000007F
S3150801027000000000000000000000C007300C18183C
S3150801028008100C300C30FC3F0C000C000C00182038
S3150801029018107018C00700000000000000000000D8
S315080102A0000000000000000000000000003E80C3BE
S315080102B080C0C0C0C000C000C000FC1FC000C00094
S315080102C0C000C000C000C000C000C000C000C0001F
S315080102D0C000C000F80F0000000000000000000088
S315080102E000000000000000000000000000000000FF
S315080102F000000000000000000000C077306C1018F4
S315080103001818181818181018300CF00718001800C3
S31508010310F00FF03F08700C600C600C603838E00F85
S315080103200000000000000000000010001E00180078
S3150801033018001800180018001800980FD818383037
S31508010340183018301830183018301830183018305E
S31508010350183018307EFC0000000000000000000084
S315080103600000000000000000000000008003800378
S3150801037080030000000000000001F80180018001EF
S315080103808001800180018001800180018001800156
S3150801039080018001F81F0000000000000000000035
S315080103A000000000000000000000000000380038CE
S315080103B000380000000000000010801F0018001817
S315080103C0001800180018001800180018001800185E
S315080103D000180018001800180018180C1806F00361
S315080103E00000000000000000000010001E001800B8
S315080103F018001800180018001800183E180C1806DE
S31508010400180318019801D801380318071806180C9B
S31508010410181C18187E7C000000000000000000006F
S31508010420000000000000000000000001F801800142
S3150801043080018001800180018001800180018001A5
S315080104408001800180018001800180018001800195
S3150801045080018001F81F0000000000000000000074
S31508010460000000000000000000000000000000007D
S3150801047000000000000000000800EE1C9C338C31CF
S315080104808C318C318C318C318C318C318C318C3175
S315080104908C318C31DE7B000000000000000000007A
S315080104A0000000000000000000000000000000003D
S315080104B0000000000000000010001E0FD818383098
S315080104C018301830183018301830183018301830DD
S315080104D0183018307EFC0000000000000000000003
S315080104E000000000000000000000000000000000FD
S315080104F000000000000000000000C007701C10305A
S3150801050018300C600C600C600C600C600C601830C4
S3150801051018303018C0070000000000000000000075
S3150801052000000000000000000000000000000000BC
S31508010530000000000000000010009E0F5818383017
S31508010540182018601860186018601860186018304C
S3150801055038307818980718001800180018007E0017
S31508010560000000000000000000000000000000007C
S3150801057000000000000000000000C023303C1838CD
S3150801058018300C300C300C300C300C300C30083074
S315080105901838303CE033003000300030003000FCC1
S315080105A0000000000000000000000000000000003C
S315080105B0000000000000000060007E3C606660618B
S315080105C0E000E0006000600060006000600060001C
S315080105D060006000FE070000000000000000000047
S315080105E000000000000000000000000000000000FC
S315080105F000000000000000000000E0273038183035
S31508010600182018007000E003800F001C0430043025
S315080106100C301C18EC0F0000000000000000000060
S3150801062000000000000000000000000000000000BB
S31508010630800080008000C000E000FC1FC000C000F0
S31508010640C000C000C000C000C000C000C000C0207B
S31508010650C0208011000F000000000000000000000B
S31508010660000000000000000000000000000000007B
S31508010670000000000000000010201E3C1830183051
S31508010680183018301830183018301830183018301B
S31508010690183830F4E01300000000000000000000E4
S315080106A0000000000000000000000000000000003B
S315080106B0000000000000000000007E3C1818180821
S315080106C0380830043004700260026002E001C0019B
S315080106D0C001C0008000000000000000000000000A
S315080106E000000000000000000000000000000000FB
S315080106F000000000000000000000DFF78E630C23F5
S315080107008C238C239813981358165816700E700E4E
S31508010710700E200420040000000000000000000004
S3150801072000000000000000000000000000000000BA
S3150801073000000000000000000000FC3E7008700484
S31508010740E004C002C0018003800340076006200C54
S31508010750100C18183E7E0000000000000000000082
S31508010760000000000000000000000000000000007A
S31508010770000000000000000000007E7C1818180820
S3150801078030083008300460046004C002C002C002A8
S315080107908001800180018000800080004C003C00BF
S315080107A0000000000000000000000000000000003A
S315080107B000000000000000000000FC1F0C0C040EE5
S315080107C00406000380038001C000E0007020302089
S315080107D038301C18FC1F0000000000000000000053
S315080107E000000000000000300008000400040004B6
S315080107F000040004000400040004000400040002CC
S31508010800800100020004000400040004000400043E
S31508010810000400040004000400040008003000007D
S3150801082000010001000100010001000100010001B1
S3150801083000010001000100010001000100010001A1
S315080108400001000100010001000100010001000191
S315080108500001000100010001000100010001000181
S315080108600000000000000C001000200020002000FD
S315080108702000200020002000200020002000400049
S3150801088080014000200020002000200020002000D8
S315080108902000200020002000200010000C0000008D
S315080108A000003800C400864002610022001C0000D6
S315080108B00000000000000000000000000000000029
S315080108C00000000000000000000000000000000019
S315080108D00000000000000000000000000000000009
S315080108E00006101600061016393B0008CD3B000815
S315080108F0A93B0008D13B0008593B0008FFFFFFFF51
S31508010900FFFFFFFF00000000FFFFFFFF00000000E0
S3150801091001000000000000000100000000000000C6
S315080109200100000008FC0F600000000008FC0F60D1
S31508010930000000000000000001000000180010205F
S315080109400000000000000000000000000000000098
S315080109500000000000000000FFFFFFFFFFFFFFFF90
S315080109600000000000000000000000000000000078
S315080109700000000000000000000000000000000068
S31508010980FFFFFFFF0000000000000000000000005C
S315080109900000000000000000000000000000000048
S315080109A00000000000000000000000000000000038
S315080109B00000000000000000000000000000000028
S315080109C00000000000000000010000000000000017
S315080109D00000000000000000000000000000000008
S315080109E000000000000000000000000000000000F8
S315080109F000000000000000000000000000000000E8
S31508010A0000000000000000000000000000000000D7
S31508010A1000001040000000000800F00FFC1001085B
S31508010A20180010200000000000000000000000006F
S31508010A3000000000000000000000000000000000A7
S31508010A400000000001000000FFFFFFFFFFFFFFFF9E
S31508010A50010000000100000000000000FC10010870
S31508010A60080000000000000000000000000000006F
S31508010A700000000000000000000000000000000067
S31508010A8001000000FFFFFFFFFFFFFFFF010000005D
S31508010A9001000000FFFFFFFFFFFFFFFF010000004D
S31508010AA001000000FFFFFFFFFFFFFFFF010000003D
S31508010AB00100000000000000000000000000000026
S31508010AC00000000000000000000000010000000016
S31508010AD001000000000000000000000008FC0F6093
S31508010AE000000000000000000000000000000000F7
S31508010AF000000000000000000000000000000000E7
S31508010B0001000000000000006410B71DC8206E3BFC
S31508010B10AC30D9269041DC76F4516B6B5861B24DF5
S31508010B203C7105502083B8ED44930FF0E8A3D6D65F
S31508010B308CB361CBB0C2649BD4D2D38678E20AA0C7
S31508010B401CF2BDBD7370695F77726974655F726502
S31508010B506164000072657365740000003015010850
S31508010B60010000003815010804000000641401089A
S31508010B701C000000081501081F00000020150108C7
S31508010B80200000000014010837000000281501089C
S31508010B90620000001015010889000000741401089C
S31508010BA08C00000018150108A100000000150108B5
S31508010BB0AD0000007C140108BF000000E81401081C
S31508010BC0C80000003C140108D5000000E014010823
S31508010BD0EF00000040150108C20000005C1401087E
S31508010BE05200000098130108850000000814010846
S31508010BF01F260000000020000A0000000002000075
S31508010C00810000008C140108EF4013000000080061
S31508010C100100000000100000200000005014010827
S31508010C20EF3013000000080001000000001000006A
S31508010C302000000080140108EF3015000000200094
S31508010C40010000000010000020000000A4140108A3
S31508010C50EF40150000002000010000000010000010
S31508010C602000000098140108EF401600000040001B
S31508010C70010000000010000020000000BC1401085B
S31508010C80EF4017000000800001000000001000007E
S31508010C9020000000D4140108EF601700000080004E
S31508010CA0010000000010000020000000B014010837
S31508010CB0EF401800000000010100000000100000CC
S31508010CC020000000C8140108EF40190000000002C6
S31508010CD0010000000010000020000000A013010818
S31508010CE0BF258E000000100006000000001000005D
S31508010CF020000000D0130108BF2541000000200094
S31508010D000600000000100000200000008013010802
S31508010D10202016000000400001000000000001002C
S31508010D20D8000000781301082020140000001000E4
S31508010D300100000000000100D80000006813010846
S31508010D402020130000000800010000000000010037
S31508010D50D8000000AC1301081C3016000000400042
S31508010D60010000000010000020000000B81301086F
S31508010D70C8401700000080000100000000100000B4
S31508010D8020000000DC130108C840150000002000FF
S31508010D90010000000010000020000000F413010803
S31508010DA0C8401600000040000100000000100000C5
S31508010DB0200000004414010801401500000020002D
S31508010DC0010000000010000020000000681401085E
S31508010DD0010215000000400001000000001000009B
S31508010DE020000000701301083730140000001000BD
S31508010DF00100000000100000200000009013010807
S31508010E008C201300000008000600000000100000F6
S31508010E1020000000C4130108BF254100000020007E
S31508010E20060000000010000020000000E813010879
S31508010E305221180000000001010000000010000006
S31508010E402000000034140108856013000014000016
S31508010E500100000000100000200000001414010821
S31508010E60856012000000100001000000001000005B
S31508010E70200000001C1401088560110000002000F4
S31508010E8001000000001000002000000024140108E1
S31508010E9085601000000040000100000000100000FD
S31508010EA0200000002C140108853014000000800081
S31508010EB00100000000100000200000006861726453
S31508010EC0776172655F696E697400736F66747761BD
S31508010ED072655F696E697400736675645F726561D0
S31508010EE06400736675645F636869705F65726173D0
S31508010EF06500736675645F65726173650070616725
S31508010F00653235365F6F725F315F627974655F7717
S31508010F1072697465006161695F77726974650072E7
S31508010F206561645F6A656465635F696400736574B6
S31508010F305F77726974655F656E61626C656400737B
S31508010F4065745F345F627974655F61646472657341
S31508010F50735F6D6F646500736675645F726561645E
S31508010F605F73746174757300776169745F62757311
S31508010F7079006D616B655F616464726573735F6245
S31508010F807974655F617272617900736675645F77FA
S31508010F90726974655F7374617475730073667564D9
S31508010FA05F726561645F7366647000726561645F30
S31508010FB0736664705F686561646572007265616411
S31508010FC05F62617369635F68656164657200726512
S31508010FD061645F62617369635F7461626C65007203
S31508010FE06561645F736664705F64617461007366EA
S31508010FF075645F736664705F6765745F737569743A
S3150801100061626C655F65726173657200302E39368F
S3150801101020696E6368000000312E313420696E63E1
S3150801102068000000312E343720696E6368000000BD
S31508011030322E303020696E63680000003F000000E0
S31508011040646563006964000072756E74696D650094
S3150801105068656C70000000006C697374000000001C
S3150801106068657800766F69642077726974655F616F
S315080110706464722875696E7433325F7420616464BE
S31508011080722C2075696E7433325F742076616C290F
S315080110900000000075696E7433325F7420726561F1
S315080110A0645F616464722875696E7433325F742093
S315080110B0616464722900000025733A25643A6465FF
S315080110C06275673A20466978696E67206D6F76653D
S315080110D0207768696C6520666978696E67206F7222
S315080110E07068616E73207B307825782C20307825DE
S315080110F0787D20307825780A25730A006C6974741E
S315080111006C656673000000005265616420616E6457
S3150801111020636865636B20777269746520646174FE
S31508011120612068617320616E206572726F722E206C
S3150801113057726974652074686520257320666C6129
S3150801114073682064617461206661696C65642E0D3B
S315080111500A0000004572617365207468652025736D
S3150801116020666C61736820646174612066696E69C2
S3150801117073682E2053746172742066726F6D203005
S3150801118078253038582C2073697A652069732025AB
S315080111907A752E0D0A000000577269746520746805
S315080111A06520257320666C6173682064617461200B
S315080111B066696E6973682E2053746172742066724B
S315080111C06F6D203078253038582C2073697A652060
S315080111D0697320257A752E0D0A000000526561642F
S315080111E02074686520257320666C617368206461C4
S315080111F0746120737563636573732E20537461720A
S31508011200742066726F6D203078253038582C20731B
S31508011210697A6520697320257A752E2054686520B8
S31508011220646174612069733A0D0A00004C616E6746
S3150801123075616765000000004C45443120546F67AD
S31508011240676C65004C45443220546F67676C6500CE
S315080112504C45443320546F67676C6500416C6C20BC
S315080112604C454473204F6666000000004C454420F7
S31508011270436F6E74726F6C00416C6C204C454473FD
S31508011280204F6E00496E666F000000005365747446
S31508011290696E6773000000004272696768746E655B
S315080112A073730000436F6E747261737400000000FB
S315080112B041626F75740000004D61696E204D656E5F
S315080112C075000000596F752063616E20676574208B
S315080112D0746865206C6174657374207665727369C8
S315080112E06F6E206F6E2068747470733A2F2F67695A
S315080112F0746875622E636F6D2F61726D696E6B2FDF
S3150801130053465544202E000054686520666C617367
S315080113106820646576696365206D616E75666163CB
S3150801132074757265722049442069732030782530B6
S3150801133032582C206D656D6F72792074797065202D
S315080113404944206973203078253032582C2063614E
S31508011350706163697479204944206973203078255E
S315080113603032582E000000004D323550343000001E
S315080113704132354C303830004D3235503830000066
S315080113804D323550333200005350493200000000C7
S315080113904632354C30303400505559410000000072
S315080113A0535354323556463038304200454E32355D
S315080113B05133324200000000474432355136344237
S315080113C0000000005043543235564630313642004B
S315080113D05353543235564630313642004744323536
S315080113E051313642000000004E4D32355131323806
S315080113F04556420047443235513332430000000016
S31508011400414D4943000000004154343544423136C8
S3150801141031450000503235443130480050323544A8
S315080114203230480050323544343048005032355154
S31508011430383048005032354430354800495353490D
S3150801144000000000533235464C3231364B0000005D
S31508011450573235583430434C000000004E4F522D58
S315080114604D454D00454F4E00533235464C303332CB
S315080114705000000045534D540000000053535400DA
S31508011480573235583136415600000000573235512A
S315080114903430425600000000573235513332425635
S315080114A0000000005732355131364256000000001F
S315080114B057323551313238425600000057323551CC
S315080114C03634435600000000573235513235364618
S315080114D05600000057323551363444570000000093
S315080114E057696E626F6E640047696761446576691C
S315080114F063650000573235515F466C6173680000B9
S315080115004879756E6461690041746D656C00000007
S31508011510496E74656C000000467564616E000000D2
S315080115204D6963726F6E000053616E796F0000003A
S31508011530437970726573730046756A6974737500C9
S315080115404D6163726F6E6978000000004572726FB3
S31508011550723A20436865636B205346445020736989
S31508011560676E6174757265206572726F722E204995
S31508011570742773206D757374206265203530343491
S31508011580343635336828275327202746272027440A
S315080115902720275027292E005761726E696E673AF0
S315080115A02052656164205346445020706172616D12
S315080115B0657465722068656164657220696E666F17
S315080115C0726D6174696F6E206661696C65642E203F
S315080115D054686520257320646F6573206E6F7420C7
S315080115E0737570706F7274204A454445432053469B
S315080115F044502E0034204B422045726173652069A0
S315080116007320737570706F72746564207468726F75
S315080116107567686F75742074686520646576696393
S31508011620652E20436F6D6D616E6420697320307875
S31508011630253032582E000000436865636B204A4501
S3150801164044454320626173696320666C617368204F
S31508011650706172616D657465722068656164657231
S31508011660206973204F4B2E20546865207461626C83
S31508011670652069642069732025642C207265766566
S315080116807273696F6E206973205625642E25642C42
S31508011690206C656E6774682069732025642C207038
S315080116A06172616D65746572207461626C65207022
S315080116B06F696E7465722069732030782530366CCF
S315080116C0582E00004572726F723A2054686520667A
S315080116D06C617368206361706163697479206973E9
S315080116E020677261746572207468616E20333220D6
S315080116F047622F203420474221204E6F74205375AC
S3150801170070706F727465642E000000004572726F06
S31508011710723A205468697320726576657273696FC7
S315080117206E285625642E256429206F66204A45446D
S31508011730454320626173696320666C617368207032
S315080117406172616D65746572206865616465722090
S315080117506973206E6F7420737570706F7274656427
S315080117602E000000426C6F636B2050726F746563C4
S3150801177074206269747320696E206465766963658D
S31508011780277320737461747573207265676973743E
S3150801179065722061726520736F6C656C7920766F4E
S315080117A06C6174696C652E00466C617368206465AA
S315080117B07669636520726571756972657320696EEC
S315080117C0737472756374696F6E203530682061733E
S315080117D02074686520777269746520656E61626C2C
S315080117E065207072696F7220746F20706572666FFA
S315080117F0726D696E67206120766F6C6174696C65BC
S3150801180020777269746520746F2074686520737413
S31508011810617475732072656769737465722E000049
S31508011820466C6173682064657669636520726571C3
S31508011830756972657320696E737472756374696FFD
S315080118406E20303668206173207468652077726966
S31508011850746520656E61626C65207072696F7220AD
S31508011860746F20706572666F726D696E672061208C
S31508011870766F6C6174696C6520777269746520741A
S315080118806F20746865207374617475732072656757
S3150801189069737465722E00004572726F723A20542C
S315080118A06865204A45444543206261736963206639
S315080118B06C61736820706172616D657465722074FC
S315080118C061626C65206C656E67746820286E6F7737
S315080118D020697320256429206572726F722E0000B3
S315080118E000190108000000204C0400000608000841
S315080118F0581A01084C040020442400005C470008DB
S315080119001350071220450402400819085A100852B4
S3150801191020E4024040491701179B4C04201324F484
S31508011920150C1001081303A032501A180C140103E0
S31508011930F02A871B190C3602034001AC1A300C1A1F
S31508011940030C32F01A5C601A68041A74041A8004CB
S315080119501508C878A86CC070A0042D1A1A010104CC
S315080119604906180A1A1A3434282835352801290649
S31508011970253434222229044906490AC1320139E0AB
S31508011980A911B11A3C8C1A50041A58041A44041A9B
S3150801199060041A40041A480413D1AA1B08940813B0
S315080119A091D41B0864081328011420ADCA140869C8
S315080119B0C41B08FD041AE50CFA025201D6139990C4
S315080119C01B0855041A21041ADD0439F629043210B4
S315080119D022085AF410728013340F1C203410041292
S315080119E01102142023FFFF2FB812010865323EE1C8
S315080119F01A6C180B10752F181A8C180B107D3D18B8
S31508011A001A84180B10C12E181AB0180B105D081875
S31508011A101A981801140A15A4180A152C181A381830
S31508011A200A1145A81A44180A1155182A50F009111D
S31508011A30181A78180A11E9A81A5C180A11D918414E
S31508011A4013A80712201404024022100B14F414A040
S30D08011A50810B1C881320013CDF
S7050800018968
