:020000040800F2
:10000000801E0020A1010008C1320008632D0008F5
:10001000A932000845090008DD450008000000007D
:10002000000000000000000000000000753D000816
:10003000050A000800000000E53200080140000841
:10004000BB010008BB010008BB010008BB010008A0
:10005000BB010008BB010008BB010008BB01000890
:10006000BB010008BB010008BB010008BB01000880
:10007000BB010008BB010008BB010008BB01000870
:10008000BB010008BB010008BB010008BB01000860
:10009000BB010008BB010008BB010008BB01000850
:1000A000BB010008BB010008BB010008BB01000840
:1000B000BB010008BB010008A9400008BB01000803
:1000C000BB010008BB010008BB010008BB01000820
:1000D000BB010008C5450008D1450008BB01000868
:1000E000BB010008BB010008BB010008BB01000800
:1000F000BB010008BB010008BB010008BB010008F0
:10010000BB01000841330008BB010008BB01000827
:10011000BB010008BB010008DD400008BB0100086E
:10012000BB010008BB010008BB010008BB010008BF
:10013000BB010008BB010008BB010008BB010008AF
:10014000BB010008BB010008BB010008BB0100089F
:10015000BB010008BB010008BB010008BB0100088F
:10016000BB010008BB010008BB010008BB0100087F
:10017000BB010008BB010008BB0100080000000033
:10018000BB010008BB010008DFF810D000F076FAD0
:100190000048004731740008AFF30080801E002043
:1001A0000648804706480047FEE7FEE7FEE7FEE711
:1001B000FEE7FEE7FEE7FEE7FEE7FEE79940000800
:1001C000890100082DE9F05F0546002092469B4614
:1001D00088460646814640241BE02846414647465D
:1001E000224600F083F853465A46C01A914110D374
:1001F00011461846224600F06AF82D1A67EB0108EE
:100200004F4622460120002100F061F817EB00095B
:100210004E41201EA4F10104DFDC484631462A4647
:100220004346BDE8F09F40EA01039B0703D009E085
:1002300008C9121F08C0042AFAD203E011F8013BD2
:1002400000F8013B521EF9D27047D2B201E000F82B
:10025000012B491EFBD270470022F6E710B513466A
:100260000A4604461946FFF7F0FF204610BD10B5B8
:10027000044604E00B7800F8013B03B1491C521E10
:10028000F8D2204610BD10B5002200E0521C835C5D
:100290008C5CA34201D1002BF8D1D8B2E1B2401A54
:1002A00010BD30B50B46014600202022012409E094
:1002B00021FA02F59D4205D303FA02F5491B04FA1F
:1002C00002F52844151EA2F10102F1DC30BD202AFE
:1002D00004DB203A00FA02F1002070479140C2F19D
:1002E000200320FA03F3194390407047202A04DBCF
:1002F000203A21FA02F00021704721FA02F3D0409F
:10030000C2F1200291400843194670472DE9FE4F83
:10031000804681EA0300C00F0C46009021F00041A6
:1003200023F00045B8EB0200A94105D24046214622
:1003300090461C460B46024623F00040104347D02F
:10034000270DC7F30A00C3F30A510290401A019027
:1003500040286BDAC3F3130040F4801B00989246E8
:1003600020B10023D2EB030A63EB0B0B0198594633
:10037000C0F140025046FFF7AAFF06460D46504620
:100380005946019A00F08CF910EB080061410024F5
:1003900087EA115284EAE7731A4340D0009A62B3A5
:1003A000019A012A4FEA075215DC001B61EB02019A
:1003B0004FF0004202EA0752CDE90042001C41F52D
:1003C000801132462B4600F08CF903B0BDE8F08F67
:1003D00040462146F9E7001B61EB0201001C41F594
:1003E000801300185B412018A2F5001747EB0301AA
:1003F00040EAD570B6196D4111E06D084FEA360636
:1004000045EAC0754FEA0752001B61EB0201001C70
:1004100041F5801149084FEA300000195141324638
:100420002B4603B0BDE8F04F00F04CB90098012214
:1004300040000023D0EB020263EBE07300982146FA
:100440004FEAE074B8EB000061EB0401E9E783F0E8
:1004500000435BE781F0004158E72DE9FE4F81EA58
:10046000030404F0004421F0004100944FF0000B1D
:1004700023F0004350EA01045ED052EA03045BD04B
:10048000C3F30A54C1F30A552C44A4F2F334019483
:10049000A0FB0254C1F3130141F48011C3F3130311
:1004A00043F4801301FB024400FB034E840A970AC5
:1004B00044EA815447EA8357A4FB076802958D0AF2
:1004C00005FB07854FEA932C04FB0C542705029D7E
:1004D0004FEA065847EA1637B5EB08056EEB070CEE
:1004E000870E920E47EA811742EA8312A7FB0201A8
:1004F000B6EB0B0164EB00042B0D43EA0C335E18E2
:1005000044EB1C50DA465146E7FB0201C5F31304E5
:100510004FEA0B3343EA14534FEA0432019C43EA97
:100520000603A4F10C040294009CCDE900B400F091
:10053000D8F803B0BDE8F08F00200146F9E72DE9B7
:10054000F04D81EA030404F0004B21F0004514460D
:100550004FF0000A23F0004150EA050220D054EA8F
:1005600001021DD0C5F30A570246C5F31303C1F3B8
:100570001300C1F30A5640F4801543F48013A7EB2F
:100580000608101BD64608F2FD3873EB050002D3AF
:1005900008F1010801E092185B41B8F1000F03DA9D
:1005A00000200146BDE8F08D00204FF48011064682
:1005B00084460EE0171B73EB050705D3121B63EB94
:1005C000050306434CEA010C49084FEA3000921833
:1005D0005B4150EA0107EDD152EA030012D082EAF2
:1005E000040083EA0501084305D0101BAB4106D285
:1005F0000122002306E000224FF0004302E06FF0EA
:10060000010253101AEB06004CEB085110EB0A00E4
:1006100041EB0B01BDE8F04D00F054B8C1F30A52B4
:10062000C1F3130140F2FF3341F480119A4202DA20
:1006300000200146704740F233439A42A2F233420F
:1006400002DC5242FFF752BEFFF741BE30B5041E36
:1006500071F1000404DB4FF00044404264EB0101FF
:10066000141E73F1000405DB1C464FF00043524298
:1006700063EB0403994208BF904230BD064C074D1E
:1006800006E0E06840F0010394E807009847103462
:10069000AC42F6D3FFF77CFD0CBF00082CBF00086E
:1006A000202A06DBCB17203A41FA02F043EAE07336
:1006B00006E041FA02F3D040C2F120029140084323
:1006C0001946704710B5141E73F1000408DA401C77
:1006D00041F1000192185B411A4301D120F0010061
:1006E00010BD2DE9F04D92469B4611B1B1FA81F251
:1006F00002E0B0FA80F220329046FFF7E8FD0446AF
:100700000F4640EA0A0041EA0B0153465A460843A5
:1007100013D0114653EA010019D0C8F140025046E7
:10072000FFF7E4FD05460E46504659464246FFF7A0
:10073000CEFD084305D0012004E020463946BDE83F
:10074000F08D0020054346EAE0762C4337430A98B3
:100750006305E40AA0EB08000022FD0A44EA4754BE
:100760000A3002D500200146E9E701051019694168
:10077000DDE9084500196941BDE8F04DA2E770B513
:100780008C1810F8015B15F0070301D110F8013B3C
:100790002A1106D110F8012B03E010F8016B01F8C3
:1007A000016B5B1EF9D12B0705D40023521E0DD41B
:1007B00001F8013BFAE710F8013BCB1A921C03E069
:1007C00013F8015B01F8015B521EF9D5A142D8D3A1
:1007D000002070BD1CB51348002240680189CDE996
:1007E0000012C38811460F4806F0BDFB00234FF6E8
:1007F000FF7201210B4806F0DFFC0A220AA3114612
:10080000084806F06DFC0AA328220A21054806F0D4
:1008100067FC02B03C22BDE8104009A30A21014850
:1008200006F05EBC1400002041626F757400000089
:1008300056657273696F6E3A20312E3000000000E9
:10084000446174653A20323032342F303900000070
:10085000704700000146014800F040BFE405002059
:1008600010B5044800F04CFF042801D0012010BD51
:10087000002010BDE405002010B500F00BF80128A1
:1008800001D0012010BDBDE81040014801F052B870
:10089000E405002008B501208DF800009DF8000057
:1008A00008BD000038B50024009313460A460146EF
:1008B000034801F0F7F800B10124204638BD0000DC
:1008C000E40500207047000038B50024009313466B
:1008D0000A460146034801F0DDF900B10124204633
:1008E00038BD0000E40500207047000010B510A0DE
:1008F00003F0FEFE04F096FB4FF4FA74204600F07D
:10090000CEF906F061FD204600F0C9F906F054FD6D
:1009100006F070FD204600F0C2F906F063FD06F017
:1009200079FD204600F0BBF9BDE8104006F06ABD35
:10093000417070206D61696E2073746172746564BA
:100940000D0A0000FEE700002D4B10B500211A78BB
:100950000846D40702D06FF00A010120940701D5A0
:10096000401C0939540701D5401CC91F140701D583
:10097000401C491FD40601D5401CC91E940601D550
:10098000401C491E540601D5401C491C120601D5C5
:10099000401CC91C5A78D30701D0401C491D93073D
:1009A00001D5401CC91D530701D5401C0931120750
:1009B00001D5401C0B3100281CD000EE101A40F26B
:1009C000DC514A42F8EEC00A00EE100A0C48B8EEBC
:1009D000C01A001F008880EE810A00EE900AF8EE2F
:1009E000600A20EE200ABDEEC00A10EE100A88420E
:1009F00001DD084610BD9042FCDA104610BD000033
:100A0000A40200207047000003490878002801D0A4
:100A1000401E087070470000600300203C21014820
:100A200001F00EBD080700203C21014801F008BD7F
:100A30005007002072B6FEE7002200F001B8000067
:100A400030B50E4B054601205C7A002C14D1587A43
:100A50001C54587A03EB800045605D7A03F108006E
:100A60002A54587A421C5A72303008703A20487022
:100A70002F208870CC70002030BD0000080B0020B3
:100A80002DE9F047384F394E394DB8784FF40048CA
:100A90004FF400794FF4005498B14146304600F0CD
:100AA000F9F9A8B12146284600F0F4F980B1494689
:100AB000284600F0EFF958B12146304600F0EAF937
:100AC00030B14146304600F0E5F9012837D049E021
:100AD0000A2000F0E4F84146304600F0DBF970B13E
:100AE0002146284600F0D6F948B14946284600F08C
:100AF000D1F920B12146304600F0CCF990BB00205E
:100B0000B8704146304600F0C5F978B12146284614
:100B100000F0C0F968B14946284600F0BBF950B171
:100B20002146304600F0B6F938B11BE00120BDE89F
:100B3000F0870220FBE70320F9E70420F7E72146CE
:100B4000284600F0A7F901280CD14946284600F0B4
:100B5000A1F9012806D12146304600F09BF9012871
:100B600000D1B8700020E2E7B40200200004024087
:100B7000000C024000EE100ADFED171AB5EE002A55
:100B8000B8EEC00AF3EE0E2A9FED153A154820EE96
:100B9000210A20EE020AC0EE220AB2EE0A0A80EE14
:100BA000801ADFED0E0A21EE201A21EE031A80EDE5
:100BB000051A01EE101AB8EEC11A21EE211A21EE23
:100BC000021AC1EE221A81EE801A21EE200A20EECE
:100BD000030A80ED060A704700004843DB0F4940D6
:100BE00000008642780200202DE9F0410446876D1E
:100BF00000F062F9064694F835000025022806D078
:100C00008020606584F834500120BDE8F0812068C0
:100C1000016821F0160101602068416921F080011E
:100C20004161206C08B9A06C20B12068016821F0F6
:100C3000080101602068016821F0010101600CE0F9
:100C400000F03AF9801B052807D9202060650320B1
:100C500084F8350084F83450D7E720680068C0076E
:100C6000EED194F85C103F208840B860012084F8F1
:100C7000350084F834500020C7E790F83510022979
:100C800003D08021416501207047052180F835108F
:100C90000068016821F0010101600020704780B206
:100CA00004F0FABD2DE9F84FDFF8BCA100220125C0
:100CB00003264FF00F090AF1040BAAF1040E00BF3E
:100CC0000B6805FA02F42340A34270D10F7907F0B4
:100CD0000307012F01D0022F16D187684FEA42087F
:100CE00006FA08FC27EA0C07D1F80CC00CFA08FC3D
:100CF0004CEA070CC0F808C04768A7430C79C4F356
:100D0000001494403C4344600C79E443A4070AD0A7
:100D1000C4684FEA420C06FA0CF7BC438F6807FA26
:100D20000CF72743C7600C7904F00304022C12D19E
:100D3000D40800EB840CDCF820405707FF0E09FABA
:100D400007F824EA0804D1F8108008FA07F848EAFE
:100D50000408CCF8208004684FEA420C06FA0CF72D
:100D6000BC430F7907F0030707FA0CF72743076026
:100D70004C6814F4403F70D03C4C276847F48047DF
:100D80002760246822F0030704F480440094384C60
:100D900007EB040CDCF8084897074FEA177809FAC4
:100DA00008F7BC43334FB84202D1002724E054E097
:100DB000314FB84201D101271EE0304FB84201D176
:100DC000022719E02E4FB84201D1032714E02D4F1E
:100DD000B84201D104270FE02B4FB84201D10527BB
:100DE0000AE02A4FB84201D1062705E0284FB84251
:100DF00001D1072700E0082707FA08F72743CCF8B6
:100E00000878DAF800405746D1F804C09C435FEAFE
:100E1000CC2C00D51C433C60DBF800405F46D1F889
:100E200004C09C435FEA8C2C00D51C433C60DEF878
:100E300000407746D1F804C09C435FEA8C3C00D563
:100E40001C433C60084F083F3C68D1F804C09C43F9
:100E50005FEACC3C00D51C433C60521C102AFFF4D6
:100E60002FAFBDE8F88F0000083C01404438024035
:100E7000003001400000024000040240000802402F
:100E8000000C024000100240001402400018024012
:100E9000001C02400069084000D0012070474269F0
:100EA00021EA02030A4043EA0241816170470AB124
:100EB000816170470904FBE70148806870470000C2
:100EC0007C000020024881680278114481607047EC
:100ED0007C0000200B4810B5016841F400710160EE
:100EE000016841F480610160016841F48071016032
:100EF000032000F06FF80F2000F006F800F024F84F
:100F0000002010BD003C024070B50D4D04464FF46A
:100F10007A712878B1FBF0F00A490968B1FBF0F06A
:100F200001F0D5F848B9102C07D200222146501EF6
:100F300000F030F800206C6070BD012070BD000032
:100F40007C000020880000200A4808B5016841F4B0
:100F500080410160006800F4804000900548001F57
:100F6000016841F080510160006800F080500090FD
:100F700008BD000044380240002809DB00F01F02D1
:100F8000012191404009800000F1E020C0F80011EB
:100F900070470000F0B40E4B1B680C46C3F30223ED
:100FA000C3F10705042D00D90425191D072901D215
:100FB000002300E0DB1E012606FA05F1491E214050
:100FC00099409E40761E16403143F0BC03F0BABBF8
:100FD0000CED00E0064900F0070208684FF6FF0339
:100FE000184040EA0220034A10430860704700009E
:100FF0000CED00E00000FA052DE9F0470E46050073
:1010000065D0DFF81481D8F80000F7B200F00700CF
:10101000B04207D288F80070D8F8000000F007004E
:10102000B04254D128683D4C810712D5400703D502
:10103000206840F4E05020602878000703D520683D
:1010400040F4604020602068A96820F0F000084368
:1010500020602878C0072DD03049686808390128F9
:1010600012D0022813D0032811D00968890700295B
:101070002DDA216821F0030101432160FFF71CFFF5
:10108000814641F2883A0EE009688903EFE7096872
:101090008901ECE7FFF710FFA0EB0901514502D9E8
:1010A0000320BDE8F0872068696800F00C00B0EB11
:1010B000810FEFD1D8F80010404601F00701B1428E
:1010C00007D90770006800F00700B04201D0012086
:1010D000E7E72878400705D52068E96820F4E05064
:1010E000084320602878000706D52068296920F485
:1010F000604040EAC100206000F038F82168084AEA
:10110000C1F30311515CC8400649086006480068F5
:10111000FFF7FAFE0020C4E7003C02400838024016
:1011200070880008880000208000002004480549DD
:1011300000680968044AC1F38221515CC8407047C5
:1011400088000020083802408088000804480549CB
:1011500000680968044AC1F34231515CC8407047D5
:10116000880000200838024080880008154810B523
:10117000006810F00C02144813D04110042A0FD05C
:10118000082A0ED10F4C241F2268236802F03F0268
:101190005B0207D52068C0F38810A0FB010106E0C0
:1011A000084610BD2168C1F38811A1FB000100238E
:1011B000FFF708F82168C1F30141491C4900B0FB61
:1011C000F1F010BD083802400024F4002DE9F84F7A
:1011D00004006ED02078DFF84C93C007A9F1040515
:1011E0004AD009F104000168C1F38101012908D046
:1011F0000068C0F3810002280AD1D9F8000040023B
:1012000006D52868800337D560680028E1D033E030
:101210006068B0F5803F10D0B0F5A02F286810D0DE
:1012200020F480302860286820F4802028606068DE
:10123000A8B1FFF741FE06460DE0286840F4803073
:10124000F4E740F480202860F7E700BFFFF734FEA2
:10125000801B642873D828688003F7D50CE0FFF75B
:101260002BFE064605E000BFFFF726FE801B642824
:10127000F0D828688003F7D42078DFF8AC828007A4
:101280004FF0000A3ED5A748001D016811F00C0F71
:1012900008D00068C0F3810002280BD1D9F8000003
:1012A000400207D42868800716D5E068012800D1DD
:1012B00012E033E1E068B8B10120C8F80000FFF7A0
:1012C000FBFD064605E000BFFFF7F6FD801B022888
:1012D000C0D828688007F7D52868216920F0F80071
:1012E00040EAC10028600DE0C8F800A0FFF7E4FD67
:1012F000064604E0FFF7E0FD801B02281FD828689F
:101300008007F7D42078000722D5864F8748616987
:10131000703771B101210160FFF7CEFD064604E090
:10132000FFF7CAFD801B022809D838688007F7D567
:101330000EE0C0F800A0FFF7BFFD064605E082E022
:10134000FFF7BAFD801B02287DD838688007F7D4E4
:101350002078400768D5DFF8CCB100270BF13C0BB3
:10136000DBF80000C0000BD4DBF8001041F0805126
:10137000CBF80010DBF80000012700F0805000904F
:101380006B4E3068C00510D4306840F48070306017
:10139000FFF792FD009005E0FFF78EFD0099401ADF
:1013A000022850D83068C005F6D55E4EA0686C366D
:1013B00001280FD00528306810D020F001003060DF
:1013C000306820F004003060A068B8B1FFF774FD09
:1013D00000900FE0306840F00100F4E740F00400B6
:1013E0003060F7E7FFF768FD0099411A41F2883055
:1013F000814266D830688007F4D50EE0FFF75CFDC7
:10140000009007E0FFF758FD0099411A41F288303B
:10141000814256D830688007F4D42FB1DBF8001031
:1014200021F08051CBF80010A069C8B33D49091DD7
:101430000968C1F3810102294AD00228504607D029
:10144000C8F8600000E03CE0FFF736FD04463BE0F2
:101450004746C8F86000FFF72FFD064605E000BFCD
:10146000FFF72AFD801B02282BD828688001F7D4BB
:10147000D4E907010843A16A2E4A490802EB014159
:10148000626A41EA8211084394F82C1040EA016133
:10149000C9F8001001203866FFF70EFD044606E08B
:1014A0003EE000BFFFF708FD001B022809D82868AE
:1014B0008001F7D534E000BFFFF7FEFC001B0228D7
:1014C00002D90320BDE8F88F28688001F4D427E012
:1014D0000128F7D0D9F80000E26900F480019142B8
:1014E0001CD1226A00F03F01914217D147F6C0712A
:1014F000626A0140B1EB821F10D1A26A4FF0FF3344
:1015000000F4403103EB5202B1EB024F06D194F8E4
:101510002C1000F07060B0EB016F01D00120D1E71A
:101520000020CFE70438024000004742800E4742C7
:10153000007000400000FFFF10B5FFF789F910BDF3
:1015400070470000F0B5426E920F0A70426EC2F30F
:1015500083624A70426EC2F301628A70426E120C5C
:10156000CA70B0F86420120A0A7190F864204A71B7
:10157000826E120DCA80826EC2F303420A72B0F804
:101580006820C2F3C0324A72B0F86820C2F38032D9
:101590008A72B0F86820C2F34032CA72B0F868208C
:1015A000C2F300320A7300264E73426C4FF400758A
:1015B000012462B1012A3AD0026847499163816BE4
:1015C00041F08051816380F834400120F0BDB0F8D3
:1015D0006820C36E9205120D42EA93720A61C26ED0
:1015E000C2F3C2620A75C26EC2F302624A75C26E6B
:1015F000C2F342528A75C26EC2F38242CA75C26E8B
:10160000C2F3C2320A760A69521C42650B7E03F0AD
:1016100007039B1C9A4042650B7A03F00F0704FAFC
:1016200007F383655B0A5A43C0E917250EE090F87B
:101630006820C36E9206920A42EA13420A610A695E
:10164000521C92024265C0E91652056630F86C2FB2
:10165000C2F3803201F8192F0288C2F3C6124A7011
:10166000027802F07F028A704268D20FCA70426824
:10167000C2F341720A714268C2F382624A714268DF
:10168000C2F383528A714268C2F34052CA710E7229
:101690004268C2F300424A728288C2F3C0328A7240
:1016A0008288C2F38032CA728288C2F340320A73DF
:1016B0008288C2F300324A738288C2F381228A731D
:1016C0008288C2F30122CA730079C0F3460008740D
:1016D0004C740020F0BD0000FF054000426C0A6021
:1016E000826C4A60C26C8A60026DCA60426D0A6197
:1016F000826D4A61C26D8A61006EC86100207047C8
:1017000070B50446B0F8500000250104206801F0CF
:1017100050FF18B1A16B0143A16304E000212068D0
:1017200001F00AFE0546C5F3432070BDF8B5056B10
:1017300004460068416B09041BD5290719D5D4E973
:101740000A56002E14D00027206801F015FE05F877
:10175000010B010A05F8011B010C05F8021B000E24
:10176000361F7F1C05F8010C082FEDD3C4E90A567B
:10177000F8BD416B4FF00006C9054FF0010744D595
:10178000390281632068C16B4CF23A329143C163E4
:101790002068C16A21F00101C16228071DD515F03A
:1017A000220F09D0206801F035FF28B1A16B014359
:1017B000A1632046FFF7C4FE216840F23A508863D7
:1017C00084F834702663A80703D0204600F05AFA44
:1017D000F8BD204600F05AFAF8BD2806FCD5A80648
:1017E00009D5206801F016FF28B1A16B0143A16360
:1017F0002046FFF7A5FEA807EED12068C16A21F0B8
:101800000801C16284F83470E3E7416B490424D5D0
:10181000290722D5D4E90856002EDDD05FF0000755
:1018200015F8010B009015F8011B361F40EA012046
:10183000009015F8021B40EA0140009015F8011CC9
:1018400040EA016000906946206801F0A8FD7F1C15
:10185000082FE5D3C4E90856F8BD416B40F23A229F
:101860001142F9D0416B890703D5A16B41F0020108
:10187000A163416B090703D5A16B41F00801A16386
:10188000416B890603D5A16B41F02001A163416B37
:10189000C90603D5A16B41F01001A163416B890515
:1018A00003D5A16B41F00801A16340F23A71816355
:1018B0002068C16B40F23A329143C163206801F065
:1018C000A9FEA16B0843A063280706D584F83470ED
:1018D00026632046FFF734FEF8BD2806FCD515F038
:1018E000300F0CD0E16B11480865E06BFFF7C5F9CC
:1018F0000028F1D0E06BBDE8F84002F053B8A8072B
:101900000CD0216C0A480865206CFFF7B6F9002856
:10191000E2D0206CBDE8F84002F022B8A66384F85B
:10192000347026632046FFF707FEF8BDA53900088E
:101930006139000870B504000ED094F83400002519
:1019400018B92577204600F04FF8032084F83400BA
:10195000204600F00BF808B1012070BDA563256397
:10196000012084F83400002070BD0000FEB5002581
:10197000044676200095CDE9015029460B460A46DB
:10198000206801F0E3FC48BB154E46F8A05F2068D4
:1019900001F0EEFC012535600220FFF780F92046BA
:1019A00002F09AF830B100BF84F83450A16B0143C3
:1019B000A16313E0204602F017F80028F4D14FF499
:1019C0000071206801F024FD002808D02268054934
:1019D0009163A16B0143A16384F834500120FEBDE3
:1019E00000802542FF0540002DE9F04387B0044602
:1019F00014216846FEF730FC26492068884246D10B
:101A000025484FF00009016841F400610160006859
:101A100000F40060059020481438016841F004018A
:101A20000160016801F004010591016841F00801BD
:101A300001600068022400F0080005904FF48070F7
:101A400001278DE8910003250C26DFF85080CDE9B1
:101A5000035669464046FFF725F9E0028DE811027A
:101A6000CDE9035669464046FFF71CF904208DE88E
:101A70009100CDE9035669460948FFF713F90022A2
:101A800003213120FFF786FA3120FFF775FA07B0FE
:101A9000BDE8F083002C01404438024000080240B9
:101AA000000C02402DE9F04F87B09B4616460D46CC
:101AB0000446FFF701FA00903DB194F83400012884
:101AC00007D0A06B40F000500DE0A06B40F000602C
:101AD00009E00020A063E26D06EB0B01914204D9FE
:101AE000A06B40F00070A0638AE0032184F83410FA
:101AF0002168C862616C012900D076024FF0FF3185
:101B000001914FEA4B2102914FF0010803AA902165
:101B100002278146CDF8188082E8820201A9206858
:101B200001F0F4FBBBF1010F05D9276331462068B2
:101B300001F0C8FC05E0C4F830803146206801F0AF
:101B4000DAFCDFF83CA130B12268C2F838A0A16B02
:101B50000143A16350E0029E1FE0406B000413D5D7
:101B600096B10027206801F007FC05F8010B010A77
:101B700005F8011B010C05F8021B000E361F7F1C27
:101B800005F8010C082FEDD3FFF796F901460098F0
:101B9000091A1098814220D2F8B12068426B40F2B5
:101BA0002A310A42D9D0416BC90509D5BBF1010FD1
:101BB00006D9616C032903D001F02CFD0028C3D1A4
:101BC0002068416B090702D4416B89051AD5C0F81A
:101BD00038A0A06B40F0080050E02168C1F838A0A0
:101BE000A06B40F00040A06384F83480C4F83090CB
:101BF000032007B0BDE8F08F84F83480C4F830903B
:101C00000120F6E7416B890705D5C0F838A0A06B25
:101C100040F0020032E0416B89061BD5C0F838A0C5
:101C2000A06B40F0200029E001F0A6FB05F8010BB5
:101C3000010A05F8011B010C05F8021B000E05F84E
:101C4000010C361FFFF738F90099411A10988142AC
:101C50000ED268B12068416B890201D5002EE3D114
:101C6000216840F23A50886384F834800020C0E74D
:101C70002168C1F838A0A06B40F00040A063BBE72A
:101C8000FF05400010B5FEF71DFE10BD10B5FEF7B4
:101C90002BFE10BD2DE9F04F8DB09B4616460D462C
:101CA0000446FFF709F90A903DB194F83400012881
:101CB00007D0A06B40F000500DE0A06B40F000603A
:101CC00009E00020A063E26D06EB0B01914204D90C
:101CD000A06B40F00070A0637AE0032184F8341018
:101CE0002168C862616C012900D076024FF0FF3193
:101CF00003914FEA4B2104919021CDE905104FF05B
:101D00000109CDE90709824603A9206801F0FEFA1E
:101D1000BBF1010F06D9202020633146206801F075
:101D200093FC05E0102020633146206801F0A5FCFB
:101D30005FEA000806D0216841488863A06B40EA4A
:101D4000080074E0049E27E0406B40041CD5DEB11F
:101D50005FF0000715F8010B009015F8011B361F06
:101D600040EA0120009015F8021B40EA0140009073
:101D700015F8011C40EA016000906946206801F0F6
:101D80000EFB7F1C082FE5D3FFF796F80A99411A3E
:101D90001698814220D2F8B12068416B40F21A3285
:101DA0001142D1D0416BC90523D5BBF1010F20D918
:101DB000616C03291DD001F02DFCD0B122682049AF
:101DC0009163A16B0143A16384F83490C4F830A0FF
:101DD00001200DB0BDE8F08F216819488863A06B21
:101DE00040EA0800A06384F83490C4F830A00320CF
:101DF000EFE72068416B090702D4416B890505D5DF
:101E00000F498163A06B40F0080010E0416B890727
:101E100005D50B498163A06B40F0020007E0416BE0
:101E2000C90606D506498163A06B40F01000A06387
:101E3000CAE740F23A51816384F834900020C8E741
:101E4000FF05400070B5040009D0606A002540B16C
:101E500025616561A56294F8510040B10CE0012054
:101E600070BD6068B0F5827FF4D0E561F2E784F878
:101E70005050204600F044F8022084F851002068B9
:101E8000016821F040010160A088218900F482707E
:101E900001F404410843A18901F400610843217C55
:101EA00001F002010843217D01F001010843218B6B
:101EB00001F400710843217F01F03801084394F8D0
:101EC000201001F080010843218D01F400510843E6
:101ED00021680860A069042101EA104094F82410E8
:101EE00001F010010843216848602068C16921F4AD
:101EF0000061C1616565012084F85100002070BD5A
:101F000010B586B0044614216846FEF7A5F91349BA
:101F10002068884220D112480021026842F4805291
:101F20000260006800F4805005900D481438026883
:101F300042F001020260006800F001000590A0205C
:101F400000900220CDE901010320039005200490B8
:101F500069460448FEF7A6FE06B010BD00300140F9
:101F600044380240000002402DE9F84F98461646DA
:101F70008A460446FEF7A0FF814694F851000128E6
:101F80001ED1BAF1000F73D0002E71D094F850001A
:101F9000012815D0012784F85070032084F85100DF
:101FA00000256565C4F830A0A686E686A563A587EA
:101FB000E58765642564A068B0F5004F03D00CE0A8
:101FC0000220BDE8F88F2068016821F0400101601F
:101FD0002068016841F48041016020680168490679
:101FE00003D4016841F040010160E068B0F5006F82
:101FF000606803D048B3012E27D047E008B1012E16
:102000001FD1206B21680088C86006E020688168C5
:10201000890709D5216B0988C160206B801C20636A
:10202000E08E401EE0860CE0FEF746FFA0EB0901C3
:10203000414503D3B8F1FF3F03D035E0B8F1000FBD
:1020400032D0E08E0028E1D123E0206B21680078B7
:10205000087306E02068816889070AD5216B097832
:102060000173206B401C2063E08E401EE0860DE073
:102070002BE0FEF721FFA0EB0901414503D3B8F1A6
:10208000FF3F03D010E0B8F1000F0DD0E08E002824
:10209000E0D14A464146204601F0DAFD08B1202051
:1020A0006065A06830B109E084F8517084F8505040
:1020B000032086E72068C1688068009084F851702A
:1020C00004F8505F60680028F3D0012079E710B56C
:1020D000401EB0F1807F01D3012010BD4FF0E024FD
:1020E00060610F21601702F02DFB0020A061072026
:1020F0002061002010BD000010B5074800F058F81E
:102100000128054803D0BDE8104000F0DFB8BDE865
:10211000104000F09BB800009807002070477047FF
:1021200070B590F83C20012A32D0012480F83C4060
:10213000022280F83D2003685A689D6822F07006EC
:102140000A6832435A60134B02689A4214D0B2F1C3
:10215000804F11D0104B9A420ED0104B9A420BD0A8
:102160000F4B9A4208D00F4B9A4205D00E4B9A4221
:1021700002D00E4B9A4204D1496825F080031943DE
:10218000916080F83D40002180F83C10084670BD09
:10219000022070BD00000140000400400008004023
:1021A000000C0040000401400040014000180040C5
:1021B00090F83D00704710B5040003D094F83D003E
:1021C00010B107E0012010BD002084F83C0020463B
:1021D00000F01EF8022084F83D00211D206801F067
:1021E00083FF012084F8460084F83E0084F83F0015
:1021F00084F8400084F8410084F8420084F84300E9
:1022000084F8440084F8450084F83D00002010BDA7
:1022100008B500680B49884212D10B48016841F0AB
:10222000100101600068002200F0100000901146CB
:102230003620FEF7AFFEBDE808403620FEF79CBE14
:1022400008BD0000001000404038024090F83D10EA
:10225000012901D001207047022180F83D1001685A
:10226000CA6842F00102CA6000681149884214D06D
:10227000B0F1804F11D00F4988420ED00E498842EC
:102280000BD00E49884208D00D49884205D00D492F
:10229000884202D00C49884204D1816801F00701CC
:1022A000062903D0016841F0010101600020704758
:1022B000000001400004004000080040000C004005
:1022C0000004014000400140001800400168CA6855
:1022D00022F00102CA6001680A6A41F211131A422F
:1022E00007D10A6A9B101A4203D10A6822F0010240
:1022F0000A60012180F83D10002070472DE9F0416F
:102300000D46040003D094F83D0018B108E0012008
:10231000BDE8F081002084F83C00204600F040F841
:10232000022084F83D002068816844F2070291434E
:102330008160211D206801F0D7FE226890689169B4
:10234000166A2B68AF69034340F20330814341EAC8
:102350000721A868EF6908434FF6FC418843E96804
:1023600040EA0720014328692F6A000140EA07304C
:10237000084369686D6926F0AA0646EA05152943EF
:1023800093602268906154F8460B0162012004F8C2
:102390001F09E0752076E0762077A0750020B7E76A
:1023A00030B587B0044614216846FDF755FF204834
:1023B00024681E4D00221E4910380223AC4216D15B
:1023C0000C6844F002040C60096801F002010591F8
:1023D000016841F0040101600068694600F00400F2
:1023E0000590C0200090CDE90132124818E0124D4E
:1023F000AC4219D10C6844F008040C60096801F083
:1024000008010591016841F0010101600068694619
:1024100000F00100059003200090CDE9013207484B
:10242000CDE90323FEF73EFC07B030BD00040040B9
:102430004038024000080240000C0040000002400A
:1024400070B590F83E60044690F83F5090F84230E6
:1024500090F84320022021B104290ED0012E1BD177
:1024600014E0012E18D1012B16D184F83E0084F817
:10247000420001220021206820E0012D0CD1012A18
:102480000AD184F83F0084F8430014E0012D03D101
:10249000012B01D1012A01D0012070BD84F83E003A
:1024A00084F83F0084F8420084F8430001220021B0
:1024B000206801F085FE01220421206801F080FEE1
:1024C0002068016841F001010160002070BD704783
:1024D0002DE9F04104460068C66805694FF0000721
:1024E000A90713D5B10711D5F91E01610120207785
:1024F000206880698007204602D0FFF7E8FF04E0EB
:1025000000F0C0F8204600F071F92777680716D56B
:10251000700714D521686FF004000861022020774D
:102520002068806910F4407F204602D0FFF7CFFF7B
:1025300004E000F0A7F8204600F058F927772807B4
:1025400015D5300713D521686FF008000861042005
:1025500020772068C0698007204602D0FFF7B7FFC8
:1025600004E000F08FF8204600F040F92777E806F5
:1025700016D5F00614D521686FF010000861082008
:1025800020772068C06910F4407F204602D0FFF712
:102590009EFF04E000F076F8204600F027F9277748
:1025A000E80708D0F00706D021686FF00100086145
:1025B000204600F081F9280608D5300606D52168A6
:1025C0006FF0800008612046FFF7A8FD680608D577
:1025D000700606D521686FF040000861204600F0C3
:1025E000ABF9A8060AD5B00608D521686FF020001F
:1025F00008612046BDE8F041FFF791BDBDE8F081DC
:1026000010B586B0044614216846FDF725FE236800
:10261000002118480222B3F1804F17D0164CA34274
:1026200012D1036843F010030360006800F010004B
:10263000059060200090CDE901210320CDE9031031
:1026400069460E48FEF72EFB06B010BD036843F046
:1026500001030360006800F0010005904FF40040A2
:102660000090CDE901210120CDE90310694604481D
:10267000E8E700003038024000400140001002400E
:1026800000000240704770B5044690F83C000026F8
:102690000D4601280FD0012084F83C006AB1042ABD
:1026A0001DD0082A2FD00C2A3FD00126002084F804
:1026B0003C00304670BD022070BD206801F08EFDE8
:1026C0002068816941F0080181612068816921F0F9
:1026D00004018161206881692A69114311E0206841
:1026E00001F0ACFD2068816941F4006181612068DE
:1026F000816921F480618161206881692A6941EAE8
:1027000002218161D2E7206801F0CEFD2068C16915
:1027100041F00801C1612068C16921F00401C16173
:102720002068C1692A69114311E0206801F0F0FDB9
:102730002068C16941F40061C1612068C16921F468
:102740008061C1612068C1692A6941EA0221C161D1
:10275000ACE710B5040003D094F83D0010B107E0D9
:10276000012010BD002084F83C00204600F01EF837
:10277000022084F83D00211D206801F0B5FC0120F5
:1027800084F8460084F83E0084F83F0084F8400056
:1027900084F8410084F8420084F8430084F844003F
:1027A00084F8450084F83D00002010BD08B500689D
:1027B000B0F1804F0CD00B49884208D10A4801681B
:1027C00041F480310160006800F48030009008BD61
:1027D0000548001F016841F001010160006800F038
:1027E0000100F3E700400140443802407047000018
:1027F00010B50446022249B104290ED0082913D08D
:1028000094F84100012816D0012010BD94F83E0034
:102810000128F9D184F83E200FE094F83F00012808
:10282000F2D184F83F2008E094F840000128EBD171
:1028300084F8402001E084F841200122206801F062
:10284000BFFC16492068164A884201D0904203D145
:10285000436C43F4004343642068884213D0B0F1D2
:10286000804F10D00F4988420DD00F4988420AD0BE
:102870000E49884207D0904205D00D49884202D0C7
:102880000C49884204D1816801F00701062903D070
:10289000016841F001010160002010BD000001400D
:1028A000000401400004004000080040000C00400B
:1028B000004001400018004070B500681949884286
:1028C0002ED1032000F010FD174CE061052000F030
:1028D0000BFD2062216AE069FEF74CF9216AE0698C
:1028E00001F07EFE216A0546E06901F079FE03F001
:1028F000C9FFFEF729F8206020682A1A0B480260F9
:10290000206829180A4801600A480078012804D084
:102910001046BDE8704001F02FBA00210846F8E7E4
:1029200070BD000000100040780200206C00002004
:1029300070000020000000207047704770470000C2
:10294000F8B5016804460868CA684B6910F00F0FB3
:102950004FF0000559D003F0010602F49077374399
:1029600065D0C10705D0D10503D5616C41F00101E7
:102970006164410705D5D90703D0616C41F00201BC
:102980006164810705D5D90703D0616C41F004016A
:102990006164010707D502F02001314303D0616C67
:1029A00041F008016164616C00293AD0800604D5C9
:1029B000900602D5204601F002FD20684069616C56
:1029C000C0F38010090700D460B3204601F0D0FCAA
:1029D00020684069400621D52068143050E8001F67
:1029E00021F0400140E80012002AF5D1E06BA8B1C7
:1029F0006E490165E06BFEF740F9002811D0E06BED
:102A0000016D01B0BDE8F040084783060FD593067D
:102A10000DD52046BDE8F84001F0D1BC2046FFF7B7
:102A20008DFFF8BD2046FFF789FF6564F8BD266B72
:102A30002023012E7DD1C6067BD5D60679D5086820
:102A40004868009048694FF00206400641D5E16BA6
:102A5000086840680004000CE8D0A28D8242E5D9E5
:102A6000E085C869B0F5807F2DD020680C3050E833
:102A7000001F21F4807140E80012002AF5D120687F
:102A8000143050E8001F21F0010140E80012002A34
:102A9000F5D12068143050E8001F21F0400140E8D3
:102AA0000012002AF5D184F84230256320680C30EA
:102AB00050E8001F21F0100140E80012002AF5D173
:102AC000E06BFEF791F86663A08DE18D401A81B24C
:102AD0002AE0A08DE18D401A81B2E08D0028A5D0BA
:102AE0000029A3D022680C3252E8000F20F4907025
:102AF00042E80007002FF5D12068143050E8002F7D
:102B000022F0010240E80027002FF5D184F842307E
:102B1000256320680C3050E8002F22F0100240E8B6
:102B20000023002BF5D166632046FFF706FFF8BDB2
:102B3000FFE705062BD5150629D594F84100212875
:102B4000F5D1A068B0F5805F01D12069B0B1206AED
:102B5000411C2162216800784860E08C401E00041E
:102B6000000CE084E3D12068C16821F08001C160DD
:102B70002068C16841F04001C160D8E7206A008840
:102B8000C0F308004860206A801C2062E5E7400628
:102B9000CDD55006CBD5CA68204622F04002CA6087
:102BA00084F8413000F0DCF8C1E700006143000820
:102BB00070B5040004D094F84100002510B106E07F
:102BC000012070BD84F84050204600F023F82420F6
:102BD00084F841002068C16821F40051C16020469A
:102BE00001F04EFC2068016921F4904101612068E8
:102BF000416921F02A0141612068C16841F4005116
:102C0000C1606564202084F8410084F84200656357
:102C1000002070BDF0B587B0044614216846FDF76A
:102C20001BFB2A4F2368002229490224032507267B
:102C30002848BB4221D1264B14331F6847F01007A8
:102C40001F601B6803F0100305930B6843F001033A
:102C50000B60096802AB01F0010105916902CDE941
:102C6000001483E864006946FEF71CF80022032183
:102C70002520FEF78FF9252023E0174FBB4222D1F4
:102C8000134B10331F6847F400371F601B6803F4B1
:102C9000003305930B6843F001030B60096802AB36
:102CA00001F0010105910C21CDE9001483E86400D5
:102CB0006946FDF7F7FF002202212620FEF76AF998
:102CC0002620FEF759F907B0F0BD000000100140C2
:102CD00030380240000002400044004090F842308A
:102CE000202B01D00220704721B11AB100230363C9
:102CF00001F04CBC0120704730B40068154988428F
:102D000025D1154841880A0416D402464C0412788D
:102D10004FF0000304D50A2A0DD141F4004114E01C
:102D20000D2A10D0C1F30D040C4D491C89B22A554F
:102D30004180C72900D943800848012230BC064998
:102D4000C830FFF7CBBF41F480414180F4E730BC8D
:102D50007047000000100140700200205C0B002052
:102D60007047FEE71CB51348002240680189CDE991
:102D70000012C38811460F4804F0F5F800234FF6FF
:102D8000FF7201210B4804F017FA0A220AA3114628
:102D9000084804F0A5F90BA328220A21054804F0ED
:102DA0009FF902B03C22BDE810400AA30A21014865
:102DB00004F096B914000020496E666F20506167D8
:102DC0006500000053544D333246342050726F6A10
:102DD000656374004C43443A2053543737383920E4
:102DE000322E302200000000012808D0022809D02D
:102DF00003280AD004280AD1012002F04FBB012089
:102E000002F00ABC012002F0E9BB02F0EBBA704705
:102E100010B5FDF735FE040004D004F007FB204692
:102E2000FFF7E2FFBDE8104002F014BC10B5044902
:102E30000448FDF701FE0249491E087010BD00005C
:102E4000760000205C8800082DE9F04F87B014213F
:102E50006846FDF701FA51480024016841F010016D
:102E60000160016801F010010591016841F08001E5
:102E70000160016801F080010591016841F00401E1
:102E80000160016801F004010591016841F0010150
:102E90000160016801F001010591016841F0020142
:102EA0000160016801F002010591016841F008012B
:102EB00001600068DFF8E88000F00800059001225A
:102EC00007214046FDF7F3FFDFF8D89000224021AC
:102ED0004846FDF7ECFFDFF8D0A04FF46046002233
:102EE00031465046FDF7E3FFDFF8C0B04FF4876787
:102EF000002239465846FDF7DAFF00224FF40C61F4
:102F00002B48FDF7D4FF072000900125CDE901549F
:102F1000694640460394FDF7C5FE40200090CDE988
:102F20000154694648460394FDF7BCFE0096CDE97E
:102F30000154694650460394FDF7B4FE0097CDE96D
:102F40000154694658460394FDF7ACFE4FF42840FF
:102F50008DE8310069465846FDF7A4FE4FF408504D
:102F60008DE8310069461248FDF79CFEE802CDE984
:102F700000050220CDE9020469460D48FDF792FEE6
:102F8000C02000901120CDE9010403200390694680
:102F90000748FDF787FE07B0BDE8F08F30380240E4
:102FA00000080240000002400010024000040240FD
:102FB000000C024006480549016000214160816023
:102FC000C16001614161816170470000002C0140D6
:102FD000E4050020114810B50F4901604FF48271DB
:102FE00041604FF40041816000210222C0E90312D8
:102FF00001224261520282610822C0E90721416236
:1030000081620A21C162FEF71DFF002803D0BDE8DE
:103010001040FDF70FBD10BD0030014068060020D4
:1030200010B58AB0002407941C2168460894FDF767
:1030300013F915484FF08041C0E90014611EC0E942
:10304000024104618461FFF784FB08B1FDF7F2FCE3
:10305000079407A90C480894FFF762F808B1FDF738
:10306000E9FC6020CDE9000402940022694606488C
:103070000494FFF708FB08B1FDF7DCFC0248FFF7FA
:10308000BFFA0AB010BD0000C006002010B58CB019
:1030900024216846FDF7E0F80024164809941449F5
:1030A0000A94C0E900144FF6FF71C0E902410461BF
:1030B00084610320CDE900040120CDE902040494D9
:1030C000CDE90540079469460A480894FFF716F9C8
:1030D00008B1FDF7AFFC099409A906480A94FFF767
:1030E0001FF8002801D0FDF7A5FC0CB010BD0000B2
:1030F000000400400807002010B58CB02421684669
:10310000FDF7AAF800241548099413490A94C0E968
:103110000014611EC0E90241046184610320CDE90D
:1031200000040120CDE902040494CDE90540079490
:1031300069460A480894FFF7E1F808B1FDF77AFC00
:10314000099409A905480A94FEF7EAFF002801D06E
:10315000FDF770FC0CB010BD000C004050070020C3
:103160001CB500240F4800940D490194016042F2FF
:10317000CF01C0E901143121C16080218161FFF7D5
:103180001AF808B1FDF756FC009469460548019409
:10319000FEF7C6FF002801D0FDF74CFC1CBD000067
:1031A000001000409807002010B588B01C21684628
:1031B000FDF752F81A4819490024C0E9001441F6F5
:1031C0001F41C0E90241802104618161FFF7C1FA1A
:1031D00008B1FDF72FFC6020CDE900040294002225
:1031E00069460F480494FFF74EFA08B1FDF722FC38
:1031F000042269460A48FFF746FA08B1FDF71AFCAF
:1032000000210748FFF7F4FA04210548FFF7F0FA18
:103210000348FFF7F5F908B010BD00000040014079
:10322000E00700200C4810B50A4901604FF4E13175
:103230004160002181600C22C160C0E904128161FB
:10324000C161FFF7B5FC002803D0BDE81040FDF7D1
:10325000F1BB10BD00100140280800200C4810B53B
:103260000A4901604FF4E1314160002181600C2284
:10327000C160C0E904128161C161FFF799FC0028B7
:1032800003D0BDE81040FDF7D5BB10BD00440040A1
:1032900070080020024A0321024802F091B80000A1
:1032A000313E0008D0020020FEE7000010B50348C0
:1032B00002F032F9BDE8104002F074B9B802002003
:1032C000FEE70000054A002011780A2904D20448CC
:1032D00000EB4110491C1170704700006003002092
:1032E000400D002070470000024600200146032ADE
:1032F00006D0052A03D1034A1068116000B2704756
:10330000014AF9E7240C0040240400400A684262A4
:103310004A688262D1E902231A43D1E904310B439E
:10332000C16A1A4321F0F7011143C16200207047BE
:10333000006800F0030070470844406970470000CF
:103340000148FEF7F3B90000E405002070B50DF167
:10335000100C11439CE87000234319432943426831
:10336000314347F6FF639A430A434260002070BD31
:103370000321016000207047D0F8800070470A6880
:103380008260D1E901231A43D1E903310B43C168BB
:103390001A436FF30B011143C160002070470968A5
:1033A000C0F880100020704710B585B00446372063
:1033B000CDE9001040200290002003904FF480607F
:1033C000049069462046FFF7DAFF41F28832372140
:1033D000204600F06BF905B010BD000010B50446A2
:1033E0000A4885B001432920CDE900104020029011
:1033F000002003904FF48060049069462046FFF758
:10340000BEFF204600F00AFA05B010BD0000108093
:1034100010B585B004461020CDE900104020029080
:10342000002003904FF48060049069462046FFF727
:10343000A6FF41F288321021204600F037F905B08E
:1034400010BD000030B585B00024054600940194FD
:103450004FF480600294CDE9034069462846FFF7A7
:103460008EFF0B484FF4FA510068B0FBF1F041F2C7
:1034700088314843401E03D24FF0004005B030BDB4
:10348000696B0906F6D5C520A8632046F6E700005B
:103490008800002010B585B004464FF4D570009028
:1034A0000820019040200290002003904FF480609B
:1034B000049069462046FFF762FF204600F014FAA8
:1034C00005B010BD10B585B004461220CDE900103E
:1034D00040200290002003904FF4806004906946E1
:1034E0002046FFF74CFF41F288321221204600F0BF
:1034F000DDF805B010BD10B585B004461120CDE94A
:10350000001040200290002003904FF4806004904F
:1035100069462046FFF733FF41F2883211212046E9
:1035200000F0C4F805B010BD10B585B00446072002
:10353000CDE9002040200290002003904FF48060ED
:10354000049069462046FFF71AFF41F288320721AE
:10355000204600F0ABF805B010BD10B585B00446AC
:1035600000210220CDE90010C020CDE902014FF476
:103570008060049069462046FFF701FF204600F076
:1035800025F905B010BD10B585B004460920CDE978
:103590000010C0200290002003904FF4806004903F
:1035A00069462046FFF7EBFE204600F00FF905B014
:1035B00010BD10B585B004460D20CDE900104020A7
:1035C0000290002003904FF48060049069462046EA
:1035D000FFF7D5FE41F288320D21204600F066F853
:1035E00005B010BD30B585B00C460546002103205E
:1035F000CDE900104020CDE90201000104906946A8
:103600002846FFF7BCFE22460321284600F028F991
:1036100005B030BD10B585B0044600210C20CDE9C1
:1036200000104020CDE902010001049069462046C7
:10363000FFF7A5FE034A0C21204600F037F805B03D
:1036400010BD000000E1F50510B585B00446192055
:10365000CDE9001040200290002003904FF48060DC
:10366000049069462046FFF78AFE41F2883219210C
:10367000204600F01BF805B010BD10B585B004461B
:103680001820CDE9001040200290002003904FF454
:103690008060049069462046FFF771FE41F288324F
:1036A0001821204600F002F805B010BD454B10B5BA
:1036B0001B684FF4FA54B3FBF4F353435B1E02D27E
:1036C0004FF0004010BD426B12F0450FF6D01205CE
:1036D000F4D4426B520703D504218163084610BD20
:1036E000426BD20702D00121816305E0C5228263CB
:1036F0000269D2B28A4201D0012010BD0021FFF739
:103700001BFE3149084201D1002010BD002802DA19
:103710004FF0007010BD410001D5402010BD810068
:1037200001D5802010BDC10002D54FF4807010BDBE
:10373000010102D54FF4007010BD410102D54FF4D4
:10374000806010BDC10102D54FF4006010BD0102C0
:1037500002D54FF4805010BD410202D54FF4005005
:1037600010BD810202D54FF4804010BDC10202D5C8
:103770004FF4004010BD410302D54FF4003010BD9E
:10378000810302D54FF4802010BDC10302D54FF450
:10379000002010BD010402D54FF4801010BD41047B
:1037A00002D54FF4001010BD810402D54FF4800003
:1037B00010BD000702D54FF4000010BD4FF480305B
:1037C00010BD00008800002008E0FFFD12494FF402
:1037D000FA520968B1FBF2F141F288325143491EB5
:1037E00002D24FF000407047426B12F0450FF6D006
:1037F0001205F4D4416B490703D5042181630846BF
:103800007047416BC90703D00121816308467047A7
:10381000C521816300207047880000200F494FF4C4
:10382000FA520968B1FBF2F141F288325143491E64
:1038300002D24FF000407047426B12F0450FF6D0B5
:103840001205F4D4416B490703D50421816308466E
:103850007047C52181630020704700008800002068
:1038600030B5204B4FF4FA541B68B3FBF4F341F22C
:10387000883463435B1E02D24FF0004030BD446B7E
:1038800014F0450FF6D02405F4D4436B5B0703D541
:1038900004218163084630BD436BDB0702D0012160
:1038A000816303E00369DBB28B4201D0012030BDAC
:1038B000C52181630021FFF73FFD10F4604F04D064
:1038C000410406D54FF4005030BD000C108000209C
:1038D00030BD000402D54FF4805030BD4FF480302D
:1038E00030BD00008800002014494FF4FA520968E6
:1038F000B1FBF2F141F288325143491E02D24FF03E
:1039000000407047426B12F0450FF6D01205F4D418
:10391000416B490703D50421816308467047416B19
:10392000C90703D00121816308467047416B4906EE
:1039300001D54021816300207047000088000020ED
:1039400010B5064C01202070FCF78AFF18B92078CA
:1039500020F001002070207810BD000074000020CD
:1039600010B5846B40F23A50216888632046FDF719
:10397000C7FE012184F8341000212163062801D0FC
:10398000052805D12068FFF745FEA16B0843A06319
:10399000A06B0028204602D0FDF7D2FD10BDFDF738
:1039A000CBFD10BD10B5846B40F23A50216888639E
:1039B0002046FDF7A5FE012184F834100021216383
:1039C000062801D0052805D12068FFF723FEA16B4A
:1039D0000843A063A06B0028204602D0FDF7B0FD8D
:1039E00010BDFDF7A9FD10BD10B590B00446012033
:1039F000ADF838002068FFF79BFC002854D0606CBD
:103A0000032842D02068FFF7A8FD00284AD10021F2
:103A10002068FFF791FC606704212068FFF78CFCA9
:103A2000A06708212068FFF787FCE0670C21206869
:103A3000FFF782FCC4F88000606C032825D00EA933
:103A40002068FFF7CFFD00282CD1606C03281CD024
:103A5000BDF83800206501042068FFF794FD0028B8
:103A600020D100212068FFF767FC606604212068F0
:103A7000FFF762FCA06608212068FFF75DFCE066A6
:103A80000C212068FFF758FC206704212068FFF70D
:103A900053FC000DE06403A92046FDF753FD30B14F
:103AA0004FF0805010B010BD4FF08060FAE7B4F8CE
:103AB0005000002302042068FFF736FD0028F1D1F2
:103AC00004F1100007C88DE8070094E80F00FFF725
:103AD0003DFC0020E6E700002DE9F84F00260446F3
:103AE00000963546B0460068FFF7ACFC002827D1A9
:103AF0002068FFF7CFFC4FF0805B4FF001094FF6D5
:103B0000FF7748B1A6642068FFF79CFC002817D116
:103B1000A06C012802D020E0C4F848900021206861
:103B2000FFF742FC58B918E000212068FFF73CFC81
:103B3000002805D151462068FFF750FC10B15846C7
:103B4000BDE8F88F00212068FFF7F6FB05464FEA35
:103B5000D0780098401C009002E0DFF82CA000987C
:103B6000B84202D2B8F1000FDED00098B84202D3BA
:103B70004FF08070E4E7680002D5C4F8449000E09C
:103B800066640020DCE70000000010C170B5064C40
:103B9000054601202070FCF76FFE18B92846FFF794
:103BA000CFFE2070207870BD7400002010B5124840
:103BB00088B014460078C00702D0032008B010BDBA
:103BC000C1B1012905D0022908D003290CD0042055
:103BD000F4E76846FCF73EFE06980AE06846FCF704
:103BE00039FE0798208005E06846FCF733FE079809
:103BF000400A20600020E1E77400002070B51D46F7
:103C0000164608460124A31E2A463146FCF74AFE02
:103C100028B900BFFCF724FE0028FBD10024204671
:103C200070BDFFF78DBE000070B51D4616460846F4
:103C30000124A31E2A463146FCF746FE28B900BFE0
:103C4000FCF70EFE0028FBD10024204670BD0000CA
:103C5000F8B515460E460B46009204460122022195
:103C600000F02CF8A0B9134813490068B0FBF1F03C
:103C70004FF47A71484300906068B0F5827F0DD1AF
:103C80003346002280212046009500F017F870B1DD
:103C9000606D40F0200060650320F8BD009830B1F1
:103CA000401E009020688068C0430006F6D50020C2
:103CB000F8BD00008800002000366E012DE9F843B1
:103CC0001E46914688460446089DFDF7F5F8401BC0
:103CD000351AFDF7F1F8074625480068C0F3CB30E8
:103CE000684338E0701C37D0FDF7E6F8C01BA842E7
:103CF00003D215B1009860B32CE02068416821F030
:103D0000E00141606068B0F5827F0BD1A068B0F53A
:103D1000004F02D0B0F5806F04D12068016821F017
:103D200040010160A06AB0F5005F09D12068016818
:103D300021F4005101602068016841F400510160E4
:103D4000012084F85100002084F850000320BDE8D1
:103D5000F8830025401E00902068816838EA010041
:103D600004D000214945BDD10020F0E70121F9E749
:103D700088000020704700002DE9F04106000D4644
:103D800019481A4C4FF480614FF4004704D50022C3
:103D9000FDF78DF8012203E00122FDF788F80022EB
:103DA00039462046FDF783F8304603F0F9FB104E04
:103DB000B0634FF480414F10002D05DA00222046F9
:103DC000FDF775F8012204E001222046FDF76FF8A7
:103DD000002239462046FDF76AF8284603F0E0FB4A
:103DE0007063BDE8F0810000000402400010024052
:103DF00000400140642801DD642004E06FF06301AD
:103E0000884200DA084600EE100A0348B8EEC00AFD
:103E100080ED000A704700000C000020024A0321D8
:103E2000024801F0CDBA0000313E0008180300201E
:103E30002DE9FE4F04460420DFF8B4818DF8080018
:103E4000A17898F80100DFF8AC911E274FF03A0AEC
:103E5000814204D168486168FCF715FAC8B102A92B
:103E6000204601F085FB0021624802F05FFE4FF61C
:103E7000E07B00235A4601215E4803F09DF960680B
:103E8000052200905DA311465A4803F029F9002548
:103E90003DE002A9204601F06BFB627898F8001023
:103EA0008A4238D04FF0FF36354600203EE0A078F9
:103EB0002844C6B26078B04213D1C5EB05100AEBB6
:103EC000400292B2CDE9002BD9F8041007EB400074
:103ED00082B2CB880021474803F045F85B460022B8
:103EE00002E000234FF6FF720121424803F064F91B
:103EF00004EB860041A3C0680090C5EB051007EBFA
:103F0000400082B20A213B4803F0EAF86D1C9DF89C
:103F100008008542CBDB5DE0A3780344DBB28B4233
:103F200000D106469A4200D10546401C9DF8083053
:103F30009842F1DB002E26DBC6EB06100AEB4001AF
:103F4000002289B2CDE90012D9F8041007EB400B2A
:103F50001FFA8BF2CB880021264803F004F80023D7
:103F60004FF6FF720121234803F026F9A0781FFACB
:103F70008BF2304404EB800020A3C06800900A213B
:103F80001C4803F0ADF8002D24DBC5EB05100AEB4F
:103F900040024FF6E07B92B2CDE9002BD9F8041035
:103FA00007EB4006B2B2CB880021124802F0DBFFDB
:103FB0005B46002201210F4803F0FEF8A078B2B260
:103FC000284404EB80000DA3C06800900A21094832
:103FD00003F086F8617888F80010A17888F801105D
:103FE0001F2205486168FCF742F9BDE8FE8F00001A
:103FF000B4020020140000200C0D002025730000E6
:10400000FCF760BF30B593B030216846FCF724F967
:1040100014210CA8FCF720F91D480025016841F087
:1040200080510160006800F08050119019480168CB
:1040300041F4804101600068022400F48040119046
:1040400001200090000401908001CDE90640042089
:104050000890A820CDE9090407200B906846FDF7D9
:10406000B5F808B172B6FEE70CA90F2081E831005F
:104070004FF4A0500F904FF48050109005210CA8E1
:10408000FCF7BAFF002801D072B6FEE713B030BDCE
:1040900040380240007000400248016841F470015D
:1040A0000160704788ED00E010B50A4C2068C068D8
:1040B000C043C00709D10848006980472168002033
:1040C000486221686420C862E06021686FF00100E6
:1040D000086110BD140B0020780100200148FEF794
:1040E000F7B9000098070020F0B50268294C2A4D66
:1040F0002A4E2B4F2B4B4FF0804CA04209D06045ED
:1041000007D0A84205D0B04203D0B84201D09842AF
:1041100004D122F0700E4A6842EA0E02A0421BD07F
:10412000604519D0A84217D0B04215D0B84213D07C
:10413000984211D01C4DA8420ED01C4DA8420BD065
:104140001B4DA84208D01B4DA84205D01A4DA842CD
:1041500002D01A4DA84203D122F44075CA682A43FE
:104160004D6922F080022A4302608A68C2620A68AE
:104170008262A04201D0984201D109690163012104
:1041800041610169C90703D0016921F001010161A1
:10419000F0BD0000000001400004004000080040A5
:1041A000000C004000040140004001400044014078
:1041B0000048014000180040001C00400020004062
:1041C00010B501F01F030121046A99408C43046279
:1041D000016A9A401143016210BD0000F0B5036A04
:1041E000026A22F00102026242688469124E24F0DF
:1041F00073050C682C4323F002058B682B430D4D8F
:10420000A84201D0B04205D123F00807CB683B4358
:1042100023F00403A84201D0B04205D14D6922F435
:10422000407215438A692A43426084614968416348
:104230000362F0BD0000014000040140F0B5026AD5
:10424000036A23F010030362436884690D6824F451
:10425000E64444EA05248D6822F0200242EA051271
:104260000F4D104EA84201D0B04206D1CF6822F0C7
:10427000800242EA071222F04002A84201D0B04276
:1042800007D14D6923F4406343EA85038D6943EA0E
:10429000850343608461496881630262F0BD000068
:1042A0000000014000040140F0B5026A036A23F4F3
:1042B000807303624368C46922F4007224F07305BA
:1042C0000C68124E2C438D6842EA05220E4DA8421E
:1042D00001D0B04206D1CF6822F4006242EA072240
:1042E00022F48062A84201D0B04207D14D6923F484
:1042F000405343EA05138D6943EA05134360C461E3
:104300004968C1630262F0BD000001400004014041
:1043100030B5046A026A22F4805202624268C369BC
:104320000D6823F4E64343EA05238D6824F4005422
:1043300044EA0534084DA84202D0084DA84204D1F1
:104340004D6922F4804242EA85124260C3614968A5
:104350000164046230BD000000000140000401401F
:1043600010B5806B0021C185C184FEF7E7FA10BD4E
:1043700001680C3151E8002F22F4907241E80023CB
:10438000002BF5D10168143151E8002F22F0010211
:1043900041E80023002BF5D1016B012909D1016807
:1043A0000C3151E8002F22F0100241E80023002BCD
:1043B000F5D1202180F8421000210163704708B533
:1043C00090F84210222901D0022008BD82684FF4E3
:1043D00080539A4201D1016921B1816A9A421BD06E
:1043E0004AB10AE00268816A5268C2F308020A8090
:1043F000816A891C08E0026972B10268526802F0A1
:104400007F020A70816A491C8162C18D491E0904BC
:10441000090CC18503D01BE002685268F1E701680E
:10442000CA6822F02002CA600168CA6822F4807259
:10443000CA6001684A6922F001024A61202180F8BD
:10444000421000214163026B012A03D0FEF754FCA5
:10445000002008BD016301680C3151E8002F22F0F3
:10446000100241E80023002BF5D101680A68D2064A
:1044700002D50A6849680091818DFEF75EFAE7E788
:1044800070B5044600680169E26821F440511143A7
:1044900001612169A068E269084361691143084329
:1044A0002168CA6849F20C639A430243CA602068D3
:1044B0004169A26921F44071114341613149206889
:1044C000884202D03049884202D1FCF73FFE01E029
:1044D000FCF72CFEE2690023192164253226B2F58F
:1044E000004F626828D0A0FB0101930F9200FBF7F8
:1044F00069FE0146B0FBF5F06FF01802504301EB86
:10450000800006EB0010B0FBF5F000F0F002B1FB0C
:10451000F5F002EB0012B1FBF5F06FF01803584311
:1045200001EB800006EB0010B0FBF5F000F00F008F
:1045300021681044886070BDA0FB010192185B41A6
:10454000FBF740FE0146B0FBF5F00201B1FBF5F0D0
:104550006FF01803584301EB800006EBC000B0FB7E
:10456000F5F000F0F80002EB4002B1FBF5F0584323
:1045700001EB800006EBC000B0FBF5F000F0070097
:10458000D6E70000001001400014014081628285DE
:10459000C28500214164222180F84210016921B1C5
:1045A0000168CA6842F48072CA6001684A6942F0D0
:1045B00001024A610068C16841F02001C160002029
:1045C000704700000148FEF7BBB90000240C002032
:1045D0000148FEF7B5B9000070080020FEE70000B2
:1045E000084400EE100A3548B0EE001AB8EEC00AD2
:1045F000D0ED000A3248354A10EE810ADFED310A6B
:104600009FED311A80ED020A90ED030A20EE200A98
:1046100080ED030A90ED030AD0ED020A00EE810A54
:1046200080ED030A90ED040AD0ED030A30EE200A73
:1046300080ED040A90ED040A10EE101A914203DD99
:104640009FED230A80ED040A90ED040A214A10EE42
:10465000101A914203D99FED200A80ED040A1F49E8
:1046600090ED030AD1ED000A1E4920EE201A9FEDBD
:104670001C0AD1ED001A1C49C1EE000A90ED041A83
:1046800021EE211AC1EE001A30EEA10A80ED010AD6
:104690000978012903D19FED150A80ED040A90EDF8
:1046A000010ABDEEC00A10EE101A416290ED010A37
:1046B000BDEEC00A10EE100A704700000C0000208A
:1046C00078020020F6285C3F295C0F3E00007A4506
:1046D00000007A4500007AC500007AC50400002079
:1046E0000000C84208000020000000200000000078
:1046F0000FB4054B10B503A9044A029800F004F961
:1047000010BC5DF814FB0000756400087402002002
:104710007CB50C001D461646014601D0601E00E027
:104720000020CDE90010064B6A462946304600F0CD
:10473000EBF8002C02D0009A002111707CBD000023
:104740000F5000080907090E002804DB00F1E020E3
:1047500080F80014704700F00F0000F1E02080F8AE
:10476000141D704702E008C8121F08C1002AFAD1C0
:1047700070477047002001E001C1121F002AFBD1E1
:10478000704700002DE9FF5F82B00021DDE90430B1
:10479000020DDDF840B0034318D044F61050A2F2E9
:1047A000FF3242431514119801281FD0A5EB0B00CE
:1047B000401C5FEA000A4FF000064E4FDFF83891C8
:1047C000B046504615D5CAF1000413E011980124F3
:1047D0004AA3012801D16FEA0B010298119AC0E99E
:1047E0000031C0E9024206B0BDE8F09FCBF1000005
:1047F000DFE704460021404A491842EB0450CDE966
:10480000001012E0E00707D032463B4640464946DA
:10481000FBF723FE8046894632463B461046194642
:10482000FBF71BFE06460F466410002CEAD1DDE9BB
:104830000401DDE90023BAF1000F06DAFBF70DFEF3
:1048400042464B46FBF709FE05E0FBF778FE424681
:104850004B46FBF774FE04460E460022284BFBF73E
:10486000F5FE03D84FF0FF30014607E00022254B4C
:1048700020463146FBF74AFDFBF7D0FE102409E045
:10488000002C0ADB0A220023FBF79CFC039B30323E
:104890001A55641E50EA0102F2D1641C039AC4F155
:1048A00011031444119A012A03D0012208430DD1A7
:1048B0000AE0084304D000204FF0110B119072E77A
:1048C000A3EB0B056D1E0DE05B4504DD4FF0000210
:1048D00005F1010504E003DA4FF00002A5F101053E
:1048E000002AECD002981199C0E90231C0E90045D4
:1048F00079E70000000014400000F03F30000000A5
:104900000000F0430000E03F2DE9FF4F95B09A46CC
:10491000884606460025EEE1252877D10024274663
:10492000F94A0121039400E0044316F8013F203BBB
:1049300001FA03F01042F7D130782A2811D06FF035
:104940002F033078A0F13002092A16D8039A44F0D8
:10495000020402EB820203EB42021044761C039035
:10496000EFE758F8042B0392002A03DA504244F48C
:104970000054039044F00204761C30782E2816D19F
:1049800016F8010F44F004042A280DD06FF02F020E
:104990003078A0F13003092B09D807EB870302EB2D
:1049A0004303C718761CF3E758F8047B761C30786D
:1049B0006C280FD006DC4C2817D068280DD06A2848
:1049C00014D104E0742810D07A280FD10DE044F4FB
:1049D00000140AE044F4801401E044F440147278B6
:1049E000824202D104F58014761C761C3078662849
:1049F0000BD013DC582877D009DC002875D0452867
:104A0000F6D04628F4D047281AD193E118E063285D
:104A100035D0642879D0652812D18BE1702873D005
:104A200008DC6728F1D069286FD06E280DD06F2878
:104A300006D1ACE073282CD0752874D0782853D0D8
:104A40005246179990476D1C54E1C4F30250022856
:104A500009D003280DD0D8F8001004280DD00D601F
:104A600008F1040846E1D8F80010EA17C1E900523D
:104A7000F6E7D8F800100D80F2E70D70F0E718F8AF
:104A8000041B8DF8001000208DF80100EB4601207A
:104A900003E058F804BB4FF0FF3061074FF000010E
:104AA00002D40DE009F101018946B9420FDA8145CE
:104AB000F8DB1BF809100029F4D108E009F1010125
:104AC00089468142FADB1BF809100029F6D10398C8
:104AD0005346A0EB090721463846179A00F080FAA2
:104AE000284400EB090507E044E008E10DE01BF86D
:104AF000010B524617999047B9F10109F7D2534675
:104B000021463846179AF2E039E00A21C4F30252EE
:104B10004FF0000B0091022A06D058F8040BC11781
:104B2000032A09D00AE023E008F1070020F0070279
:104B3000F2E80201904605E000B2C117042A01D153
:104B400040B2C117002906DA0A460021404261EB53
:104B500002012D2202E0220504D52B228DF804202B
:104B6000012203E0E20701D02022F7E7914657E057
:104B70000A2100E010214FF0000B00910BE0102102
:104B80004FF0000B44F004040827009103E00820D4
:104B90004FF0000B0090C4F30252022A05D058F8DF
:104BA000040B0021032A08D008E008F1070020F0D8
:104BB0000702F2E80201904603E080B2042A00D125
:104BC000C0B24FF0000922072AD53278702A07D0E8
:104BD000DDF800C08CF0100C5CEA0B0C05D00EE088
:104BE00040228DF80420012208E050EA010306D09B
:104BF00030238DF804308DF8052002229146009B69
:104C000083F0080353EA0B030AD150EA010201D1F1
:104C1000620705D530228DF804204FF001097F1E70
:104C20003278582A04D039A20C920CAA02920BE0D6
:104C30003BA2F9E75B46009AFBF7C4FA0C9B9B5C2E
:104C4000029A521E0292137050EA0102F2D10298A7
:104C500004A9081A00F1200B600702D524F480345F
:104C600000E001275F4502DDA7EB0B0000E000201C
:104C700000EB0B01009003984944401A0390E003B5
:104C800006D453462146179A039800F0A9F9054423
:104C9000002706E001A85246C05D179990476D1C99
:104CA0007F1C4F45F6DBE0030CD553462146179A8F
:104CB000039800F095F9054404E030205246179916
:104CC00090476D1C0099481E00900029F5DC08E013
:104CD0000298029952460078491C02911799904710
:104CE0006D1CBBF10001ABF1010BF1DC5BE100F0ED
:104CF00065F90544761C307800287FF40DAE19B0B4
:104D00002846BDE8F08F0000092801003031323319
:104D100034353637383961626364656600000000F7
:104D200030313233343536373839414243444546E1
:104D300000000000600700D4062708F1070020F0FB
:104D40000700F0E80223804603F0004C5FEA0C0005
:104D500001D097A009E0200501D596A005E0E00765
:104D600001D095A001E0AFF24C001390307823F011
:104D7000004365280CD006DC452809D046281DD004
:104D800047287FD13BE0662818D067287AD136E0E3
:104D90000021112F01DB112000E0781CCDE900017A
:104DA00004A90CA8FFF7EEFCDDE90D010C9A4FF009
:104DB000000B07F10109109200914EE04FF0004006
:104DC0000097CDE9011004A90CA8FFF7DBFCDDE991
:104DD0000D020C9B0F994FF0000B9146109300921F
:104DE00011B9791C00EB0109B7EB090003D4C0F13C
:104DF000FF3B07F10109A9EB0700019042E0012FF9
:104E000000DA01270021112F01DD112000E03846D2
:104E1000CDE9000104A90CA8FFF7B4FCDDE90D0100
:104E20000C9A00914FF0000BB946109221070FD455
:104E3000009A4A4503DA914601E0A9F10109B9F166
:104E4000010F05DD109AA9F10101515C3029F4D060
:104E5000B84202DA10F1040F03DA0121CDE90110A2
:104E600010E0002803DC8344A9EB000102E0411CB0
:104E7000494500DD8946A0EB0B00401C01904FF036
:104E800000400290200705D40198484502DB4FF00E
:104E9000FF30019000208DF84B0002980DF14B0778
:104EA000B0F1004F25D002200C902B200D900298DD
:104EB00000280CDA404202902D200D9007E00A21D4
:104EC0000298FBF7EEF93031029007F8011D0C99BA
:104ED000481E0C900029F2DC02980028EFD1791EC0
:104EE0000D980870307800F0200040F0450007F879
:104EF000020D11A8C01BC01D02901398007800B1CC
:104F0000012000EB0901019801EBE07102980144D6
:104F10000398401A401E0390E00306D453462146EE
:104F2000179A039800F05CF805441398007818B1BC
:104F30005246179990476D1CE00323D553462146EE
:104F4000179A039800F04CF805441BE0BBF1000FE2
:104F500007DB0098584504DD1098179910F80B00EE
:104F600001E0179930205246904701980BF1010B50
:104F7000401E05F10105019004D12E2052461799DB
:104F800090476D1CB9F10001A9F10109DEDC05E0D3
:104F900017F8010B5246179990476D1C0299481E4D
:104FA00002900029F4DC53462146179A03989EE6A6
:104FB0002D0000002B000000200000002DE9F04132
:104FC000044600251E461746880404D405E03946E9
:104FD0002020B0476D1C641EF9D52846BDE8F0813D
:104FE0002DE9F041044600251E469046C80301D530
:104FF000302700E02027880404D505E041463846E4
:10500000B0476D1C641EF9D52846BDE8F0814A689A
:10501000002A06D00A68531C0B6010704868401EB6
:105020004860704710B502F0C7F902F0DBF9BDE83F
:10503000104002F0E7B9000010B5ADF5327D28222E
:1050400030A1A8A8FBF7EFF800223849384800F053
:10505000C3FD08B137A009E03BA0FFF749FB0A22D6
:105060003EA101A800F0E4FD38B13FA0FFF740FBEE
:10507000FBF7E0FC0DF5327D10BD41A0FFF738FBDA
:10508000A6AB2522A8A901A800F0C8FFA69901B1E6
:1050900008B141A0EAE701A800F08AFD43A0FFF7AC
:1050A00027FB01222DA101A800F0C2FD08B144A0F8
:1050B000DCE7A7AB64228DA901A800F0BFFE04467F
:1050C00000231F220121454802F076F88DA80090A8
:1050D00043A396220021414802F002F8A79800B1AC
:1050E0000CB144A0C2E701A800F062FDDDE9A60111
:1050F000814201D044A0B9E74AA0FFF7F9FA02F0D3
:1051000093F9B7E7582050756C73652053544D33AD
:10511000324634303720776F726B696E672077695B
:105120007468204661744673000000007600002019
:10513000B80800204661744673206D6F756E742048
:105140006572726F720D0A004372656174696E67F1
:105150002066696C652E2E2E0D0A000053544D33C7
:10516000322E54585400000046696C652063726505
:105170006174696F6E206572726F720D0A000000B3
:1051800057726974696E6720746F2066696C652E4A
:105190002E2E0D0A0000000046696C6520777269AA
:1051A0007465206572726F720D0A00005265616449
:1051B000696E672066696C652E2E2E0D0A00000050
:1051C00046696C65206F70656E20666F722072652F
:1051D0006164206572726F720D0A00001400002075
:1051E000526561642066726F6D2066696C653A2055
:1051F0002573000046696C652072656164206572E4
:10520000726F720D0A00000044617461207665724D
:10521000696669636174696F6E206661696C656453
:105220000D0A000053442043617264207465737456
:10523000207061737365642073756363657373664F
:10524000756C6C79210D0A0010B505A0FFF750FAB6
:10525000FFF7F2FEBDE8104008A0FFF749BA0000D2
:105260005374617274696E672053442043617264A1
:1052700020746573742E2E2E0D0A000053442043B3
:10528000617264207465737420636F6D706C6574F3
:105290006564210D0A00000010B504460020E0708E
:1052A000401EE062204602F062F908B1042010BD01
:1052B00004F22E2002F07AF8A0F52A41553901D0E7
:1052C000032010BD94F83000E92805D0EB2814D154
:1052D00094F83200902810D104F1660002F05BF8D7
:1052E0000749B1EB002F06D004F1820002F053F819
:1052F0000449884201D1002010BD022010BD0000E9
:105300000046415446415433F0B50022144D134633
:1053100005EB021426685EB10768BE4209D16668D3
:105320008768BE4205D1A4684669B44204D000E053
:105330000123521C022AEBD3022A01D069B904E0EE
:105340004BB9022907D01220F0BD05EB021080896D
:10535000B0F5807F01D00020F0BD1020F0BD00002E
:10536000E80A002030B50021054B0C4603EB011282
:105370001568854200D11460491C0229F6D330BD5E
:10538000E80A00200268490AC06A5289B1FBF2F1BA
:10539000001D04C81AB1914203D3891AF8E700200E
:1053A00070470068084470474269891E921E8A420D
:1053B00001D800207047826A408901FB00207047B5
:1053C000074B10B51B6813B11C693CB902E04FF0E4
:1053D000FF3010BD1861197702B1DA60002010BDEE
:1053E0002C0D00202DE9FC412B4D4FF0FF362C6891
:1053F000002C4FD02069E8B3287CC0074AD0FDF7C5
:1054000061FFB8B3A27F216902EB4202142351F875
:1054100032104160A27F216902EB420203EBC2021B
:105420000C2689588160002101610177E268C26021
:10543000A37F226903EB430306EBC3031027D25873
:105440004261A67F236906EB460607EBC6069B5919
:10545000836181770121C1770460EA602860A17FC0
:10546000226901EB4103042101EBC303D25872B15D
:10547000426800E00EE0009280680190A27F2069FF
:1054800002EB420201EBC201415868468847002006
:10549000BDE8FC813046FBE72C0D00202DE9FC41E6
:1054A0001C4C05464FF0FF32206880B3217CC907B1
:1054B0002ED0016859B321604969E160FBF7A4FA75
:1054C0002068817F026901EB4103082101EBC303DE
:1054D0000026D258AAB1827F036902EB420253F838
:1054E00032700097142707EBC2029A580192C677D0
:1054F0000269807F00EB400001EBC0001158684654
:1055000088470DB1206886770020BDE8FC81FFE761
:105510001046FAE72C0D00202DE9F041124E054609
:105520004FF0FF373068E8B9104800240470FDF7E9
:10553000C9FEB8B129684160696904608160E968A1
:10554000C46041612A690461826104778477447789
:105550003060347468687060A868C6E90201002091
:10556000BDE8F0813846FBE72C0D002060030020E9
:1055700058B151B10B780278934200D90A70427841
:1055800083789A4204D2827009E04FF0FF3070476E
:105590000978D31A8B4202DB511A491C8170002012
:1055A000704700001CB50C4C206810B1217CC90765
:1055B00002D04FF0FF301CBD616829B142680092F3
:1055C00080680190684688470120207420684069FF
:1055D000E06000201CBD00002C0D00200D4A10B51D
:1055E00011684FF0FF3461B10B6953B1127CD207DF
:1055F00007D00A7F8B7F521E934204DA5B1C8B77A5
:1056000004E0204610BD18B100208877002010BDAE
:105610008A77F6E72C0D00200D4A10B511684FF07F
:10562000FF3349B10C693CB1127CD20704D08A7FA8
:1056300022B1521E8A7705E0184610BD20B1087FBE
:10564000401E8877002010BD00208877F4E7000016
:105650002C0D0020F0B5274CADB02068F8B1217CAE
:10566000C9071CD0E16839B142682B9280682C9040
:105670002BA888470020E060206802696AB3017F98
:105680008DF80010817F8DF80110417F8DF8021098
:10569000416801918168029100216B460FE04FF053
:1056A000FF302DB0F0BD00BF01EB410602EBC60696
:1056B00003EB81053768EF607669491CEE659DF85C
:1056C00000508D4201DD1429EEDBC16809B1184696
:1056D000884721689DF8020048772068816931B1C8
:1056E00041682B9181682C9181692BA88847002003
:1056F000D7E700002C0D00202DE9F04105680F00D0
:10570000804606D000F0C0FE022809D20120BDE884
:10571000F081EE6816B16869B04207D8012605E04D
:10572000411CF4D069698142F1D83E46344668692B
:10573000641CA04202D80224022E0AD3214640460D
:1057400000F0A2FE38B10128E1D0411CDFD0B44204
:10575000EDD10020DBE74FF0FF36324621462846E8
:1057600001F047FF30B957B122463946284601F0CB
:1057700040FF20B101280FD001242046C7E7EC608C
:10578000D5E90401891E884201D8401E2861287984
:1057900040F001002871F0E73446EEE72DE9F041D2
:1057A0000E4624300D6804460B22202101F0D8FE5D
:1057B0000020014608272A5C401C202A12D92F2AE3
:1057C0000BD05C2A09D02E2A01D0B94214D30B2F5A
:1057D00022D02E2A20D10CE0401C2B5C2F2BFBD09A
:1057E0005C2BF9D028443060B1B12078E5281FD077
:1057F00020E008210B27DEE7802A03D3114B1A444F
:1058000012F8802C10A300E05B1C93F800C0BCF1E0
:10581000000F04D09445F7D10620BDE8F081A2F135
:105820006103192B01D8203AD2B26254491CC2E755
:1058300005202070202A01D8042000E00020E0721A
:105840000020EAE788880008222A2B2C3A3B3C3DBE
:105850003E3F5B5D7C7F0000401E022812D20A4959
:1058600001EB00118889B0F5807F05D008B1401E9A
:1058700080B2888110B103E00020FAE700200860C0
:105880000020704702207047E80A002001490860A4
:10589000704700006C0200204FF47A71484300F01A
:1058A00001B8000070B54FF0E02400226569094995
:1058B000A36909684843A1699942FCD002D2A3EBCD
:1058C000010302E0A5EB010633441A440B46824271
:1058D000F1D370BD6C0200202DE9F0410446002197
:1058E000056800F0D8F8002826D12846E16901F0C3
:1058F0003EFE02001FD1206A017899B1C17A01F001
:105900003F01A171C17A09070FD404F124010B26CC
:1059100010F8013B11F8017BDB1B761E04D0002B35
:10592000F6D002E0042206E02BB10021204600F070
:1059300005F80200D9D01046BDE8F0812DE9F04706
:10594000054647690468C0698946203710B1B7F534
:10595000001F02D30420BDE8F087F90560D1401C88
:10596000E861A9694FF0000829B16089401E10EA7A
:10597000572F05D054E02089B0EB571F1DD94FE0B9
:10598000284600F081FD064601281BD9701C33D043
:105990006069B0423ED8B9F1000F0ED02846A9691F
:1059A000FFF7AAFE06000BD0012E0BD0701C23D0EF
:1059B000204601F033FFF8B906E0C5F81C80C9E7BE
:1059C0000720C8E70220C6E74FF40072002104F167
:1059D000300001F0C5FD4FF0000831462046FFF7CA
:1059E000E3FC4FF00109E0620DE000BF84F8039092
:1059F000204601F013FF08B10120ACE7E06A08F18E
:105A00000108401CE06261894145EFD8E16AA1EBE1
:105A10000800E06231462046AE61FFF7C5FCE86150
:105A2000C7F30800204430306F612862002092E7FD
:105A300070B504460021066800F02DF80DE03046F0
:105A4000E16901F094FD50B9206A0078E52809D099
:105A500040B101212046FFF771FF0028EFD0042854
:105A600007D007E03046E16901F081FD050003D071
:105A70000FE0072005460CE020220021206A01F0FB
:105A80006FFD0B2204F12401206A01F05FFD01206B
:105A9000F070284670BD2DE9F04107680E460546B6
:105AA000B1F5001F36D2F00634D16E61AC6824B96E
:105AB0003878032805D37C6A1CB178894FEA4028DE
:105AC00012E03889B0EB561F24D9786A12E02846D4
:105AD00000F0DAFC0446401C1AD0022C1AD3786974
:105AE000A04217D9A6EB080646452146EFD2384614
:105AF000FFF75AFCC5E9064060B100EB5620E861AB
:105B0000C6F308003844303028620020BDE8F08138
:105B10000120FBE70220F9E770B5094C054600209B
:105B2000615D00290AD104EB850160194968007A9A
:105B300009688847002801D10121615570BD000026
:105B4000080B002030B4054C231804EB80001B7AAE
:105B5000406804691846A44630BC6047080B002022
:105B600030B4054D2C1805EB8000247A4068856818
:105B70002046AC4630BC6047080B0020044A111890
:105B800002EB8000097A406842680846104700002E
:105B9000080B002030B4054D2C1805EB8000247A4A
:105BA0004068C5682046AC4630BC6047080B002002
:105BB00038B5044600F0EBF900280CD169462046C0
:105BC00002F030FE002806D12069FFF745FE0028CC
:105BD00001D10021216038BD2DE9F74181B0904607
:105BE00002980090684600F0B0FC040003D50B203A
:105BF00004B0BDE8F0810D4E002756F824501DB1C9
:105C00002846FFF7AFFB2F700198002800D00770DF
:105C100046F8240002D0B8F1010F01D00020E7E7D8
:105C2000002201A902A800F0C1FAE1E790000020DB
:105C30002DE9F74392B005000BD002F03F06324643
:105C4000694613A800F0B2FA04004FF0000804D02F
:105C5000ECE0092015B0BDE8F0830098049004A89A
:105C6000139900F0CDFB04000ED19DF83F00000613
:105C700001D5062408E0700801D0012100E00021D0
:105C800004A8FFF741FB044616F01C0F5DD04FF04F
:105C90000109C4B1042C10D10020674902E0401C66
:105CA000022804D201EB00121268002AF7D1022860
:105CB00007D004A8FFF7BCFE044646F008065CB116
:105CC000B4E01224B2E09DF8160010F0110F47D195
:105CD000700701D50824A9E0300747D500F033FC50
:105CE00007460C9839460E3001F048FD0C983946AD
:105CF000163001F043FD0C982021C1720C990098D8
:105D000001F036FB074600220C99009801F022FDB5
:105D10000C9800211C3001F031FD009981F80390AE
:105D200017B3D1F82C900022394604A801F0D8FC12
:105D300004007BD14946009801F019FC040000984A
:105D4000A7F10107C7600DD070E0ECBB9DF816000D
:105D5000C10601D5042469E0B10703D5C00701D00D
:105D6000072463E0300701D546F040060098C06A7A
:105D700068620C98A862700801D0012100E000213F
:105D800004A800F093FE2861B8B30C99009801F0C4
:105D9000EFFAA8600C981C3001F0FDFAC5F82C80D1
:105DA000E86000992960009905F130004FF4007215
:105DB000C988A9802E7585F81580C5F82080002136
:105DC0008146C5F8188000E030E001F0C9FBB0065C
:105DD0002ED5EE6866B3AE610098A9684089470287
:105DE0000FE0284600F050FB0146012800D80224AD
:105DF000481C03D0F61B24B105E01BE00124F61B70
:105E000001E0BE42EDD8E96184B9F00510D00098F8
:105E1000FFF7CAFA70B100EB56222A6200980123FC
:105E200049464078FFF79CFE10B10124C5F8008078
:105E300020460FE70224F9E7E80A00202DE9FE4F8B
:105E400088460021196099461546044602A902F0C9
:105E5000E9FC002812D1607D00280FD1207DC00709
:105E60000BD0E168A0690127081A4FF0020A04F17B
:105E7000300B854200D9054684E00720BDE8FE8F3F
:105E8000A169C80566D102984089401E10EA5126D2
:105E900011D129B1E06A28B12046FFF773FA05E075
:105EA000A06803E02046E16900F0EEFA02281BD367
:105EB000411C4AD0E061E1690298FFF775FA98B198
:105EC00030440190680A009025D002993218488920
:105ED000824201D9801B0090DDE9003248784146BA
:105EE000FFF73EFE88BB03E084F815A00220C5E75B
:105EF000207D00060CD5216A0198081A0099884275
:105F000006D208EB40204FF40072594601F01EFB08
:105F1000009846022CE0226A0198824218D0207D27
:105F200000060AD50298012359464078FFF732FE51
:105F300058B9207D00F07F00207502980123594652
:105F40004078019AFFF70CFE10B16775012095E7C4
:105F500001982062208BC0F30800C0F50076AE42A5
:105F600000D92E46011932464046303101F0EEFA92
:105F7000A069B0443044A061D9F800008119AD1B7C
:105F8000C9F80010002D7FF47BAF002076E7F8B54C
:105F90000446694602F046FC00280ED1217D4A06DF
:105FA0000BD508060ED50098226A0123407804F12B
:105FB0003001FFF7EFFD08B10120F8BD207D00F0B2
:105FC0007F00207500F0BFFA0646616A009801F074
:105FD000CEFA0028F1D1A56A2946E87A40F02000DF
:105FE000E872A268206801F0B5FB05F11C00E168C9
:105FF00001F0C4FB314605F1160001F0BFFB0021A2
:1060000005F1120001F0C2FB00980121C17001F0FE
:10601000C1FB217D01F0BF012175F8BD2DE9FE4FC7
:1060200004460020884618609946154602A9204675
:1060300002F0F8FB002806D1607D002803D1207D06
:10604000800702D40720BDE8FE8FA069012742190E
:106050004FF0020A04F1300B824200D2C5439BE0AC
:10606000A169C80575D102984089401E10EA5126E1
:1060700018D129B1E06A38B12046FFF783F907E06B
:10608000A06838B9002100E0E1692046FFF734FB41
:1060900000287DD001282DD0411C54D0E061A1689A
:1060A00001B9A060207D00060BD50298226A012369
:1060B00040785946FFF76EFDA0BB207D00F07F00C1
:1060C0002075E1690298FFF76FF998B130440190AB
:1060D000680A009027D03218029841898A4201D973
:1060E000891B0091DDE9003240784146FFF752FDFF
:1060F000C0B903E084F815A00220A4E7216A019842
:10610000081A009988420AD208EB40214FF4007225
:10611000584601F01BFA207D00F07F0020750098A2
:10612000460228E00FE0216A019881420FD0E16821
:10613000A06988420BD20298012359464078019AFF
:10614000FFF70EFD18B1677501207CE701E00198AB
:106150002062208BC0F30800C0F50076AE4200D963
:106160002E46204432464146303001F0EFF9207D82
:1061700040F080002075A069B0443044A061E1681F
:10618000884200D80846E060D9F80000811900E094
:1061900005E0AD1BC9F80010002D7FF461AF207D34
:1061A00040F04000207500204DE700002DE9FF4140
:1061B000002790460E460F6000F0C7F9050003D592
:1061C0000B2004B0BDE8F0818A4850F825409CB10E
:1061D0003460207808F0FE0620B16078FFF7CEFC2E
:1061E000C1070BD02770E8B2B8466070FFF794FC87
:1061F000C10708D00320E4E70C20E2E70EB1400716
:1062000004D40020DDE71EB1400701D50A20D8E7FD
:10621000002631462046FFF73FF8022822D100250C
:106220004FEA0D0704EB051090F8F21100F5F77036
:1062300019B1083001F0AFF800E0002047F8250060
:106240006D1C042DEED3002557F8256036B131467C
:106250002046FFF721F8022801D203E003206D1C3D
:10626000042DF1D3042809D002286DD204F13B009B
:1062700001F09CF8B0F5007F66D101E00120A0E7B5
:1062800004F1460001F092F818B904F1540001F04D
:1062900082F8A06194F84050A570012D01D0022D24
:1062A00052D1454394F83D006081E8B3411E084255
:1062B0004AD104F1410001F079F82081000743D16F
:1062C00004F1430001F072F8070004D104F150001A
:1062D00001F061F8074604F13E0001F067F80100A3
:1062E00032D02389481900EB131297422CD3B81AE5
:1062F0006789B0FBF7F0B8B103274FF6F57C60452E
:1063000000D8022740F6F57C604500D80127801CA4
:106310003244A26231446061C4E90761032F15D0A1
:1063200013B12944616200E00EE0022F1FD000F09B
:10633000010100EB400001EB500000BFA16900F239
:10634000FF10B1EB502F14D20D203AE704F15A00A0
:1063500001F02CF80028F7D120890028F4D104F1AD
:106360005C0001F018F8606260698000E6E74000B8
:10637000E4E74FF0FF302061E06080202071032FC0
:106380002CD104F1600001F011F8012826D1711C14
:10639000204601F0ECF808BB84F8048004F22E20BB
:1063A00001F004F8A0F52A41553917D104F1300065
:1063B00000F0F1FF1049884210D104F5057000F09B
:1063C000EAFF0E49884209D104F5067000F0E3FFA8
:1063D000206104F5077000F0DEFFE06005492770DA
:1063E000091F0888401C0880E0802046FEF7BAFF9D
:1063F00007E7000090000020525261417272416133
:1064000073B504460568019801E0401C01900178CD
:106410002F29FAD05C29F8D00021A16001980078DA
:10642000202806D2802084F82F002046FFF733FB77
:106430007CBD01A92046FFF7B1F90028F8D120461C
:10644000FFF74AFA94F82F1028B10428F0D1490731
:10645000EED405207CBD4907FCD4A079C006F8D550
:10646000A08AC0F3080041192846303100F080FFAF
:10647000A060DEE703490A685206FCD5C2B24A6052
:1064800070470000001001402DE9F04104680D46FE
:1064900002290BD36069A84208D920784FF0FF3653
:1064A000012807D002282BD0032839D001263046F6
:1064B000BDE8F081206A05EB550700EB5721204627
:1064C00001F055F80028F2D1C7F3080020447F1CE2
:1064D00090F83080206A00EB5721204601F047F801
:1064E0000028E4D1C7F30800204490F8301048EAAF
:1064F0000120E90701D00609D9E7C0F30B06D6E76A
:10650000206A00EB1521204601F031F80028CED199
:10651000E8B204EB4000303000F048FF0646C6E722
:10652000206A00EBD511204601F021F80028BED1E9
:1065300040F2FF1000EA85002044303000F02BFFCD
:1065400020F07046B3E70020704710B504464FF0C6
:10655000FF302268002A13D0114600E0491C0B7856
:10656000212B0ED33A2BF9D112F8013B303B0A2BE9
:1065700006D28A4204D1002B02D1491C1846216060
:1065800010BD002010BD000010B55C4A132000BFF4
:1065900002EB8001401E11ED010A000481ED000AAA
:1065A000000CF5D15649A1F1080091ED000A82EDE9
:1065B000000A0288001F402A72D017DC082A5CD02B
:1065C00007DC072A36D2DFE802F035384C3B52357B
:1065D0004F00182A54D004DC0C2A4BD0102A29D1A1
:1065E00051E0202A55D0302A24D14FE0B2F5007F67
:1065F00068D00EDCC02A56D004DC602A4CD0802A39
:1066000018D153E0B2F5807F56D0B2F5C07F11D1DA
:106610004FE0B2F5C06F58D006DCB2F5407F4ED0E7
:10662000B2F5806F06D153E0B2F5006F56D0B2F5E7
:10663000406F50D08168491C08E0BAEE060A01E0BC
:10664000BAEE040A81ED000A816849088160602A77
:1066500051D046DC202A4ED0302A4CD0402A49D195
:1066600049E0BAEE020AEDE7BAEE000AEAE7B9EE4F
:106670000C0AE7E7B9EE080AE4E7B9EE040AE1E735
:10668000B9EE000ADEE7B8EE080ADBE7B8EE000A6A
:10669000D8E7BFEE000AD5E79FED1A0AD2E7FFE779
:1066A000B7EE000ACEE7B0EE000ACBE7B0EE080A7C
:1066B000C8E7B1EE000AC5E7B1EE040AC2E7B1EEE1
:1066C000080ABFE7B1EE0C0ABCE7B2EE000AB9E770
:1066D000B2EE020AB6E7B2EE040AB3E7B2EE060A79
:1066E000B0E7C02A07D0F02A04D141880A2901D393
:1066F0000021418010BD4188491CFAE76C0C002044
:10670000AC020020000000005949132001EB800278
:10671000401E92ED130A000482ED140A000CF5D11C
:10672000544890ED010A81ED140AA0F10801BFEE72
:10673000000A0988DFED500AB7EE001A602961D01F
:1067400026DCB9EE0C2AF9EE041A0E2940D00CDC36
:10675000BAEE020A0D2955D2DFE801F05457865AE5
:106760007B545D86755454546000B8EE082A202985
:106770007AD006DC10296CD0182952D01C2941D1BE
:1067800061E0302950D0382963D040293AD14EE019
:10679000F1EE041AB1EE0C2AB1F5407F56D018DCA8
:1067A000F0EE082AB1F5807F4DD008DC70295BD06F
:1067B000802942D0C0293DD0E02923D137E0B1F56E
:1067C000C07F3DD0B1F5E07F37D0B1F5007F19D162
:1067D0003FE0B2EE020AB1F5E06F3AD009DCB1F564
:1067E000607F30D0B1F5806F3ED0B1F5C06F09D178
:1067F00032E0B1F5006F35D0B1F5406F2FD0B1F573
:10680000606F31D0C0ED010A7047BAEE060A2BE086
:10681000BAEE040A28E0BAEE000A25E0B9EE080A4A
:1068200022E0B9EE000A1FE0B8EE000A1CE080ED9D
:10683000011A7047B0EE000A16E0C0ED012A704759
:10684000B1EE000A10E0C0ED011A7047B1EE080A7F
:106850000AE080ED012A7047B2EE000A04E0B2EED1
:10686000040A01E0B2EE060A80ED010A704700005A
:106870006C0C0020AC02002000000000402000F062
:106880002FB8000010B5402000F08EFE03490880AC
:10689000FFF77AFEBDE81040FFF736BFA4020020E4
:1068A00010B50E4C002280212046FAF700FB00F0C4
:1068B00025F8012240212046FAF7F9FA00F01EF8E7
:1068C000002240212046FAF7F2FA00F017F820469D
:1068D0000122BDE810408021FAF7E9BA000C02401D
:1068E00010B5044600F086F8204600F055F800F098
:1068F000B9F8044600F09EF8204610BD0020401C68
:10690000C0B21428FBD3704710B50C4C0122802173
:106910002046FAF7CCFAFFF7F1FF0122402120468A
:10692000FAF7C5FAFFF7EAFF002240212046FAF7FE
:10693000BEFABDE81040FFF7E1BF0000000C0240C6
:106940002DE9F0410024134E074625466006040E4B
:10695000012240213046FAF7AAFAFFF7CFFF802143
:106960003046FAF797FA08B1641CE4B200224021DD
:106970003046FAF79CFAFFF7C1FF6D1CEDB2082D07
:10698000E4D317B1FFF78CFF01E0FFF7BDFF20460E
:10699000BDE8F081000C024070B5154E054600249C
:1069A000280601D5012200E0002280213046FAF7B6
:1069B0007EFAFFF7A3FF012240213046FAF777FA6B
:1069C000FFF79CFF002240213046FAF770FA072CAF
:1069D00004D1012280213046FAF769FA6806050ED3
:1069E000FFF78CFF641CE4B2082CD9D370BD000003
:1069F000000C024010B50E4C012280212046FAF70F
:106A000056FA012240212046FAF751FAFFF776FFA5
:106A1000002280212046FAF74AFAFFF76FFF002292
:106A200040212046FAF743FABDE81040FFF766BF61
:106A3000000C024010B50A4C002280212046FAF7D3
:106A400036FA012240212046FAF731FAFFF756FFC5
:106A500020460122BDE810408021FAF728BA000044
:106A6000000C024070B5104D012280212846FAF733
:106A70001EFAFFF743FF012240212846FAF717FAD2
:106A8000FFF73CFF80212846FAF704FA08B10124F9
:106A900000E00024002240212846FAF708FAFFF718
:106AA0002DFF204670BD0000000C0240F0B50246EC
:106AB0001D4BD2F80050002003EB00142668AE42B4
:106AC00007D166689768BE4203D1A4685669B4428C
:106AD00002D0401C0228EFD3022814D1002002E08B
:106AE000401C022804D203EB00142468002CF7D1C8
:106AF00002280ED003EB001425609568656052698A
:106B0000A2600022A281002903EB0011898902D032
:106B100019B10020F0BD491C01E04FF4807103EB76
:106B20000012401C9181F0BDE80A00201CB54268AB
:106B300013895B1E9BB2CDE90031D1880022491E2A
:106B40008BB2114600F00FFA1CBD00002DE9F04F8A
:106B500004468DB000681122012100F0F1FB0520F0
:106B600000F0F2F960684D4A4179007902EB80004B
:106B700036220B5C0221206800F0E2FB05233A225A
:106B80000221206800F0DCFB4FF00C0B33200022C8
:106B9000CDF800B0CDE9012003905B46B22206217A
:106BA000206800F0CDFB3523B7220221206800F0D9
:106BB000C7FB1923BB220221206800F0C1FB2C2354
:106BC000C0220221206800F0BBFB0123C222022167
:106BD000206800F0B5FB1223C3220221206800F0D8
:106BE000AFFB2023C4220221206800F0A9FB0F2361
:106BF000C6220221206800F0A3FBA1200090A4235C
:106C0000D0220321206800F09BFB18224C23CDE901
:106C1000073209AA23261F250B210D2082E86300D5
:106C20004FF0110954274FF03F0ACDF80890CDE9F5
:106C300005A70427CDE900702B234FF01308CDE9F9
:106C40000383D023E0220F21206800F079FB51223A
:106C500044230C96CDE906322F212020CDF814A034
:106C6000CDE90815CDE90A502C23CDF80890CDE9DF
:106C70000383CDE9007BD023E1220F21206800F0BF
:106C80005FFB21220121206800F05AFB20680DB033
:106C90002922BDE8F04F012100F052BBD4000020B2
:106CA0002DE9F04304468DB000681122012100F067
:106CB00047FB052000F048F96068514A41790079A6
:106CC00002EB800036220B5C0221206800F038FBCA
:106CD00005233A220221206800F032FB0C210091AA
:106CE00033254FF00009CDE9019503950B46B222FB
:106CF0000621206800F024FB3523B72202212068FA
:106D000000F01EFB3523BB220221206800F018FB97
:106D10002C23C0220221206800F012FB0123C22292
:106D20000221206800F00CFB1323C32202212068FB
:106D300000F006FB2023C4220221206800F000FBA3
:106D40000F23C6220221206800F0FAFAA120009049
:106D5000A423D0220321206800F0F2FAA123D62236
:106D60000221206800F0ECFA122009900A903021EC
:106D70002826CDE90B6138214FF03E080695CDE974
:106D80000781042003AA292705210190CDF800904E
:106D9000029082E88300F023E0220F21206800F0B7
:106DA000CFFA142009900A903221CDE90B713621D7
:106DB000CDE907810D22029207200B21CDE90310B6
:106DC0000A23CDE90003CDE90565F023E1220F2177
:106DD000206800F0B5FA21220121206800F0B0FA05
:106DE00011220121206800F0ABFA782000F0ACF805
:106DF00020680DB02922BDE8F043012100F0A0BABF
:106E0000D40000202DE9F04F04468DB00068112217
:106E1000012100F095FA052000F096F86068494AD3
:106E20004179007902EB800036220B5C0221206858
:106E300000F086FA05233A220221206800F080FA49
:106E40000C21009133250020CDE9010503950B4667
:106E5000B2220621206800F073FA3523B7220221FE
:106E6000206800F06DFA3223BB220221206800F076
:106E700067FA0123C2220221206800F061FA15237B
:106E8000C3220221206800F05BFA2023C4220221E1
:106E9000206800F055FA0F23C6220221206800F076
:106EA0004FFAA1200090A423D0220321206800F0F3
:106EB00047FA31264FF01508CDE90A864FF034091C
:106EC00007AA4FF0140B17214820CDF830900695F3
:106ED00082E8030809270E20CDE901074FF0080AD0
:106EE0000521CDF800A0CDE904160397D023E022B8
:106EF0000F21206800F024FACDE90A8607AA17219D
:106F00004820CDF83090069582E803080E21CDE99F
:106F10000117CDF800A0CDE904860397D023E12224
:106F20000F21206800F00CFA21220121206800F0D6
:106F300007FA20680DB02922BDE8F04F012100F0CA
:106F4000FFB90000D4000020F9F7A9BE38B51D46EE
:106F500004460B46009200F0DDF829462068BDE8A3
:106F6000384000F0D0B92DE9FF4F894681B0A3EB3E
:106F700009028046521CDDE90E1096B2039A8A1A65
:106F8000521C97B2020242EA10201FFA80FBD8F886
:106F9000200008B100201DE0002511E00398002426
:106FA00000EB050A09E009EB040081B21FFA8AF23E
:106FB0005B464046FFF7CAFF641CB442F3DB6D1C1E
:106FC000BD42EBDB05B0BDE8F08FD8F8204024F8D7
:106FD00010B0401CB042F8DB009149464046039A8D
:106FE00000F098F80024750007E02A46D8F8201031
:106FF000D8F8000000F06EF9641CBC42F5DBE1E754
:1070000010B50446104850F821106160C2B1012A41
:1070100016D0CB880889CB8061680023088160681E
:107020000121427140F2FF72204600F0C5F820466F
:1070300000F00CF82046BDE810400021FFF776BDB7
:107040000B89C888E7E70000C400002010B504469B
:107050000068002100F041F86420FFF775FF01216E
:10706000206800F03AF86420FFF76EFF01212068E5
:1070700000F01DF86420FFF767FF606800790028C2
:1070800014D0012808D002280BD003280ED12046A6
:10709000BDE81040FFF7B6BE2046BDE81040FFF740
:1070A00055BD2046BDE81040FFF7FABD10BD0C30BD
:1070B000AFF3008000280CD00368002B09D0827940
:1070C0008A4201D0012200E0002281881846F9F7A7
:1070D000EEBE70471C30FFF7EDBF001DFFF7EABFA3
:1070E0000FB470B5A0B00D46064614468021684620
:1070F000F9F7B2F828AB80216846279AFDF708FB1C
:107100006B4622462946304600F0A3F820B070BCFA
:107110005DF814FB2DE9F04790460F4604461E46E5
:10712000DDF8209000682A22012100F009F960684A
:10713000204D0179407905EB011111F82000384408
:1071400081B2206800F0DFF860680179407905EBD2
:10715000011101EB80004078304481B2206800F0DA
:10716000D2F82B220121206800F0EAF8606801794A
:10717000407905EB011101EB8000817801EB0800FB
:1071800081B2206800F0BFF860680179407905EBB2
:10719000011101EB8000C17801EB090081B2206888
:1071A00000F0B1F82068BDE8F0472C22012100F082
:1071B000C7B80000E400002070B5054C00F1080CD1
:1071C00004EB011672CE8CE87200C281038270BD9E
:1071D000248900082DE9F843203B1FFA83F943680E
:1071E00004460089DE880025361A8E422FDB1E8970
:1071F0006389F61A96422ADB561E33449BB20093EB
:107200004B1E184483B22046FFF784FF00261BE084
:1072100062694FF0000809FB0020375CF80701D0D5
:10722000E18900E0218A206800F06DF86D1C20895A
:107230007F08EDB2A84201D1002504E008F1010861
:10724000B8F1080FEADB761CA089B042E0DCBDE8AB
:10725000F8832DE9F0411E4617460C46054612E01C
:1072600068682989C088401AA04203DA6889002426
:10727000384487B23A4621462846761CFFF7AAFFD3
:107280002889204484B23378002BE9D1BDE8F0810D
:107290002DE9F0414FF480371446884606467D1E9E
:1072A0000AE0BC420ED3A4F57F442A462B46414651
:1072B0003046FF3CFAF758FE002E01D0002CF0D1EA
:1072C000BDE8F081A2B22B4641463046BDE8F04110
:1072D000FAF74ABE70B50E46154604460121FFF77F
:1072E000F9FE2A4631462068BDE87040FFF7D0BF5E
:1072F00013B504460121FFF7EDFE012201A9206824
:10730000FFF7C6FF1CBD13B504460121FFF7E2FEDF
:10731000BDF804000222010241EA1020ADF8040089
:1073200001A92068FFF7B4FF1CBD13B50446002176
:10733000FFF7D0FE012201A92068FFF7A9FF1CBDBD
:107340000FB470B50646069807ACC1B23046FFF7D9
:10735000ECFF012506E000BF14F8041B3046FFF7E0
:10736000C7FF6D1C05988542F6DB70BC5DF814FB09
:1073700070B506460D4601F11A0000F017F80446F4
:107380003078032805D105F1140000F00FF844EA25
:107390000044204670BDC178827842EA01214278DB
:1073A000007842EA012140EA0120704741780078E4
:1073B00040EA012070470000012211460148F9F718
:1073C00076BD000000080240002201210148F9F7C3
:1073D0006EBD00000008024001210148F9F75FBDC1
:1073E00000080240012202210148F9F760BD0000B7
:1073F00000080240002202210148F9F758BD0000B0
:1074000000080240012204210148F9F750BD0000A4
:1074100000080240002204210148F9F748BD00009D
:1074200000080240FFF7C8BFFFF7CEBFFFF7D4BF89
:10743000F9F750FDFCF7E6FDFBF706FDFBF7BAFD9B
:10744000FBF7F4FCFBF7C6FDFBF7EAFDFBF71EFEBE
:10745000FBF752FEFBF784FEFBF700FFFBF7E2FEB3
:10746000FBF7A2FEA820FEF711FA4FF4E13000F07E
:1074700009FA2248416854208847032211462048CF
:10748000FFF7BEFDFFF7FAF9F9F7C8FAF9F7CCFAFA
:107490001B4800210838B3EE000A416080ED000A65
:1074A00018A30A220830FFF71BFE19A31E22002191
:1074B0001348FFF715FE1BA3322200211048FFF7E7
:1074C0000FFE1EA3462200210D48FFF709FEFFF71D
:1074D000A9FFFDF7B9FE00234FF6E072032108482B
:1074E000FFF76AFEFBF7E2FEF9F700FA1648FAF733
:1074F000ADFE00BFFBF78CFCFCE70000780100202C
:10750000140000203E20582050756C736500000068
:107510003E2053544D3332206C63642064656D6F9C
:10752000000000003E204C434420322E3020696E83
:107530006368203332307832343000003E203230FD
:1075400032342F392F31000098070020002A05D04F
:1075500011F8013B00F8013B521EF9D170470000C1
:107560005FFA81F100F8011B521EFBD1704770B524
:107570000446C06A0D460026A8420FD0204600F0FF
:107580004DF906000AD1607801232A4604F1300142
:10759000FEF7E6FA08B1751E0126E562304670BDB9
:1075A000002800DA4042704770B50446FFF722FA1F
:1075B0002046FFF7F1F9FFF755FA0020FFF7ECF945
:1075C000FFF750FAFFF716FA44F00100FFF7E4F96D
:1075D000FFF748FA0120FFF7B3F904460020FFF750
:1075E000AFF90546FFF726FA44EA0520C0F30B0081
:1075F00070BD2DE9F047022617460D4604460229C4
:1076000069D36069A84266D920784FF00109012842
:1076100004D0022836D003285DD143E0216A05EB6F
:10762000550801EB58212046FFF7A1FF060052D173
:10763000C8F308002044303008F10108E90704D0FD
:107640000178FAB262F31F1100E03946017084F844
:107650000390216A204601EB5821FFF788FF0600BE
:1076600039D1C8F3080020443030E90702D0C7F30D
:10767000071105E00178C7F3032201F0F00111437F
:10768000017026E0206A00EB15212046FFF76FFF0E
:10769000060020D1E8B204EB4000B9B2303000F06F
:1076A00075F816E0206A00EBD5112046FFF75FFF62
:1076B000060010D140F2FF1000EA8500204430306F
:1076C0000546FFF768FE67F31B000146284600F0F9
:1076D00055F884F803903046BDE8F087006870479D
:1076E0002DE9F041056813460E46074602292DD3C1
:1076F0006869B0422AD93BB14FF0FF32194628469B
:10770000FFF777FF00281FD131463846FEF7BCFE51
:10771000040018D0012C19D0601C19D00022314669
:107720002846FFF766FF00280ED1D5E90410821E17
:10773000914205D2491C2961297941F00101297141
:107740002646B042E0D80020BDE8F0810220FBE7E9
:107750000120F9E770B50C460646154691B204F1D2
:107760001A0000F013F83078032806D1290C04F130
:107770001400BDE8704000F009B870BD0170090A3E
:107780004170090A8170090AC17070470170090AC5
:107790004170704770B5044600F040F8050036D1DE
:1077A000207803282CD12079012829D1420204F124
:1077B000300000210646FFF7D3FE4AF6552104F2B9
:1077C0002E20FFF7E3FF13493046FFF7D7FF12499A
:1077D00004F50570FFF7D2FF04F506702169FFF785
:1077E000CDFF04F50770E168FFF7C8FFE2690123E8
:1077F000521CE26260783146FEF7CCF9002020711D
:10780000002260781146FEF79DF900B10125284657
:1078100070BD000052526141727241612DE9F04128
:107820000446C0780027F8B1E56A04F130016078B9
:1078300001232A468846FEF7ADF908B1012713E077
:107840000020E070206AA169281A88420CD2A6782C
:1078500008E0A0690123054460782A464146FEF706
:1078600099F9761E022EF4D23846BDE8F081000068
:107870000348017811B10021017070470121FBE735
:10788000000000200B4910B5094AC1E90020002082
:107890008860C860086188610C2048610846FBF771
:1078A00087F9BDE81040012203490248FBF716BAE8
:1078B00000100140240C00207002002070B596B02A
:1078C000054614AB01AA03A900F0DEF9002824D173
:1078D0008DF84C001D4C042615E000BF216806EB16
:1078E000C00014AB08586A460BA900F0CDF9002877
:1078F00013D103A90BA800F0E2FB80B19DF84C0066
:10790000401C8DF84C00217DC0B28142E6D8207D1C
:107910009DF84C1088420ED1042016B070BD9DF821
:1079200000009DF80410884201D90220F5E79DF877
:107930004C00A075EBE713A9284600F05DFA00287B
:10794000EBD19DF84C0060750020E6E7780100203F
:107950002DE9F0417F4C9AB0A57D207DA8427DD9CC
:107960000421206801EBC50119AB405810AA11A9E8
:1079700000F08AF911A978A0FCF7BAFE00270DF1F2
:10798000180833E0208B0121B940084217D022218A
:1079900073A0FCF7ADFE384600F0A8FA011971A0FB
:1079A0002431FCF7A5FE22216DA0FCF7A1FE38468C
:1079B00000F09CFA2044243048F827000CE03846B8
:1079C00000F094FA2044416A48F82710E07D08B39B
:1079D00065A000BFFCF78CFE9DF84000401E87426A
:1079E00002D063A0FCF784FE7F1CFFB29DF840002C
:1079F0008742C7D35FA0FCF77BFE00F0FFFE607DEF
:107A00000B2814D2DFE800F0080D31384048525EF0
:107A10006B78880058A0DDE7206850F83500804773
:107A200004E0206850F8351006988847064600F0B4
:107A3000A5FE9DF8640001287DD050A0FCF758FEFB
:107A400094F8EC0000280DD0D4F8F0100A20B1FB17
:107A5000F0F200FB1212B1FBF0F100E002E048A0EE
:107A6000FCF746FE1AB0BDE8F081206850F83520DA
:107A7000DDE906019047D9E7206806AE50F83530B9
:107A800096E807009847D1E7206806AE50F83550D1
:107A900096E80F00A847C9E70A980090206806AE4C
:107AA00050F8355096E80F00A847BFE7DDE90A0116
:107AB000CDE90001206806AE50F8355096E80F0079
:107AC000A847B3E70AAB06AE93E807008DE80700C6
:107AD000206850F8355096E80F00A847A6E70AAE90
:107AE00096E80F008DE80F00206806AE50F835507C
:107AF00096E80F00A84799E70BAE96E80F0001AE95
:107B000086E80F000A980090206806AE50F83550BD
:107B100096E80F00A84789E70CAE96E80F0002AE82
:107B200086E80F00DDE90A01CDE90001206806AE14
:107B300050F8355000E003E096E80F00A84775E7DD
:107B4000E07D314618B116A0FCF7D2FD78E717A00A
:107B5000FAE70000780100200D0A257328000000D4
:107B600025630000257300003058255800000000F0
:107B70002C00000029000000256C64003B0D0A0069
:107B800046756E6374696F6E2052756E2054696D10
:107B9000653A25642E2531646D730D0A00000000DE
:107BA0003D305825583B0D0A000000003D256C75FE
:107BB0003B0D0A00F0B50446002007460646054680
:107BC00023782C2B03D0292B04D01BB103E015B94B
:107BD000012700E015B31EB1222B2BD0F7B92FE0FF
:107BE000A3F1300CBCF1090F19D92D2B17D02B2B79
:107BF00015D0A3F1610CBCF1050F10D9A3F1410C14
:107C0000BCF1050F0BD9582B09D0782B07D0222BAC
:107C10000CD0202B1DD02C2B1BD0FF260CE05FB9E5
:107C2000612B00D3203B01F8013B12E027B901266C
:107C300035460EE0002567B100230B701670F0BDCD
:107C40003DB15C2B02D1401CC0B2641C237801F80A
:107C5000013B401CC0B2641CB2E730B50025157072
:107C60000AE001F8014B1478401C641CE4B2147063
:107C70009C4201D3012030BD0478202C01D0002C7F
:107C8000EFD10D70002030BD2DE9FF4F002582B0EF
:107C9000984604462F462E464FF0010BAA462A4628
:107CA000A94615E0202910D002F07F03052B0CD245
:107CB00002B9802202F07F03042B01D12A290AD1C4
:107CC000521C0DF80310D2B201E0852A04D0401CEA
:107CD00001780029E6D162B102F07F0244A10DF8DB
:107CE0000290684600F0EBF938B1012188F80010E5
:107CF00000224FF00008234614E088F80090F7E7D0
:107D000008F1010000F0FF0813F8010F202801D04E
:107D10002A2807D1184600F05FF9282802D02A281F
:107D200000D047461878282801D00028E8D10FB1A4
:107D30003C44641C00273946207888B1282804D0A8
:107D4000292806D022280FD010E079B96D1CEDB299
:107D50000CE059B925B16D1E15F0FF0501D00CE0FE
:107D60000127012E32D039E049B100214DB12C2834
:107D70000FD020281FD028281DD07AB117E001216C
:107D8000F4E7202820D0039B18700398401C039030
:107D90001AE0521C4FF0010BD2B20CE0BAF1050F01
:107DA00005D20DF80A000AF1010000F0FF0A0BF1FC
:107DB000010000F0FF0B012D06D1BBF1020F03D132
:107DC000761C4FF0030BF6B2641CB5E70DF80A9071
:107DD00007A1684600F073F900B900260498067000
:107DE000039880F8009006B03846BDE8F08F000098
:107DF000766F6964000000002DE9F0430024894695
:107E0000314DB5B0214622466B18491CC9B29A764D
:107E10000A29F9D303E000BF10F8011F91B10178DE
:107E20002829F9D1461C012733AA69463046FFF7B5
:107E3000C1FE06449DF8CC0040B1012824D0FF28A3
:107E400039D10BE0012035B0BDE8F0839DF800008A
:107E500080B334A9684600F0C7F808B10220F2E701
:107E6000204600F043F8284434994162288B07FAF1
:107E700004F188432883042029198876641CE4B21D
:107E80000A2C18D90320DEE7684600F02DF900F12E
:107E90000108204600F02AF841196846243100F014
:107EA0001AF9288B07FA04F108432919288381F865
:107EB0001A80E3E7FFE73078292801D00028B3D102
:107EC00089F800400020BEE7780100200549002025
:107ED0000A88130405D5044BD0B200221A54184660
:107EE0000A807047720200205C0B0020024610B529
:107EF00000200146054B05E05C18491CA47EC9B270
:107F00002044C0B29142F7D310BD00007801002098
:107F100000EBC00101EB00104FF0FF3101EB8000DE
:107F200010B581B24FF47A7000F040FC0149012095
:107F3000C87510BD780100200246012000E05043C2
:107F4000491EC9B2FBD2704770B5FFF7BFFF0500ED
:107F500022D0124EB1688847040013D0284600F0A2
:107F6000CDF8012801D0040016D0012C0ED0022C2F
:107F70000ED0032C0ED0042C0ED109A0BDE8704009
:107F8000FCF7B6BBF068BDE87040004709A0F5E714
:107F90000BA0F3E70DA0F1E770BD00007801002011
:107FA000CEB4D5D2B5BDC6A5C5E4B5C4BAAFCAFD79
:107FB000210D0A00BAAFCAFDB4EDCEF3210D0A00BF
:107FC000B2CECAFDB4EDCEF3210D0A00B2CECAFD89
:107FD000CCABB6E0210D0A0010F8011F202901D119
:107FE0000028F9D1C8B270472DE9F0430D460024AE
:107FF0004FF00A09264601462C600A78A2F13003A8
:10800000092B14D903782D2B01D02B2B00D174B15F
:10801000A2F14103052B0AD9582A05D012F0FF0F0F
:1080200017D00120BDE8F083012C02D0F9E7412AE6
:1080300001D34FF0100902782D2A04D02B2A04D046
:10804000641CE4B203E0022600E00126401C491C47
:10805000D3E70746B9F1100F01D084B112E0032C29
:1080600001D20220DEE73878302802D1787858280B
:1080700001D00320D6E7A41EE4B2BF1C01E0042017
:10808000D0E70CB1641EE4B23878A0F130010929C0
:1080900001D8884601E0A0F1370821464846FFF79D
:1080A0004BFF2A6808FB0020286017F8011F0029F1
:1080B000E7D1022E01D1404228600020B2E70278C9
:1080C0000B789A4201D00120704712B1401C491C24
:1080D000F5E70020704702780A700278002A02D083
:1080E000401C491CF7E77047002102781AB1491C6F
:1080F000C9B2401CF9E7084670470000F0B58DB0E2
:1081000004461E236A4602A9FFF7A7FD0190002836
:1081100072D19DF80000271800263E4C8DF80060B3
:108120009DF8000054F8201002A8FFF7C8FF38B1EE
:108130009DF80000401CC0B28DF800000728EFD366
:108140009DF800000425344C072855D2DFE800F0E4
:108150000404395A605F5E0030A0FCF7C9FA30A011
:10816000FCF7C6FA3EA0FCF7C3FA4DA0FCF7C0FA34
:108170005BA0FCF7BDFA6AA0FCF7BAFA78A0FCF79E
:10818000B7FA86A0FCF7B4FA8BA0FCF7B1FA93A07B
:10819000FCF7AEFA97A0FCF7ABFA9CA0FCF7A8FAA4
:1081A000A1A0FCF7A5FAA7A0FCF7A2FAB3A0FCF7E0
:1081B0009FFAC0A0FCF79CFACBA0FCF799FAD7A0D5
:1081C0001BE016A0FCF794FAE4A0FCF791FA8DF8F6
:1081D00000600BE0216805EBC0000958EFA0FCF738
:1081E00087FA9DF80000401C8DF80000217D9DF865
:1081F00000008142EED856E257E2FCF779FA0020FF
:108200000DB0F0BD05A0FCF773FACBE12CE20CE257
:10821000EBE1000024010020780100200D0A00009D
:108220002D2D2D2D2D2D2D2D2D2D2D2D2D2D2D2D7E
:108230002D2D2D2D2D2D2D2D55534D415254205684
:10824000332E352D2D2D2D2D2D2D2D2D2D2D2D2D4F
:108250002D2D2D2D2D2D2D2D2D2D2D200D0A0000F8
:108260002020202055534D415254CAC7D3C9414CF8
:1082700049454E54454BBFAAB7A2B5C4D2BBB8F6C8
:10828000C1E9C7C9B5C4B4AEBFDAB5F7CAD4BBA596
:10829000BDBBD7E9BCFE2CCDA8B9FD200D0A00005E
:1082A000CBFC2CC4E3BFC9D2D4CDA8B9FDB4AEBFBA
:1082B000DAD6FACAD6B5F7D3C3B3CCD0F2C0EFC37F
:1082C000E6B5C4C8CEBACEBAAFCAFD2CB2A2D6B4F7
:1082D000D0D02ED2F2B4CB2CC4E3BFC90D0A00001B
:1082E000D2D4CBE6D2E2B8FCB8C4BAAFCAFDB5C4AA
:1082F000CAE4C8EBB2CECAFD28D6A7B3D6CAFDD70A
:10830000D62831302F3136BDF8D6C62CD6A7B3D6F5
:10831000B8BACAFD29A1A2D7D6B7FBB4AE0D0A00E0
:10832000A1A2BAAFCAFDC8EBBFDAB5D8D6B7B5C8F7
:10833000D7F7CEAAB2CECAFD292CB5A5B8F6BAAFEA
:10834000CAFDD7EEB6E0D6A7B3D63130B8F6CAE448
:10835000C8EBB2CECAFD2CB2A2D6A7B3D60D0A0086
:10836000BAAFCAFDB7B5BBD8D6B5CFD4CABE2ED624
:10837000A7B3D6B2CECAFDCFD4CABEBDF8D6C6C941
:10838000E8D6C3B9A6C4DC2CD6A7B3D6BDF8D6C6EA
:10839000D7AABBBBB9A6C4DC2E0D0A00BCBCCAF56B
:1083A000D6A7B3D63A7777772E6F70656E65647609
:1083B0002E636F6D0D0A000055534D415254D3D0BA
:1083C00037B8F6CFB5CDB3C3FCC1EE28B1D8D0EBEA
:1083D000D0A1D0B4293A0D0A000000003F3A202075
:1083E00020202020BBF1C8A1B0EFD6FAD0C5CFA283
:1083F0000D0A000068656C703A202020BBF1C8A10E
:10840000B0EFD6FAD0C5CFA20D0A00006C69737424
:108410003A202020BFC9D3C3B5C4BAAFCAFDC1D06A
:10842000B1ED0D0A0A00000069643A2020202020E6
:10843000BFC9D3C3BAAFCAFDB5C44944C1D0B1EDB9
:108440000D0A0A006865783A20202020B2CECAFDC5
:108450003136BDF8D6C6CFD4CABE2CBAF3B8FABFEF
:10846000D5B8F12BCAFDD7D6BCB4D6B4D0D0BDF8A0
:10847000D6C6D7AABBBB0D0A0A0000006465633AE2
:1084800020202020B2CECAFD3130BDF8D6C6CFD4D0
:10849000CABE2CBAF3B8FABFD5B8F12BCAFDD7D6ED
:1084A000BCB4D6B4D0D0BDF8D6C6D7AABBBB0D0AD3
:1084B0000A00000072756E74696D653A312CBFAAAE
:1084C000C6F4BAAFCAFDD4CBD0D0BCC6CAB13B301B
:1084D0002CB9D8B1D5BAAFCAFDD4CBD0D0BCC6CA9E
:1084E000B13B0D0A0A000000C7EBB0B4D5D5B3CC40
:1084F000D0F2B1E0D0B4B8F1CABDCAE4C8EBBAAFAB
:10850000CAFDC3FBBCB0B2CECAFDB2A2D2D4BBD8A6
:10851000B3B5BCFCBDE1CAF82E0D0A002D2D2D2DE2
:108520002D2D2D2D2D2D2D2D2D2D2D2D2D2D2D2D7B
:108530002D2D2D2D2D2DD5FDB5E3D4ADD7D32D2D3E
:108540002D2D2D2D2D2D2D2D2D2D2D2D2D2D2D2D5B
:108550002D2D2D2D2D2D2D200D0A00002D2D2D2DF5
:108560002D2D2D2D2D2D2D2D2D2D2D2D2D2D2D2D3B
:108570002D2D2D2D2DBAAFCAFDC7E5B5A52D2D2D5D
:108580002D2D2D2D2D2D2D2D2D2D2D2D2D2D2D2D1B
:108590002D2D2D2D2D2D2D2D200D0A0025730D0A8D
:1085A0000000000042A0FCF7A3F88DF8006016E080
:1085B000216805EBC0000BAB08580AAA02A9FFF717
:1085C00063FB9DF80010206850F8312002A948A0F4
:1085D000FCF78EF89DF80000401C8DF80000217D0E
:1085E0009DF800008142E3D85DE0AFF2D030FCF7A7
:1085F0007FF86A4602A93846FFF7DCFA9DF80000CA
:10860000002843D101A902A8FFF7EEFC8DF8000075
:1086100010B104283AD102E03AA001991CE03CA034
:10862000FCF766F80120E0753DE038A0FCF760F843
:108630006A4602A93846FFF7BDFA9DF8000028BB3C
:1086400001A902A8FFF7D0FC8DF8000010B10428A2
:108650001CD104E033A00199FCF74AF823E034A0D0
:10866000FCF746F8E6751EE028A0FCF741F86A46DC
:1086700002A93846FFF79EFA9DF8000030B901A91B
:1086800002A8FFF7B1FC8DF8000008B10220B7E5A1
:10869000019810F0FF0084F8EC0001D029A000E060
:1086A0002FA0FCF725F819A0A7E50120A8E50000F8
:1086B0002D2D2D2D2D2D2D2D2D2D2D2D2D2D2D2DEA
:1086C0002D2D2D2D2D2D2D2D2DBAAFCAFD20494438
:1086D000202D2D2D2D2D2D2D2D2D2D2D2D2D2D2DD7
:1086E0002D2D2D2D2D2D2D2D2D2D2D2D200D0A0037
:1086F00025732069642069733A0D0A305825303893
:10870000580D0A004845583A305825580D0A0000BF
:108710003136BDF8D6C6B2CECAFDCFD4CABE210D01
:108720000A0000004445433A256C750D0A0000001C
:108730003130BDF8D6C6B2CECAFDCFD4CABE210DE7
:108740000A00000052756E2054696D652043616C0B
:1087500063756C6174696F6E204F4E0D0A000000E6
:1087600052756E2054696D652043616C63756C6150
:1087700074696F6E204F46460D0A00000948006874
:108780000169C943CA070849D1F8F02004D14FF65E
:10879000FF731A44C1F8F020406A1044C1F8F00099
:1087A00070470000140B00207801002038B5104AF3
:1087B0000023146844F00404146012680D4C02F0A5
:1087C000040200920C4AC2E902301361C2E900417E
:1087D0001046F9F7F0FC0848F9F738FD0322114676
:1087E0001E20F8F7D7FBBDE838401E20F8F7C4BBC1
:1087F0004038024000080040140B002007486FF08A
:108800000101026811610268090CD162C16000684F
:10881000002141620248C0F8F0107047140B00209C
:108820007801002070B50E4604004FF009050CD009
:10883000206850B1017841B1A188C288914204D129
:108840004078FDF79BF9C00703D000203060284630
:1088500070BD00252068F9E7016070478D3B000876
:10886000233C0008FD3B0008293C0008AD3B000804
:1088700000000000000000000102030406070809D0
:1088800000000000010203044355454141414143BA
:1088900045454549494941414592924F4F4F5555AC
:1088A000594F554F9C4F9E9F41494F55A5A5A6A78F
:1088B000A8A9AAABACADAEAFB0B1B2B3B44141411F
:1088C000B8B9BABBBCBDBEBFC0C1C2C3C4C54141BB
:1088D000C8C9CACBCCCDCECFD1D1454545494949F0
:1088E00049D9DADBDCDD49DF4FE14F4F4F4FE6E896
:1088F000E85555555959EEEFF0F1F2F3F4F5F6F766
:10890000F8F9FAFBFCFDFEFF010004001000400036
:108910000001000200000100020004000800100035
:108920002000000006000C000C0000000000000009
:108930006489000808001000100000000000010019
:10894000D88D00080C001800300000000000020064
:10895000C893000810002000400000000000030041
:1089600098A50008000000000000000000000000C2
:1089700000000404040404000004000014140A00AD
:10898000000000000000000000000A0A1F0A0A1F81
:108990000A0A000000040E1505060C14150E04004A
:1089A000000012150D152E2C2A1200000000040ADA
:1089B0000A36151529160000020201000000000009
:1089C0000000000010080804040404040808100053
:1089D0000204040808080808040402000000000457
:1089E000150E0E150400000000000008083E0808DF
:1089F0000000000000000000000000000202010072
:108A000000000000003F0000000000000000000027
:108A100000000000000200000020101008080404FC
:108A20000202010000000E1111111111110E0000BF
:108A30000000040604040404040E000000000E11EB
:108A400011080402011F000000000E11100C10108C
:108A5000110E00000000080C0C0A091F081C000081
:108A600000001F01010F1110110E000000000C1278
:108A7000010D1311110E000000001E10080804045F
:108A80000404000000000E11110E1111110E00005F
:108A900000000E1111191610090600000000000058
:108AA00004000000000400000000000000040000BA
:108AB0000004040000001008040202040810000072
:108AC000000000003F003F00000000000000020422
:108AD000081010080402000000000E111108040420
:108AE0000004000000001C22292D2D1D221C000066
:108AF000000004040C0A0A1E1233000000000F12CA
:108B0000120E1212120F000000001E1101010101CD
:108B1000110E000000000F1212121212120F0000AC
:108B200000001F120A0E0A02121F000000001F128E
:108B30000A0E0A020207000000001C12010139118E
:108B4000120C000000003312121E12121233000029
:108B500000001F0404040404041F000000003E0879
:108B60000808080808080907000037120A060A1250
:108B7000123700000000070202020202223F00003A
:108B800000003B1B1B1B15151535000000003B1298
:108B900016161A1A1217000000000E1111111111E9
:108BA000110E000000000F12120E02020207000058
:108BB00000000E1111111117190E180000000F12EC
:108BC000120E0A121237000000001E1101060810D2
:108BD000110F000000001F1504040404040E00001F
:108BE0000000331212121212120C00000000331295
:108BF000120A0A0C040400000000151515150E0ACF
:108C00000A0A000000001B0A0A04040A0A1B0000EA
:108C100000001B0A0A0A0404040E000000001F09D9
:108C200008040402121F00001C04040404040404C9
:108C300004041C00000202040404080808101000C8
:108C40000E0808080808080808080E00040A0000B2
:108C50000000000000000000000000000000000014
:108C60000000003F020400000000000000000000BF
:108C700000000000000C121C123C00000003020265
:108C8000020E1212120E000000000000001C120260
:108C9000120C000000181010101C1212123C0000E0
:108CA00000000000000C121E021C0000001824042A
:108CB000041E0404041E000000000000003C120C0E
:108CC000021C221C00030202020E121212370000C4
:108CD0000004040000060404040E0000000808005C
:108CE000000C08080808080700030202021A0A0616
:108CF0000A1300000007040404040404041F000015
:108D000000000000000F1515151500000000000000
:108D1000000F12121237000000000000000C1212A7
:108D2000120C000000000000000F1212120E0207C9
:108D300000000000001C1212121C1038000000007D
:108D4000001B06020207000000000000001E020CCB
:108D5000101E000000000004041E0404041C000097
:108D600000000000001B1212123C00000000000076
:108D7000001B0A0A04040000000000000015150E84
:108D80000A0A000000000000001B0A040A1B000081
:108D900000000000003312120C0804030000000061
:108DA000001E0804041E000018080808080C080823
:108DB000080818000808080808080808080808082B
:108DC0000604040404080404040406001609000050
:108DD0000000000000000000000000000000000093
:108DE000000000000000000000000008080808085B
:108DF000080800001818000000486C241200000049
:108E000000000000000000000000002424247F1265
:108E100012127F12121200000000081C2A2A0A0CEB
:108E20001828282A2A1C08080000002225151515D4
:108E30002A585454542200000000000C1212120A46
:108E400076252911916E000000060604030000003B
:108E5000000000000000000000402010100808087A
:108E60000808081010204000000204080810101024
:108E700010101008080402000000000008086B1C15
:108E80001C6B08080000000000000000080808082B
:108E90007F08080808000000000000000000000033
:108EA00000000000060604030000000000000000AF
:108EB000FE000000000000000000000000000000B4
:108EC0000000000006060000000080404020201046
:108ED0001008080404020200000000182442424264
:108EE0004242424224180000000000080E08080810
:108EF00008080808083E00000000003C42424220EA
:108F000020100804427E00000000003C424220186D
:108F100020404042221C0000000000203028242471
:108F200022227E20207800000000007E0202021A29
:108F300026404042221C0000000000382402021A91
:108F400026424242241800000000007E2222101017
:108F500008080808080800000000003C42424224BB
:108F600018244242423C00000000001824424242C1
:108F700064584040241C0000000000000000181845
:108F800000000000181800000000000000000008A9
:108F90000000000000080804000000402010080441
:108FA00002040810204000000000000000007F00C4
:108FB00000007F00000000000000000204081020F4
:108FC00040201008040200000000003C42424640DD
:108FD00020101000181800000000001C225A5555DF
:108FE00055552D42221C00000000000808181414DA
:108FF000243C224242E700000000001F2222221EE1
:1090000022424242221F00000000007C4242010135
:1090100001010142221C00000000001F22424242C6
:1090200042424242221F00000000003F4212121E34
:1090300012120242423F00000000003F4212121E84
:1090400012120202020700000000003C222201016D
:1090500001712122221C0000000000E7424242422E
:109060007E42424242E700000000003E0808080835
:1090700008080808083E00000000007C10101010CE
:10908000101010101010110F0000007722120A0E9D
:109090000A121222227700000000000702020202D8
:1090A00002020202427F00000000007736363636A8
:1090B0002A2A2A2A2A6B0000000000E346464A4A70
:1090C00052525262624700000000001C224141419E
:1090D00041414141221C00000000003F4242424207
:1090E0003E020202020700000000001C2241414132
:1090F00041414D53321C60000000003F4242423E5D
:109100001212222242C700000000007C42420204E8
:1091100018204042423E00000000007F4908080835
:1091200008080808081C0000000000E7424242420C
:1091300042424242423C0000000000E742422224F8
:1091400024141418080800000000006B494949491C
:109150005555362222220000000000E74224241840
:109160001818242442E7000000000077222214147B
:1091700008080808081C00000000007E21201010CC
:1091800008040442423F0000007808080808080864
:10919000080808080808780000000202040408080B
:1091A0000810102020204040001E10101010101039
:1091B0001010101010101E000038440000000000B5
:1091C000000000000000000000000000000000009F
:1091D00000000000000000FF000608000000000082
:1091E0000000000000000000000000000000003C43
:1091F0004278444242FC0000000000030202021ACE
:1092000026424242261A00000000000000000038FA
:1092100044020202443800000000006040404078F0
:109220004442424264D80000000000000000003CBC
:10923000427E0202423C0000000000F08808087EE6
:1092400008080808083E0000000000000000007C3C
:1092500022221C023C42423C000000030202023A6D
:109260004642424242E700000000000C0C00000EA3
:1092700008080808083E00000000003030000038F0
:10928000202020202020221E000000030202027263
:10929000120A1612227700000000000E08080808C3
:1092A00008080808083E0000000000000000007FD9
:1092B0009292929292B70000000000000000003BE2
:1092C0004642424242E70000000000000000003C2D
:1092D00042424242423C0000000000000000001BED
:1092E00026424242221E02070000000000000078D1
:1092F00044424242447840E0000000000000007711
:109300004C040404041F0000000000000000007C66
:1093100042023C40423E0000000000000008083EBF
:109320000808080808300000000000000000006382
:109330004242424262DC000000000000000000E700
:10934000422424140808000000000000000000EB84
:109350004949555522220000000000000000007617
:1093600024181818246E000000000000000000E718
:109370004224241418080807000000000000007EA2
:1093800022100808447E000000C020202020201069
:10939000202020202020C0001010101010101010CD
:1093A00010101010101010100006080808080810FF
:1093B00008080808080806000C32C2000000000077
:1093C000000000000000000000000000000000009D
:1093D000000000000000000000000000000000008D
:1093E000000000000000000000000000000000007D
:1093F000000000000000000000000000000000006D
:10940000600060006000600060006000600040007C
:10941000200020002000000000000000600060002C
:109420006000000000000000000000006006600610
:109430003003980188004400000000000000000094
:10944000000000000000000000000000000000001C
:10945000000000000000000000000000000000000C
:109460001002100210021002FE07FE070802080197
:10947000080108010801FE07FE07040104010401B8
:109480000401000000000000000000000000400097
:109490004000F00158034C03CC034C00580070000E
:1094A000E000C001C00140034C035C034C034801D1
:1094B000F00040004000000000000000000000003C
:1094C0000E010A01910091009100510051003A00F3
:1094D000AE03A00250045004480448044804840227
:1094E00084030000000000000000000000000000F5
:1094F00038006C006C006C006C006C002C0098074D
:109500001C011A01330133016301E300C308C609DA
:109510003C07000000000000000000000C001C00E0
:10952000100010000800040000000000000000000F
:10953000000000000000000000000000000000002B
:109540000000000000000000000000000004000215
:10955000000180008000400040002000200020002A
:1095600020002000200020004000400080008000FB
:1095700000010002000400000000000002000400DE
:1095800008001000100020002000400040004000B3
:10959000400040004000400020002000100010006B
:1095A00008000400020000000000000000000000AD
:1095B000000000004000C0004000460C4E0FD001EB
:1095C000F0015E0F460C400040004000000000002B
:1095D000000000000000000000000000000000008B
:1095E000000000000000400040004000400040003B
:1095F000FE0F40004000400040004000000000001E
:10960000000000000000000000000000000000005A
:10961000000000000000000000000000000000004A
:109620000000000000000000000000000C001C0012
:1096300010001000080004000000000000000000FE
:10964000000000000000000000000000000000001A
:10965000FE07000000000000000000000000000005
:1096600000000000000000000000000000000000FA
:1096700000000000000000000000000000000000EA
:109680000000000000000000000000001C001C00A2
:109690001C000000000000000000000000040006A4
:1096A0000002000300010001800080004000400033
:1096B00060002000200010001000080008000C00CE
:1096C000040006000200000000000000000000008E
:1096D0000000F00098010C030C03060606060606BF
:1096E000060606060606060606060C030C03980187
:1096F000F00000000000000000000000000000007A
:10970000000040007C0060006000600060006000BD
:109710006000600060006000600060006000600049
:10972000FC0300000000000000000000000000003A
:109730000000F80084010203060306030003000191
:109740008001C00060002000100008020402060230
:10975000FE03000000000000000000000000000008
:1097600000007800C6008601860180018001C000EB
:109770007000800100010003000306030603860158
:10978000F8000000000000000000000000000000E1
:10979000000080018001C001A001A00190018801AA
:1097A000880184018201FE0F800180018001800117
:1097B000E0070000000000000000000000000000C2
:1097C0000000FC0304000400040004000400F40092
:1097D0008C010403000300030603060382018401D5
:1097E000F800000000000000000000000000000081
:1097F0000000E00118030C030C0004000600E60161
:1098000016030E0606060606060604060C021803D4
:10981000F000000000000000000000000000000058
:109820000000F8070C06040204010001000180009A
:109830008000400040004000600060006000600068
:1098400060000000000000000000000000000000B8
:109850000000F8010C030606060606060C021C03AF
:10986000F000C8010C0306060606060606060C03F1
:10987000F0010000000000000000000000000000F7
:109880000000F0000C010C030602060606060606A0
:1098900006078C0678060006000300030C018C0105
:1098A0007800000000000000000000000000000040
:1098B000000000000000000000000000E000E000E8
:1098C000E00000000000000000000000E000E000F8
:1098D000E0000000000000000000000000000000A8
:1098E00000000000000000000000000060006000B8
:1098F0000000000000000000000000000000600008
:109900006000400020002000000000000000000077
:109910000004000200018000400020001000080048
:109920000400080010002000400080000001000238
:109930000004000000000000000000000000000023
:10994000000000000000000000000000FE07000012
:1099500000000000FE070000000000000000000002
:1099600000000000000000000000000000000000F7
:1099700004000800100020004000800000010002E8
:1099800000040002000180004000200010000800D8
:1099900004000000000000000000000000000000C3
:1099A0000000E0031806040C040C0C0C0C0C00075F
:1099B000800140004000400000000000E000E000A6
:1099C000E0000000000000000000000000000000B7
:1099D000E00018030C02CC0564056605A605B60474
:1099E000B604B604B604B602E4010C040C02180373
:1099F000F000000000000000000000000000000077
:109A00000000600060005000D000900090008800CE
:109A100088010801F801040304030402020202069B
:109A20000F0F000000000000000000000000000018
:109A30000000FE008C030C030C030C030C038C01D0
:109A4000FC000C030C020C060C060C060C060C03A6
:109A5000FE01000000000000000000000000000007
:109A60000000E00318030C060C04040406000600C2
:109A7000060006000600060006040C040C0218038B
:109A8000F0000000000000000000000000000000E6
:109A900000007F008C010C030C030C060C060C0666
:109AA0000C060C060C060C060C060C030C038C01B1
:109AB0007F00000000000000000000000000000027
:109AC0000000FF0306030604060406008600860065
:109AD000FE008600860086000600060406040602D4
:109AE000FF03000000000000000000000000000074
:109AF0000000FF0306030604060406008600860035
:109B0000FE008600860086000600060006000600AD
:109B10001F00000000000000000000000000000026
:109B20000000F00018010C020C02040206000600FE
:109B300006000600C60F060306030C030C031803F9
:109B4000F000000000000000000000000000000025
:109B500000000F0F0606060606060606060606069F
:109B6000FE0706060606060606060606060606069C
:109B70000F0F0000000000000000000000000000C7
:109B80000000FC0360006000600060006000600096
:109B900060006000600060006000600060006000C5
:109BA000FC030000000000000000000000000000B6
:109BB0000000F807C000C000C000C000C000C00026
:109BC000C000C000C000C000C000C000C000C00095
:109BD000C000C60066003C0000000000000000005D
:109BE0000000CF038601C60046002600160036009E
:109BF0002E006E004600C6008600860106010603A0
:109C00008F070000000000000000000000000000BE
:109C100000001F0006000600060006000600060001
:109C200006000600060006000600060406040602FA
:109C3000FF03000000000000000000000000000022
:109C400000000707860386038E038E034E034E0330
:109C50004A035A035A033A0332033203320312030C
:109C60008707000000000000000000000000000066
:109C700000008E0F0C021C021C023402340264022B
:109C800064024402C40284028403840304030403C0
:109C90001F020000000000000000000000000000A3
:109CA0000000F00098010C030C02060606060606EA
:109CB000060606060606060606060C020C039801B2
:109CC000F0000000000000000000000000000000A4
:109CD0000000FF0006030606060606060606060640
:109CE0008603FE00060006000600060006000600C9
:109CF0001F00000000000000000000000000000045
:109D00000000F00098010C030C0206060606060689
:109D1000060606060606060676064C02CC039801E1
:109D2000F0008007000300000000000000000000B9
:109D30000000FF01060306060606060606060603E1
:109D4000FE004600C60086008601060306030606DE
:109D50000F0E0000000000000000000000000000E6
:109D60000000F8020C030602060206000E003C008A
:109D7000F800E003800300070206020606060C0353
:109D8000F0010000000000000000000000000000E2
:109D90000000FE0762046108610860006000600066
:109DA00060006000600060006000600060006000B3
:109DB000F8010000000000000000000000000000AA
:109DC00000001E070C020C020C020C020C020C021A
:109DD0000C020C020C020C020C020C020C02180108
:109DE000F000000000000000000000000000000083
:109DF00000000F070602040104010C010C01880099
:109E0000880098009800500050007000300020003A
:109E10002000000000000000000000000000000022
:109E20000000F70E62044204460446046402640221
:109E3000E402E4029C029C019801980188018800D8
:109E4000880000000000000000000000000000008A
:109E500000009E070C01080118019000B00060008E
:109E6000200060006000D000900088010801040319
:109E70008E0700000000000000000000000000004D
:109E800000000F0F060404020C0208011801B800BC
:109E9000B000700060006000600060006000600062
:109EA000F8010000000000000000000000000000B9
:109EB0000000FC070C020603020180018000400044
:109EC0004000200020001000180008040C040402C8
:109ED000FE0300000000000000000000E00320007E
:109EE0002000200020002000200020002000200072
:109EF0002000200020002000200020002000200062
:109F000020002000E003000000000000000000002E
:109F100004000400080008001000100010002000D9
:109F2000200040004000C0008000800000010001CF
:109F30000002000200020004000000007C0040005B
:109F40004000400040004000400040004000400011
:109F50004000400040004000400040004000400001
:109F6000400040007C0000000000600090000801FC
:109F700000000000000000000000000000000000E1
:109F800000000000000000000000000000000000D1
:109F900000000000000000000000000000000000C1
:109FA00000000000000000000000000000000000B1
:109FB00000000000000000000000000000000000A1
:109FC000000000000000FF0F00000000180060000B
:109FD0000000000000000000000000000000000081
:109FE0000000000000000000000000000000000071
:109FF0000000000000000000000000000000000061
:10A00000000000000000000000000000F0010C0350
:10A010000C030003E0031C030E03060306038E0B70
:10A020007C0E0000000000000000000000000000A6
:10A0300008000E000C000C000C000C00CC013C03CE
:10A040001C060C060C060C060C060C060C021C0367
:10A05000E40100000000000000000000000000001B
:10A06000000000000000000000000000F0008C0173
:10A070008C01860106000600060006020C020C0197
:10A08000F0000000000000000000000000000000E0
:10A090000002C003000300030003000378038C03E5
:10A0A0000C030603060306030603060304038C07DA
:10A0B0007801000000000000000000000000000027
:10A0C000000000000000000000000000E001180394
:10A0D00008020C060C06FC070C000C001804180201
:10A0E000E00100000000000000000000000000008F
:10A0F0000000C0036006300630003000FE01300072
:10A1000030003000300030003000300030003000CF
:10A11000FC01000000000000000000000000000042
:10A12000000000000000000000000000F007D8065A
:10A130008C018C018C019801F8000C00FC00CC0310
:10A14000060306038E03F800000000000000000074
:10A1500008000E000C000C000C000C00EC011C03AD
:10A160000C030C030C030C030C030C030C030C0377
:10A170009E0700000000000000000000000000003A
:10A180000000600060000000000040007C006000F3
:10A1900060006000600060006000600060006000BF
:10A1A000FC030000000000000000000000000000B0
:10A1B0000000C001C001000000000001F0018001AA
:10A1C0008001800180018001800180018001800187
:10A1D00080018001CC007C00000000000000000035
:10A1E00008000E000C000C000C000C008C038C000E
:10A1F0008C004C006C005C008C008C010C010C038A
:10A200009E070000000000000000000000000000A9
:10A2100040007C0060006000600060006000600042
:10A22000600060006000600060006000600060002E
:10A23000FC0300000000000000000000000000001F
:10A240000000000000000000000000003707EE06DC
:10A25000660666066606660666066606660666069E
:10A26000FF0F0000000000000000000000000000E0
:10A27000000000000000000000000000EE011C03D0
:10A280000C030C030C030C030C030C030C030C0356
:10A290009E07000000000000000000000000000019
:10A2A000000000000000000000000000F000980125
:10A2B0000C03060606060606060606060C030C0335
:10A2C000F00000000000000000000000000000009E
:10A2D000000000000000000000000000EE011C0370
:10A2E0000C060C060C060C060C060C060C031C03D4
:10A2F000EC010C000C003E0000000000000000001B
:10A3000000000000000000000000000078028C0344
:10A310000C030603060306030603060304038C036B
:10A32000780300030003C0070000000000000000E5
:10A330000000000000000000000000009F0358061D
:10A340003806180018001800180018001800180027
:10A35000FF000000000000000000000000000000FE
:10A36000000000000000000000000000F0031C03DB
:10A370000C020C023800F000C003040304038C0339
:10A38000FC010000000000000000000000000000D0
:10A39000000000002000200030003000FE013000EE
:10A3A0003000300030003000300030003002300229
:10A3B000E0010000000000000000000000000000BC
:10A3C0000000000000000000000008028E030C03E3
:10A3D0000C030C030C030C030C030C030C039C0771
:10A3E00078010000000000000000000000000000F4
:10A3F0000000000000000000000000001E070C022A
:10A400000801080118019000B000B0006000600071
:10A41000200000000000000000000000000000001C
:10A42000000000000000000000000000F70E6204C1
:10A43000460464026402EC029C01980198019801B0
:10A440000800000000000000000000000000000004
:10A45000000000000000000000000000BC07180120
:10A460001001B00060006000E000900008010803E7
:10A470009E07000000000000000000000000000037
:10A480000000000000000000000000009E0708011E
:10A490000801080190009000B000600060006000BA
:10A4A0002000200024001C0000000000000000002C
:10A4B000000000000000000000000000FC0184011A
:10A4C000C4004400600020003000180208020C03A1
:10A4D000FC010000000000000000000000038000FC
:10A4E00080008000800080008000800080004000AC
:10A4F00020004000800080008000800080008000FC
:10A500008000800000030000400040004000400048
:10A51000400040004000400040004000400040003B
:10A52000400040004000400040004000400040002B
:10A530004000400040004000000000000C001000FF
:10A54000100010001000100010001000100020007B
:10A55000400020001000100010001000100010003B
:10A56000100010000C00000000001C002204C204B7
:10A570008003000000000000000000000000000058
:10A5800000000000000000000000000000000000CB
:10A5900000000000000000000000000000000000BB
:10A5A00000000000000000000000000000000000AB
:10A5B000000000000000000000000000000000009B
:10A5C000000000000000000000000000000000008B
:10A5D000000000000000000000000000000000007B
:10A5E0000000C001C001C001C001C001C001C00124
:10A5F00080008000800080008000800080000000DB
:10A600000000000000008001C003C00380010000C2
:10A610000000000000000000000000000000E01C3E
:10A62000E01CF01E700E38071803080184000000BB
:10A63000000000000000000000000000000000001A
:10A64000000000000000000000000000000000000A
:10A6500000000000000000000000000000000000FA
:10A660000000000020102010201020102010FE7F7D
:10A67000FE7F1008100810081008100810081008B5
:10A68000FE7FFE7F08040804080408040804000094
:10A6900000000000000000000000000000000000BA
:10A6A00000010001C007601910311831183918393C
:10A6B00038017001E001C0038007000F001D003960
:10A6C00000311C311C310C310C11180DE007000158
:10A6D0000001000100000000000000000000000078
:10A6E000000000001C1036186308630C6304630448
:10A6F000630263026301361D9C37802280634063DE
:10A70000406320632063306310221836081C000069
:10A710000000000000000000000000000000000039
:10A7200000000000F00098018C018C018C018C016C
:10A730008C00CC007800183E1C08360832086304F0
:10A740006304C304C303834306438E26781C0000BE
:10A7500000000000000000000000000000001C00DD
:10A760003C003C003000300010000C0006000000EF
:10A7700000000000000000000000000000000000D9
:10A7800000000000000000000000000000000000C9
:10A790000000000000000000000000000000004079
:10A7A000002000100008000C000400060003000355
:10A7B000000380018001800180018001800180010F
:10A7C000800100030003000300060006000C0008DF
:10A7D0000010002000400000000000000000020007
:10A7E000040008001000300020006000C000C0001D
:10A7F000C000800180018001800180018001800112
:10A800008001C000C000C000600060003000100087
:10A81000080004000200000000000000000000002A
:10A820000000000000000000000180038003000120
:10A830001C713C79783DC0070001C007783D3C7928
:10A840001C710001800380038001000000000000F3
:10A8500000000000000000000000000000000000F8
:10A8600000000000000000000000000100010001E5
:10A870000001000100010001FC7F00010001000156
:10A8800000010001000100010000000000000000C4
:10A8900000000000000000000000000000000000B8
:10A8A00000000000000000000000000000000000A8
:10A8B0000000000000000000000000000000000098
:10A8C00000000000000000001C003C003C003000C4
:10A8D000300010000C000600000000000000000026
:10A8E0000000000000000000000000000000000068
:10A8F0000000000000000000FE7F000000000000DB
:10A900000000000000000000000000000000000047
:10A910000000000000000000000000000000000037
:10A920000000000000000000000000000000000027
:10A930000000000000000000000000000000000017
:10A9400000000000000018003C003C00180000005F
:10A9500000000000000000000000000000000040B7
:10A96000006000200030001000180008000C0004F7
:10A97000000600020003000180018000C0004000CA
:10A980006000200030001000180008000C000400D7
:10A9900006000200000000000000000000000000AF
:10A9A00000000000C007600C301818301830182064
:10A9B0000C600C600C600C600C600C600C600C6037
:10A9C0000C601820183018303018600CC0070000D8
:10A9D0000000000000000000000000000000000077
:10A9E0000000000000018001F80180018001800169
:10A9F000800180018001800180018001800180014F
:10AA000080018001800180018001C003F81F0000E7
:10AA10000000000000000000000000000000000036
:10AA200000000000E007101C0818043004300C304F
:10AA30000C30003000180008000400020001800003
:10AA400040002020102008200430FC1FFC1F0000C4
:10AA500000000000000000000000000000000000F6
:10AA600000000000E003180E0C0C0C180C180C1859
:10AA70000018000C0006C003000E00180010003083
:10AA800000300C300C300C100C18180CE0030000D7
:10AA900000000000000000000000000000000000B6
:10AAA00000000000000C000E000E000F800E800E53
:10AAB000400E600E200E100E100E080E040E040E36
:10AAC000FE7F000E000E000E000E000E000EC07F76
:10AAD0000000000000000000000000000000000076
:10AAE00000000000F03FF03F1000100010000800D0
:10AAF0000800C807280C1818081000300030003073
:10AB000000300C300C3004180418080CF00300005E
:10AB10000000000000000000000000000000000035
:10AB200000000000800FC010203010301800180006
:10AB300008000C008C0F6C183C301C600C600C6022
:10AB40000C600C601860182030306018C0070000DE
:10AB500000000000000000000000000000000000F5
:10AB600000000000F83FF83F1C100C080408040423
:10AB700000040002000200010001000180008000CA
:10AB80008000C000C000C000C000C000C0000000C5
:10AB900000000000000000000000000000000000B5
:10ABA00000000000E007300C18180C300C300C309E
:10ABB0001C3038187008E007B007180E0C1C063857
:10ABC00006300630063006300C18180CE003000082
:10ABD0000000000000000000000000000000000075
:10ABE00000000000E00318040C080C1806100630E2
:10ABF00006300630063006380C3C1836F03100308E
:10AC00000018001800180C0C0C060C03F0010000D2
:10AC10000000000000000000000000000000000034
:10AC20000000000000000000000000000000000024
:10AC300000008001C003C00380010000000000008C
:10AC40000000000000008001C003C003800100007C
:10AC500000000000000000000000000000000000F4
:10AC600000000000000000000000000000000000E4
:10AC70000000C000C0000000000000000000000054
:10AC800000000000000000000000C000C0008000C4
:10AC900080004000400000000000000000000000B4
:10ACA00000000020001000080004000600038001DE
:10ACB000C0006000300018000C0018003000600078
:10ACC000C0008001000300060004000800100020FE
:10ACD0000000000000000000000000000000000074
:10ACE0000000000000000000000000000000000064
:10ACF0000000FE7F00000000000000000000FE7F5A
:10AD00000000000000000000000000000000000043
:10AD10000000000000000000000000000000000033
:10AD2000000004000800100020006000C000800146
:10AD300000030006000C001800300018000C00068C
:10AD400000038001C0006000200010000800040023
:10AD500000000000000000000000000000000000F3
:10AD60000000C0073018083008600C601C601C60D0
:10AD70001C600030001C0006000180008000800084
:10AD80008000000000008001C003C00380010000BB
:10AD900000000000000000000000000000000000B3
:10ADA00000000000C0076018103018200C2F8C4DD8
:10ADB000864CC64CC64C664C66446644662666267F
:10ADC0006615CC1C0C40082018303018C007000055
:10ADD0000000000000000000000000000000000073
:10ADE00000000001C001C001C00140016003200358
:10ADF000200320033006100610061006F80F080C7A
:10AE0000080C080C0C0C0418041806181F7C000011
:10AE10000000000000000000000000000000000032
:10AE200000000000FE07181C1838183018301830C1
:10AE300018301818180CF80718181830182018604F
:10AE4000186018601860186018301818FE0F00009D
:10AE500000000000000000000000000000000000F2
:10AE600000000000C0276038103018200C400C4053
:10AE700004000600060006000600060006000600A4
:10AE800006000C400C400C2018303018C0070000A1
:10AE900000000000000000000000000000000000B2
:10AEA00000000000FE03180E181818301830183073
:10AEB00018601860186018601860186018601860D2
:10AEC00018601830183018101818180EFE030000FB
:10AED0000000000000000000000000000000000072
:10AEE00000000000FE3F18301820186018401800BD
:10AEF00018081808180CF80F180C1808180818006B
:10AF0000180018001840184018201830FE3F0000A4
:10AF10000000000000000000000000000000000031
:10AF200000000000FE7F1870184018C0188018003C
:10AF3000181018101818F81F1818181018101800E2
:10AF40001800180018001800180018007E000000F3
:10AF500000000000000000000000000000000000F1
:10AF600000000000C013701C101018100C200C20E2
:10AF700004000600060006000600060006FC063077
:10AF800006300C300C30183018303008C007000084
:10AF900000000000000000000000000000000000B1
:10AFA000000000003F7E0C180C180C180C180C1830
:10AFB0000C180C180C180C18FC1F0C180C180C187A
:10AFC0000C180C180C180C180C180C183F7E0000EC
:10AFD0000000000000000000000000000000000071
:10AFE00000000000F81F80018001800180018001C5
:10AFF0008001800180018001800180018001800149
:10B00000800180018001800180018001F81F000023
:10B010000000000000000000000000000000000030
:10B0200000000000E07F00060006000600060006A3
:10B0300000060006000600060006000600060006E0
:10B0400000060006000600060006000600060006D0
:10B050000E060E038E01FC00000000000000000040
:10B06000000000007E7C1818180818041806180242
:10B07000180198019801D801B80338031807180679
:10B08000180E180C181C1818183018307EFC000008
:10B0900000000000000000000000000000000000B0
:10B0A000000000007E0018001800180018001800AA
:10B0B00018001800180018001800180018001800D0
:10B0C000180018001840184018201830FE3F0000E3
:10B0D0000000000000000000000000000000000070
:10B0E000000000001FF81C381C381C381C3C34348D
:10B0F0003434343434367432643264326432643119
:10B10000C431C431C431C430C43084309FFC000029
:10B11000000000000000000000000000000000002F
:10B12000000000001F7C1C103C1034103410741000
:10B130006410E410C410C4118411841304130417A0
:10B140000416041E041C041C041C04181F18000010
:10B1500000000000000000000000000000000000EF
:10B1600000000000C003300C181808100C300C3020
:10B17000066006600660066006600660066006609F
:10B1800006600C200C3008101818300CC0030000AA
:10B1900000000000000000000000000000000000AF
:10B1A00000000000FE0F18181830186018601860B2
:10B1B0001860186018301818F80F180018001800D8
:10B1C0001800180018001800180018007E00000071
:10B1D000000000000000000000000000000000006F
:10B1E00000000000C003300C18180C100C300C20AC
:10B1F000066006600660066006600660066006601F
:10B200000660E4612C331C321816300EC007004C67
:10B21000007C00380000000000000000000000007A
:10B2200000000000FE07181C1838183018301830BD
:10B2300018301818180CF807980318031807180680
:10B240001806180E180C180C181C18187E78000018
:10B2500000000000000000000000000000000000EE
:10B2600000000000E027303818300C200C200C00C3
:10B270000C0018007800E003800F001E00380070FA
:10B28000006004600460086018303818C80F0000BF
:10B2900000000000000000000000000000000000AE
:10B2A00000000000FC3F8C218461824182418001CA
:10B2B0008001800180018001800180018001800186
:10B2C000800180018001800180018001E007000091
:10B2D000000000000000000000000000000000006E
:10B2E000000000003F7C0C100C100C100C100C1017
:10B2F0000C100C100C100C100C100C100C100C106E
:10B300000C100C100C100C1008083804E00300009E
:10B31000000000000000000000000000000000002D
:10B32000000000003EF818201820182030103010BF
:10B3300030103010600860086008E00CC004C004E1
:10B34000C00480038003800380030001000100002B
:10B3500000000000000000000000000000000000ED
:10B3600000000000DFF38661862186218C210C21FC
:10B370008C238C138C138C134C1358125816580EA4
:10B38000380E380E380E300C100410041004000073
:10B3900000000000000000000000000000000000AD
:10B3A000000000007E3E18083808300430047002A7
:10B3B0006002E001C001C00180018003400340073A
:10B3C00020062006100C100C081808183E7C0000FF
:10B3D000000000000000000000000000000000006D
:10B3E000000000007E7C1C10181018083008300C7B
:10B3F000700460046002C002C002C00180018001CC
:10B40000800180018001800180018001E00700004F
:10B41000000000000000000000000000000000002C
:10B4200000000000F83F18180818040C040E00066D
:10B430000007000380038001C001C000E00060003D
:10B4400070003000382018201C100C18FE1F00005F
:10B450000000000000000000000000000000C03FED
:10B4600040004000400040004000400040004000DC
:10B4700040004000400040004000400040004000CC
:10B4800040004000400040004000400040004000BC
:10B490004000C03F0000000000000000000000006D
:10B4A00000000800180018001000300020006000A4
:10B4B00060004000C00080008001800100010003A6
:10B4C0000002000600060004000C00080018001826
:10B4D0000010003000200000000000000000FC030D
:10B4E000000200020002000200020002000200024C
:10B4F000000200020002000200020002000200023C
:10B50000000200020002000200020002000200022B
:10B510000002FC03000000000000000000008007A3
:10B52000C00620081010000000000000000000000D
:10B53000000000000000000000000000000000000B
:10B5400000000000000000000000000000000000FB
:10B5500000000000000000000000000000000000EB
:10B5600000000000000000000000000000000000DB
:10B5700000000000000000000000000000000000CB
:10B5800000000000000000000000000000000000BB
:10B59000000000000000FFFF000000000000780035
:10B5A000C0000001000000000000000000000000DA
:10B5B000000000000000000000000000000000008B
:10B5C000000000000000000000000000000000007B
:10B5D000000000000000000000000000000000006B
:10B5E000000000000000000000000000000000005B
:10B5F0000000F00318060C0C0C0C000C800F700CF3
:10B600001C0C0C0C060C060C064C0C4FF8380000F9
:10B61000000000000000000000000000000000002A
:10B62000000010001E001800180018001800180074
:10B630001800180FD8183830386018601860186073
:10B64000186018601860182038307818C807000093
:10B6500000000000000000000000000000000000EA
:10B6600000000000000000000000000000000000DA
:10B670000000C007700C181818180C180C000C00EB
:10B680000C000C000C20182018103008C007000017
:10B6900000000000000000000000000000000000AA
:10B6A00000000010001E00180018001800180018F4
:10B6B0000018E01B301C181818180C180C180C185F
:10B6C0000C180C180C180818181C307AE009000027
:10B6D000000000000000000000000000000000006A
:10B6E000000000000000000000000000000000005A
:10B6F0000000C007300C181808100C300C30FC3F4C
:10B700000C000C000C00182018107018C007000066
:10B710000000000000000000000000000000000029
:10B7200000000000003E80C380C0C0C0C000C00058
:10B73000C000FC1FC000C000C000C000C000C000AE
:10B74000C000C000C000C000C000C000F80F000072
:10B7500000000000000000000000000000000000E9
:10B7600000000000000000000000000000000000D9
:10B770000000C077306C1018181818181818101816
:10B78000300CF00718001800F00FF03F08700C6044
:10B790000C600C603838E00F000000000000000072
:10B7A000000010001E0018001800180018001800F3
:10B7B0001800980FD8183830183018301830183052
:10B7C0001830183018301830183018307EFC00004F
:10B7D0000000000000000000000000000000000069
:10B7E00000000000800380038003000000000000D0
:10B7F0000001F80180018001800180018001800149
:10B80000800180018001800180018001F81F00001B
:10B810000000000000000000000000000000000028
:10B820000000000000380038003800000000000070
:10B830000010801F001800180018001800180018C9
:10B840000018001800180018001800180018001838
:10B850000018180C1806F00300000000000000009B
:10B86000000010001E001800180018001800180032
:10B870001800183E180C1806180318019801D80172
:10B88000380318071806180C181C18187E7C0000BE
:10B8900000000000000000000000000000000000A8
:10B8A00000000001F8018001800180018001800119
:10B8B0008001800180018001800180018001800180
:10B8C000800180018001800180018001F81F00005B
:10B8D0000000000000000000000000000000000068
:10B8E0000000000000000000000000000000000058
:10B8F0000800EE1C9C338C318C318C318C318C31B6
:10B900008C318C318C318C318C318C31DE7B000070
:10B910000000000000000000000000000000000027
:10B920000000000000000000000000000000000017
:10B9300010001E0FD8183830183018301830183052
:10B940001830183018301830183018307EFC0000CD
:10B9500000000000000000000000000000000000E7
:10B9600000000000000000000000000000000000D7
:10B970000000C007701C103018300C600C600C60A8
:10B980000C600C600C60183018303018C0070000D4
:10B9900000000000000000000000000000000000A7
:10B9A0000000000000000000000000000000000097
:10B9B00010009E0F58183830182018601860186052
:10B9C0001860186018601830383078189807180018
:10B9D0001800180018007E000000000000000000A1
:10B9E0000000000000000000000000000000000057
:10B9F0000000C023303C183818300C300C300C30AC
:10BA00000C300C300C3008301838303CE03300304B
:10BA100000300030003000FC00000000000000009A
:10BA20000000000000000000000000000000000016
:10BA300060007E3C60666061E000E00060006000E5
:10BA4000600060006000600060006000FE070000B1
:10BA500000000000000000000000000000000000E6
:10BA600000000000000000000000000000000000D6
:10BA70000000E02730381830182018007000E0036C
:10BA8000800F001C043004300C301C18EC0F000038
:10BA900000000000000000000000000000000000A6
:10BAA0000000000000000000800080008000C00056
:10BAB000E000FC1FC000C000C000C000C000C0000B
:10BAC000C000C000C000C020C0208011000F0000D6
:10BAD0000000000000000000000000000000000066
:10BAE0000000000000000000000000000000000056
:10BAF00010201E3C1830183018301830183018300C
:10BB00001830183018301830183830F4E0130000AE
:10BB10000000000000000000000000000000000025
:10BB20000000000000000000000000000000000015
:10BB300000007E3C181818083808300430047002E1
:10BB400060026002E001C001C001C000800000008E
:10BB500000000000000000000000000000000000E5
:10BB600000000000000000000000000000000000D5
:10BB70000000DFF78E630C238C238C23981398131B
:10BB800058165816700E700E700E20042004000017
:10BB900000000000000000000000000000000000A5
:10BBA0000000000000000000000000000000000095
:10BBB0000000FC3E70087004E004C002C001800375
:10BBC000800340076006200C100C18183E7E000011
:10BBD0000000000000000000000000000000000065
:10BBE0000000000000000000000000000000000055
:10BBF00000007E7C181818083008300830046004F3
:10BC00006004C002C002C002800180018001800087
:10BC1000800080004C003C0000000000000000009C
:10BC20000000000000000000000000000000000014
:10BC30000000FC1F0C0C040E0406000380038001AE
:10BC4000C000E0007020302038301C18FC1F0000BD
:10BC500000000000000000000000000000000030B4
:10BC600000080004000400040004000400040004B0
:10BC7000000400040004000280010002000400042B
:10BC80000004000400040004000400040004000494
:10BC90000004000800300000000100010001000164
:10BCA000000100010001000100010001000100018C
:10BCB000000100010001000100010001000100017C
:10BCC000000100010001000100010001000100016C
:10BCD00000010001000100010000000000000C0054
:10BCE0001000200020002000200020002000200064
:10BCF00020002000200040008001400020002000A3
:10BD00002000200020002000200020002000200033
:10BD1000200010000C00000000003800C400864025
:10BD200002610022001C0000000000000000000072
:10BD30000000000000000000000000000000000003
:10BD400000000000000000000000000000000000F3
:10BD50000000000000000000302E393620696E63BC
:10BD600068000000312E313420696E6368000000E5
:10BD7000312E343720696E6368000000322E303077
:10BD800020696E63680000003F0000006465630086
:10BD90006964000072756E74696D650068656C7029
:10BDA000000000006C697374000000006865780092
:10BDB000696E7420526561645F456E636F6465727D
:10BDC0002875696E74385F742054494D58290000F5
:10BDD000766F69642048414C5F54494D365F746FFB
:10BDE00067676C655F495428766F696429000000B5
:10BDF000766F696420746F67676C655F466C616716
:10BE00005F53746F7028766F69642900766F696478
:10BE10002077726974655F616464722875696E74F5
:10BE200033325F7420616464722C2075696E7433E0
:10BE3000325F742076616C290000000075696E74B1
:10BE400033325F7420726561645F61646472287567
:10BE5000696E7433325F742061646472290000007B
:10BE6000766F6964205365745F50776D28696E74CE
:10BE7000206D6F746F725F6C6566742C20696E74D0
:10BE8000206D6F746F725F726967687429000000BB
:10BE9000766F6964205365745F5461726765745F7F
:10BEA00056656C6F6369747928696E742054617289
:10BEB0006765745F56656C6F63697479290000006B
:10BEC0004C616E677561676500000000496E666FC2
:10BED0000000000053657474696E67730000000011
:10BEE0004272696768746E6573730000436F6E74A5
:10BEF000726173740000000041626F75740000008D
:10BF00004D61696E204D656E750000002CBF000804
:10BF100000000020640300007E07000854C00008F1
:10BF2000640300201C1B0000744700085201237AA0
:10BF3000461BF0420442412240021C208B64032035
:10BF40001B68060C450402400819085A10084921CC
:10BF50001B02404C0111497449083930419324F4C3
:10BF60001358BD12081303A02A506C190C140103B6
:10BF7000F032871A700C3602034001AC1A7C0C1A9E
:10BF8000030C32F01A94B01AA00419181B20B8043C
:10BF90001508C878A86CC070A0042D1A1A010104F5
:10BFA0004906180A1A1A3434282835352801290672
:10BFB000253434222229044906490AC11A886C1AF8
:10BFC0009C041AA4041A90041AAC041A8C041A943F
:10BFD0000413DD7614083CBE140859881B080C08AD
:10BFE00013793D1B08600813E9321B08B020137158
:10BFF000781B08F00813F9201B08D0081AF5201A3E
:10C0000090201340011420117F1B08BD201351798B
:10C010001B08490C220702FF01011102136424FFCF
:10C02000FF0112BF1408953202100813D4BE0C1081
:10C03000081D3E181ACC180B10652D181AF8180B8D
:10C0400010D507181AE01801140A15EC180A15C0C3
:04C050001841000093
:040000050800018965
:00000001FF
